k	term	gloss	blind	missing
w0002	2nd - second	שני	שני | שנייה	2:שנייה
w0003	3rd - third	שלישי	שלישי | שליש	2:שליש
w0004	able	יכול, מסוגל	מסוגל | מוכשר	2:מוכשר
w0005	about	ליד, בערך; אודות	על | בערך	1:על
w0006	absolutely	לחלוטין	לחלוטין | בהחלט	2:בהחלט
w0009	against	כנגד, ממול	נגד	1:נגד
w0012	alone	לבד	לבד | בודד	2:בודד
w0015	and	ו-	ו	1:ו
w0019	answer	תשובה	תשובה | לענות	2:לענות
w0020	area	אזור, תחום	אזור | תחום | שטח	3:שטח
w0024	as	כאשר, כש-; כמו	כמו | כפי ש	2:כפי ש
w0025	ask	לשאול	לשאול | לבקש	2:לבקש
w0026	at	אצל, ב-	ב	1:ב
w0029	attack	לתקוף, מתקפה	התקפה | לתקוף	1:התקפה
w0030	because	כי, מפני ש-, משום ש-	כי | מפני ש	2:מפני ש
w0034	behind	מאחורי; ישבן	מאחורי | באיחור	2:באיחור
w0035	best	הכי טוב	טוב	1:טוב
w0036	better	טוב יותר	טוב | לשפר	1:טוב | 2:לשפר
w0042	bought	קנה	לקנות	1:לקנות
w0044	break	לשבור	לשבור | הפסקה	2:הפסקה
w0046	burn	לשרוף, להישרף	לשרוף | לבעור	2:לבעור
w0047	but	אך, אבל; מלבד, חוץ מ-	אבל | אלא	2:אלא
w0048	by	ליד, בסמוך ל-; עד, לא יאוחר מ-; באמצעות, על-ידי	על ידי | ליד	1:על ידי
w0049	call	לקרוא, להתקשר	להתקשר | לקרוא | שיחה	3:שיחה
w0052	center	מרכז	מרכז | למקד	2:למקד
w0053	chance	סיכוי	סיכוי | הזדמנות	2:הזדמנות
w0054	check	לבדוק	לבדוק | צ'ק | חשבון	2:צ'ק | 3:חשבון
w0056	children	ילדים	ילד	1:ילד
w0057	church	כנסיה	כנסייה	1:כנסייה
w0060	club	מועדון	מועדון | אלה	2:אלה
w0061	code	קוד	קוד | לתכנת	2:לתכנת
w0062	cold	קר, התקררות	קר | הצטננות	2:הצטננות
w0064	company	חברה	חברה | פלוגה	2:פלוגה
w0065	contact	ליצור קשר, מגע	קשר | ליצור קשר | איש קשר	1:קשר | 3:איש קשר
w0067	control	לוח בקרה, פיקוח; שליטה, לשלוט	שליטה | לשלוט | בקרה	3:בקרה
w0068	cool	לצנן, צונן	קריר | מגניב | קר רוח	1:קריר | 2:מגניב | 3:קר רוח
w0069	crime	פשע	פשע | עבירה	2:עבירה
w0070	dance	לרקוד	לרקוד | ריקוד	2:ריקוד
w0074	deal	עסקה; להתמודד	עסקה | לטפל	2:לטפל
w0075	death	מוות	מוות | פטירה	2:פטירה
w0077	die	מת, למות	למות | קוביה	2:קוביה
w0081	different from	שונה מ-	שונה מ	1:שונה מ
w0084	done	גמור, עשוי	לעשות | גמור | מוכן	1:לעשות | 3:מוכן
w0085	down	למטה	למטה | מדוכא	2:מדוכא
w0091	energy	אנרגיה, כוח	אנרגיה | מרץ	2:מרץ
w0096	every day	כל יום	כל יום | מדי יום	2:מדי יום
w0099	experience	ניסיון, לחוות	ניסיון | חוויה | לחוות	2:חוויה
w0101	face	פנים; לפנות אל, לעמוד מול; להתמודד עם, לעמוד בפני	פנים | להתמודד | לפנות	2:להתמודד | 3:לפנות
w0108	feel	להרגיש	להרגיש | תחושה	2:תחושה
w0109	feeling	הרגשה	הרגשה | רגש	2:רגש
w0110	few	מעט	מעט | מועט	2:מועט
w0111	fight, fought	להילחם, להיאבק; לריב	להילחם | קרב	2:קרב
w0113	find	למצוא	למצוא | מציאה	2:מציאה
w0115	first of all	ראשית	קודם כל	1:קודם כל
w0116	fix	לתקן	לתקן | פתרון	2:פתרון
w0117	fly	זבוב; לעוף	לטוס | זבוב | לעוף	1:לטוס
w0118	follow	לעקוב, לציית	לעקוב | להבין	2:להבין
w0119	force	לכפות; כוח	כוח | לאלץ	2:לאלץ
w0122	forward	קדימה, לפנים	קדימה | חלוץ	2:חלוץ
w0124	from	מ-	מ | מן	1:מ | 2:מן
w0126	full	מלא, למלא	מלא | שבע	2:שבע
w0127	future	עתיד	עתיד | עתידי	2:עתידי
w0129	gift	מתנה	מתנה | כישרון	2:כישרון
w0131	government	ממשל	ממשלה	1:ממשלה
w0132	great	גדול, מעולה	נהדר | גדול	1:נהדר
w0133	ground	בסיס, אדמה	קרקע | לבסס	1:קרקע | 2:לבסס
w0139	harder	קשה יותר	קשה | בחוזקה	1:קשה | 2:בחוזקה
w0152	human	אנושי	אנושי | אדם	2:אדם
w0153	human being	בן-אדם, אנוש	בן אדם | יצור אנושי	1:בן אדם | 2:יצור אנושי
w0161	in	ב-, בתוך	ב	1:ב
w0162	in a moment	בעוד רגע	עוד רגע | מיד	1:עוד רגע | 2:מיד
w0164	in front of	בחזית של, מול	לפני | מול	1:לפני
w0167	inside	בתוך, פנים	בפנים | פנים	1:בפנים
w0168	into	אל תוך	לתוך	1:לתוך
w0172	joke	בדיחה	בדיחה | להתלוצץ	2:להתלוצץ
w0173	jump	לקפוץ	לקפוץ | קפיצה	2:קפיצה
w0176	know, knew	לדעת, ידע	לדעת | להכיר	2:להכיר
w0178	late	מאוחר, לאחר	מאוחר | מנוח	2:מנוח
w0179	later	מאוחר יותר	אחר כך	1:אחר כך
w0180	laugh	לצחוק	לצחוק | צחוק	2:צחוק
w0182	left	שמאלה	שמאל | לעזוב	1:שמאל | 2:לעזוב
w0184	lie	לשקר, שֶקֶר	לשקר | לשכב | שקר	2:לשכב
w0185	light	אור; קל	אור | קל | להדליק	3:להדליק
w0186	like	כמו; לחבב, להעדיף	לאהוב | כמו	1:לאהוב
w0187	link	קישור, לקשר, חוליה	קשר | קישור | לחבר	1:קשר | 3:לחבר
w0188	list	רשימה, להכין רשימה	רשימה | לרשום	2:לרשום
w0193	made	עשה	לעשות | ליצור	1:לעשות | 2:ליצור
w0197	meeting	פגישה	פגישה | ישיבה	2:ישיבה
w0199	message	הודעה	הודעה | מסר	2:מסר
w0200	middle	אמצע	אמצע | אמצעי	2:אמצעי
w0202	mistake	טעות	טעות | לטעות	2:לטעות
w0203	mix	לערבב, ערבוב	לערבב | תערובת	2:תערובת
w0209	mouth	פה	פה | שפך	2:שפך
w0210	move	לזוז, לעבור	לזוז | לעבור | מהלך	3:מהלך
w0211	must	חייב, חובה, הכרח	חייב | צריך | הכרח	2:צריך
w0212	near	קרוב	קרוב | ליד	2:ליד
w0213	need	צריך, צורך	להזדקק | צורך	1:להזדקק
w0214	never	אף פעם	לעולם לא	1:לעולם לא
w0222	number	מספר	מספר | למנות	2:למנות
w0226	offer	הצעה, להציע	להציע | הצעה | מבצע	3:מבצע
w0227	often	לעיתים קרובות	לעתים קרובות | תכופות	1:לעתים קרובות | 2:תכופות
w0229	once	ברגע ש-; פעם (בעבר); פעם אחת	פעם | כאשר	2:כאשר
w0230	only	רק	רק | יחיד	2:יחיד
w0234	outside	חוץ; בחוץ	בחוץ | מחוץ ל	2:מחוץ ל
w0235	over	על, מעל; מחדש, שוב	מעל | נגמר	2:נגמר
w0236	own	משלו; בעלות על משהו	עצמי | להחזיק	1:עצמי | 2:להחזיק
w0237	pain	כאב, להכאיב	כאב | לכאוב	2:לכאוב
w0238	part	חלק	חלק | להיפרד	2:להיפרד
w0239	pass	לעבור, לחלוף; להעביר, למסור; לוותר (___ on)	לעבור | להעביר | מסירה	3:מסירה
w0240	past	עבר, שעבר	עבר | קודם | ליד	2:קודם | 3:ליד
w0241	pay	לשלם	לשלם | שכר	2:שכר
w0242	peace	שלום	שלום | שקט	2:שקט
w0243	people	אנשים	אנשים | עם	2:עם
w0246	person	אדם	אדם | גוף	2:גוף
w0249	place	מקום, למקם	מקום | להניח	2:להניח
w0250	plan	תכנית; לתכנן	תוכנית | לתכנן	1:תוכנית
w0252	planet	כוכב לכת	כוכב לכת | פלנטה	2:פלנטה
w0254	pool	בריכה	בריכה | מאגר | לאגד	2:מאגר | 3:לאגד
w0255	poor	עני, מסכן	עני | גרוע	2:גרוע
w0267	quick	זריז	מהיר | זריז	1:מהיר
w0269	rain	גשם	גשם | לרדת גשם	2:לרדת גשם
w0270	reason	סיבה; הגיון	סיבה | היגיון | לנמק	2:היגיון | 3:לנמק
w0272	relationship	מערכת יחסים	קשר	1:קשר
w0273	relax	להירגע	להירגע | לנוח	2:לנוח
w0274	report	דיווח, לדווח	דוח | לדווח	1:דוח
w0279	ride	רכיבה, לרכוב	לרכוב | נסיעה	2:נסיעה
w0280	right	ימינה; זכות	נכון | זכות | ימין	1:נכון | 3:ימין
w0281	ring	טבעת; זירה	טבעת | לצלצל	2:לצלצל
w0282	road	דרך	כביש | דרך	1:כביש
w0283	run, ran	לרוץ, רץ	לרוץ | לנהל | לזרום	2:לנהל | 3:לזרום
w0284	safe	בטוח	בטוח | כספת	2:כספת
w0285	salt	מלח	מלח | להמליח	2:להמליח
w0289	school	בית-ספר	בית ספר | להקה	1:בית ספר | 2:להקה
w0291	secret	סוד	סוד | סודי	2:סודי
w0295	service	שירות	שירות | לתחזק	2:לתחזק
w0297	short	קצר	קצר | נמוך	2:נמוך
w0298	show	הופעה; להראות	להראות | מופע | תוכנית	2:מופע | 3:תוכנית
w0299	side	צד, לצודד, לתמוך	צד | לצדד	2:לצדד
w0301	simple	פשוט	פשוט | תמים	2:תמים
w0302	since	מכיוון ש-; מאז	מאז | מכיוון ש	2:מכיוון ש
w0304	single	רווק; יחיד	יחיד | בודד | רווק	2:בודד
w0305	sir	אדון, תואר אצולה אנגלי	אדוני	1:אדוני
w0309	slow	איטי, לאט	איטי | להאט	2:להאט
w0311	snow	שלג	שלג | לרדת שלג	2:לרדת שלג
w0312	so	אז, כך ש-, ולכן; כל-כך, מאוד	אז | כל כך	2:כל כך
w0313	so that	כך ש-	כדי ש	1:כדי ש
w0316	soon	בהקדם, מוקדם	בקרוב	1:בקרוב
w0318	special	מיוחד	מיוחד | מבצע	2:מבצע
w0319	spend	לבזבז, לפזר; לבלות, להעביר	להוציא | לבלות	1:להוציא
w0320	stand	לעמוד	לעמוד | דוכן | עמדה	2:דוכן | 3:עמדה
w0321	star	כוכב, לככב	כוכב | כוכבית	2:כוכבית
w0322	start	להתחיל	להתחיל | התחלה	2:התחלה
w0324	step	צעד, לצעוד	צעד | מדרגה | לצעוד	2:מדרגה
w0330	stupid	טיפש	טיפשי | מטומטם	1:טיפשי | 2:מטומטם
w0331	suddenly	לפתע	פתאום	1:פתאום
w0332	sugar	סוכר	סוכר | מותק	2:מותק
w0335	surprise	הפתעה	הפתעה | להפתיע	2:להפתיע
w0336	sweet	מתוק, ממתק	מתוק | חמוד	2:חמוד
w0339	team	צוות	קבוצה	1:קבוצה
w0341	than	מ-	מאשר	1:מאשר
w0343	thanks to	תודות ל-	הודות ל	1:הודות ל
w0344	that	ש-	ש | ההוא	1:ש | 2:ההוא
w0350	through	דרך, מבעד	דרך | באמצעות	2:באמצעות
w0351	ticket	כרטיס	כרטיס | דוח	2:דוח
w0352	time	זמן	זמן | פעם	2:פעם
w0354	too	גם; יותר מידי	גם | מדי	2:מדי
w0356	trust	אמון, לבטוח	אמון | לבטוח | קרן נאמנות	3:קרן נאמנות
w0358	turn	לפנות, סיבוב	לפנות | תור | לסובב	2:תור | 3:לסובב
w0359	under	מתחת	מתחת | תחת	2:תחת
w0361	until	עד ש-	עד	1:עד
w0362	until now	עד עתה	עד עכשיו | עד כה	1:עד עכשיו | 2:עד כה
w0364	usually	בדרך-כלל	בדרך כלל | לרוב	1:בדרך כלל | 2:לרוב
w0366	visit	לבקר	לבקר | ביקור	2:ביקור
w0367	voice	קול, להשמיע קול	קול | להביע	2:להביע
w0368	wait	להמתין, המתנה	לחכות | המתנה	1:לחכות
w0369	wall	קיר	קיר | חומה	2:חומה
w0370	want	לרצות	לרצות | מחסור	2:מחסור
w0372	watch	להסתכל, להשגיח; שעון	לצפות | שעון | להשגיח	1:לצפות
w0373	way	דרך	דרך | אופן	2:אופן
w0377	when	כאשר, כש-	מתי | כאשר	1:מתי
w0381	why	מדוע	למה | מדוע	1:למה
w0389	without	מבלי, ללא	בלי	1:בלי
w0390	wonderful	נפלא	נפלא | נהדר	2:נהדר
w0392	worse	גרוע יותר	רע | גרוע	1:רע | 2:גרוע
w0393	writer	סופר	סופר | כותב	2:כותב
w0407	afraid	מפחד	מפוחד | חושש	1:מפוחד | 2:חושש
w0416	along	לאורך	לאורך | יחד עם	2:יחד עם
w0418	although	למרות ש-	למרות ש	1:למרות ש
w0419	architect	ארכיטקט	אדריכל	1:אדריכל
w0423	as soon as	כאשר, ברגע ש-	ברגע ש	1:ברגע ש
w0424	as well as	כמו גם	כמו גם | וגם	2:וגם
w0425	asked for	ביקש	לבקש	1:לבקש
w0428	authentic	מקורי, אותנטי	אותנטי | אמיתי	2:אמיתי
w0431	base	בסיס	בסיס | לבסס	2:לבסס
w0433	bath	אמבטיה, להתרחץ	אמבטיה | רחצה	2:רחצה
w0434	beach	חוף ים	חוף	1:חוף
w0439	begin/an/un	להתחיל / התחיל / התחיל	להתחיל	1:להתחיל
w0448	candy	ממתק	ממתק | סוכריה	2:סוכריה
w0449	care	לחבב; לדאוג, לטפל	לדאוג | טיפול | לטפל	2:טיפול
w0450	case	תיבה; מקרה, טיעון	מקרה | תיק	2:תיק
w0453	catch, caught	לתפוס, תפס	לתפוס | להידבק	2:להידבק
w0454	cause	מטרה; גורם, סיבה	לגרום | סיבה	1:לגרום
w0458	cheat	לרמות, לבגוד	לרמות | רמאי	2:רמאי
w0459	chemical	כימיקל, כימי	כימי | חומר כימי	2:חומר כימי
w0462	circle	להקיף בעיגול; מעגל	מעגל | להקיף	2:להקיף
w0466	comic	קומי (מהמילה קומדיה)	קומי | קומיקס	2:קומיקס
w0467	connect	לחבר	לחבר | להתחבר	2:להתחבר
w0468	container	מיכל, קונטיינר	מכל | קונטיינר	1:מכל
w0470	copy	להעתיק	עותק | להעתיק	1:עותק
w0472	country	ארץ; כפר, אזור	מדינה | ארץ	1:מדינה
w0473	couple	זוג, לצמד	זוג | לחבר	2:לחבר
w0475	cousin	בן-דוד	בן דוד	1:בן דוד
w0477	crash	להתנגש, התנגשות	להתרסק | תאונה	1:להתרסק | 2:תאונה
w0479	criteria	אמות מידה, קריטריונים	קריטריון | אמת מידה	1:קריטריון | 2:אמת מידה
w0480	cross	לחצות; צלב, להצליב	לחצות | צלב | כועס	3:כועס
w0481	crowd	קהל; להצטופף	קהל | המון	2:המון
w0482	damage	נזק, לגרום נזק	נזק | להזיק	2:להזיק
w0484	darkness	חשיכה	חושך	1:חושך
w0488	depression	דיכאון	דיכאון | מיתון | שקע	2:מיתון | 3:שקע
w0489	design	תכנית, דוגמה, תרשים; לתכנן, לעצב	עיצוב | לעצב	1:עיצוב
w0494	dictator	עריץ, דיקטטור	רודן	1:רודן
w0497	direction	כיוון	כיוון | הכוונה	2:הכוונה
w0502	drastic	דרסטי	דרסטי | קיצוני	2:קיצוני
w0504	earlier	קודם לכן	מוקדם	1:מוקדם
w0506	echo	הד	הד | להדהד	2:להדהד
w0507	ecological	אקולוגי	אקולוגי | סביבתי	2:סביבתי
w0509	elastic	גמיש, אלסטי, גומיה	גמיש | גומייה	2:גומייה
w0515	enter	נכנס	להיכנס	1:להיכנס
w0516	episode	פרק	פרק | אירוע	2:אירוע
w0517	error	שגיאה	שגיאה | טעות	2:טעות
w0520	even though	למרות ש-	למרות ש	1:למרות ש
w0523	excellent	מצוין	מצוין | נהדר	2:נהדר
w0531	fail	להיכשל	להיכשל | להכשיל	2:להכשיל
w0533	farm	חווה	חווה | משק	2:משק
w0535	file	תיק, קובץ	קובץ | תיק | להגיש	3:להגיש
w0536	filter	פילטר, מסנן	מסנן | לסנן	2:לסנן
w0538	flow	זרם	לזרום | זרימה	1:לזרום | 2:זרימה
w0539	flower	פרח	פרח | לפרוח	2:לפרוח
w0541	for	מפני ש-; עבור	בשביל | עבור | כי	1:בשביל | 3:כי
w0545	found	מצא, גילה; לייסד	למצוא | לייסד	1:למצוא
w0546	freeze, froze	להקפיא, הקפיא	לקפוא | להקפיא	1:לקפוא
w0547	friendly	ידידותי	ידידותי | חברותי	2:חברותי
w0549	front	חזית, להתעמת	חזית | קדמי	2:קדמי
w0550	garden	גן	גינה	1:גינה
w0552	genes	גנים	גן	1:גן
w0555	giant	ענק	ענק | ענקי	2:ענקי
w0557	global	עולמי, גלובאלי	עולמי | גלובלי	2:גלובלי
w0558	goal	מטרה	מטרה | שער	2:שער
w0559	golden	מוזהב	זהוב	1:זהוב
w0564	gym	אולם ספורט	חדר כושר	1:חדר כושר
w0567	hid from	התחבא מ-	להסתתר מ	1:להסתתר מ
w0570	horror	אימה	אימה | זוועה	2:זוועה
w0572	in case	למקרה ש-, שמא; אם במקרה	למקרה ש	1:למקרה ש
w0574	in that case	במקרה הזה	אם כך	1:אם כך
w0577	installation	התקנה	התקנה | מיצב	2:מיצב
w0578	intellectual	אינטלקטואלי	אינטלקטואלי | אינטלקטואל	2:אינטלקטואל
w0581	intuition	אינטואיציה	אינטואיציה | תחושת בטן	2:תחושת בטן
w0589	kind	סוג; טוב לב, אדיב, נעים	סוג | אדיב | נחמד	3:נחמד
w0592	largest	הגדול ביותר	גדול	1:גדול
w0593	last	אחרון; המשיך, החזיק מעמד	אחרון | להימשך	2:להימשך
w0594	leader	מנהיג	מנהיג | מוביל	2:מוביל
w0596	level	לאזן, להשוות; רמה, דרגה, מפלס	רמה | ישר | ליישר	2:ישר | 3:ליישר
w0597	liberal	ליברלי, מתירני	ליברלי | נדיב	2:נדיב
w0598	library	ספריה	ספרייה	1:ספרייה
w0602	losing	מפסיד	לאבד | להפסיד	1:לאבד | 2:להפסיד
w0605	mail	דואר	דואר | לשלוח	2:לשלוח
w0606	main	עיקרי	עיקרי | ראשי	2:ראשי
w0607	makeup	איפור	איפור | הרכב	2:הרכב
w0611	market	שוק	שוק | לשווק	2:לשווק
w0612	master	להתמחות, לשלוט; אדון, שליט	אדון | לשלוט ב | מומחה	2:לשלוט ב | 3:מומחה
w0614	mental	נפשי	נפשי | שכלי	2:שכלי
w0615	mentor	מדריך רוחני	חונך	1:חונך
w0617	miss	להתגעגע; לפספס	להחמיץ | להתגעגע | לפספס	1:להחמיץ
w0618	mission	משימה	משימה | שליחות	2:שליחות
w0625	nature	טבע	טבע | מהות	2:מהות
w0627	negative	שלילי	שלילי | שלילה	2:שלילה
w0629	network	רשת	רשת | ליצור קשרים	2:ליצור קשרים
w0630	neutral	ניטרלי	ניטרלי | אדיש	2:אדיש
w0634	nurse	אחות	אחות | להניק | לטפל	2:להניק | 3:לטפל
w0635	obsession	אובססיה, דיבוק	אובססיה | שיגעון	2:שיגעון
w0636	of course... but...	כמובן... אך...	כמובן... אבל...	1:כמובן... אבל...
w0637	official	רשמי, מאושר	רשמי | פקיד	2:פקיד
w0639	on top of	על, מעל	מעל | בנוסף ל	2:בנוסף ל
w0643	order	סדר; פקודה, לצוות; להזמין; מסדר (דתי)	הזמנה | סדר | פקודה	1:הזמנה
w0645	original	מקורי	מקורי | מקור	2:מקור
w0647	package	חפיסה, חבילה	חבילה | לארוז	2:לארוז
w0649	panic	פאניקה, בהלה	פאניקה | להיבהל	2:להיבהל
w0652	path	דרך, נתיב	שביל | נתיב	1:שביל
w0653	pause	הפסקה, להפסיק	הפסקה | להשהות	2:להשהות
w0656	pet	חיית מחמד	חיית מחמד | ללטף	2:ללטף
w0660	photograph	צילום, לצלם	תצלום | לצלם	1:תצלום
w0663	pilot	טייס	טייס | ניסיוני | להטיס	2:ניסיוני | 3:להטיס
w0664	potential	אפשרי, פוטנציאלי	פוטנציאל | פוטנציאלי	1:פוטנציאל
w0665	powerful	רב כוח	חזק | רב עוצמה | משפיע	1:חזק | 2:רב עוצמה | 3:משפיע
w0666	prehistoric	קדמון, פרה-היסטורי	פרהיסטורי | קדום	1:פרהיסטורי | 2:קדום
w0667	prepare	התכונן	להכין | להתכונן	1:להכין | 2:להתכונן
w0668	presentation	מצגת	מצגת | הצגה	2:הצגה
w0670	professional	מקצועי	מקצועי | מקצוען	2:מקצוען
w0671	program	תכנית; תכניה; לתכנת	תוכנית | לתכנת	1:תוכנית
w0672	puzzle	חידה, פאזל	חידה | לבלבל	2:לבלבל
w0673	quality	איכות	איכות | תכונה	2:תכונה
w0674	question	להטיל ספק; שאלה	שאלה | לפקפק | לחקור	2:לפקפק | 3:לחקור
w0677	rat	עכברוש	עכברוש | מלשין	2:מלשין
w0683	repeat	לחזור; שידור/מאורע חוזר	לחזור על | חזרה	1:לחזור על | 2:חזרה
w0684	respond	להגיב, תגובה, תשובה	להגיב | לענות	2:לענות
w0687	result	תוצאה	תוצאה | לנבוע	2:לנבוע
w0688	revolution	מהפכה	מהפכה | סיבוב	2:סיבוב
w0689	ring, rang	לצלצל, צלצל	טבעת | לצלצל	1:טבעת
w0692	rocket	טיל	רקטה | טיל	1:רקטה
w0695	root	שורש	שורש | להשתרש	2:להשתרש
w0697	rule	לשלוט, לפסוק, להחליט; כלל, חוק, שלטון	כלל | למשול	2:למשול
w0702	seem	נראה כ-, דומה ל-	להיראות	1:להיראות
w0703	sense	היגיון, תודעה; חוש, לחוש	חוש | תחושה | לחוש	2:תחושה
w0706	set up	להרכיב, לארגן, לסדר	להקים | לארגן	1:להקים
w0708	sharp	חד	חד | חריף	2:חריף
w0710	shoulder	כתף	כתף | לשאת	2:לשאת
w0713	size	גודל	גודל | מידה	2:מידה
w0714	skill	יכולת, מיומנות	מיומנות | כישרון	2:כישרון
w0720	sold	מכר	למכור	1:למכור
w0721	solution	פתרון	פתרון | תמיסה	2:תמיסה
w0723	sort	למיין	סוג | למיין	1:סוג
w0724	speak, spoke	לדבר, דיבר	לדבר | לנאום	2:לנאום
w0725	speed	מהירות	מהירות | למהר	2:למהר
w0727	spicy	פיקנטי	חריף	1:חריף
w0729	sponsor	נותן חסות	נותן חסות | לתת חסות	2:לתת חסות
w0731	spray	לרסס, לפזר	תרסיס | לרסס	1:תרסיס
w0736	storm	סערה	סערה | להסתער	2:להסתער
w0739	stuff	דברים; למלא, לפחלץ	דברים | למלא | לדחוס	3:לדחוס
w0741	such as	כמו למשל	כגון	1:כגון
w0742	suggest	להציע	להציע | לרמז	2:לרמז
w0749	talent	כשרון	כישרון	1:כישרון
w0750	tax	מס	מס | למסות	2:למסות
w0753	tiny	קטנטן	זעיר | קטנטן	1:זעיר
w0754	tone	טון	טון | נימה	2:נימה
w0755	tour	סיור	סיור | לסייר	2:לסייר
w0757	tower	מגדל	מגדל | להתנשא	2:להתנשא
w0759	toxic	רעיל	רעיל | מזיק	2:מזיק
w0761	treasure	אוצר, לנצור	אוצר | להוקיר	2:להוקיר
w0762	triple	פי 3	משולש | לשלש	1:משולש | 2:לשלש
w0763	twins	תאומים	תאום	1:תאום
w0770	unsafe	לא בטוח	לא בטוח | מסוכן	2:מסוכן
w0772	upgrade	לשדרג	שדרוג | לשדרג	1:שדרוג
w0773	use	תועלת, תכלית; לנצל; להשתמש	להשתמש | שימוש	2:שימוש
w0774	vacation	חופשה	חופשה | לנפוש	2:לנפוש
w0776	versions	גרסאות	גרסה	1:גרסה
w0781	wave	גל	גל | לנופף	2:לנופף
w0783	weight	משקל	משקל | כובד | חשיבות	2:כובד | 3:חשיבות
w0784	while	בזמן ש-, בעוד ש-; ואילו, אף על פי ש-; כל עוד	בזמן ש | בעוד ש	1:בזמן ש | 2:בעוד ש
w0787	wood	עץ	עץ | יער	2:יער
w0788	worldwide	כלל עולמי, בכל העולם	עולמי	1:עולמי
w0790	zone	אזור	אזור | תחום	2:תחום
w0792	above all	מעל לכל	מעל הכול	1:מעל הכול
w0793	absurd	מגוחך, לא סביר	אבסורדי | מגוחך	1:אבסורדי
w0795	accident	תאונה	תאונה | מקרה	2:מקרה
w0796	according	לפי	לפי | על פי | בהתאם ל	2:על פי | 3:בהתאם ל
w0797	across	בצד השני, לרוחב	מעבר ל	1:מעבר ל
w0804	alarm	דאגה, להדאיג; אזעקה	אזעקה | חרדה | להבהיל	2:חרדה | 3:להבהיל
w0805	allow	להרשות	להרשות | לאפשר	2:לאפשר
w0808	as a result	כתוצאה	כתוצאה מכך	1:כתוצאה מכך
w0810	attractive	נאה, מושך	מושך | אטרקטיבי | יפה	2:אטרקטיבי | 3:יפה
w0813	award	פרס, להעניק פרס	פרס | להעניק	2:להעניק
w0814	badly	בצורה גרועה, רע; קשות, נואשות	רע | מאוד	2:מאוד
w0815	balance	שיווי משקל; איזון, לאזן	איזון | לאזן | יתרה	3:יתרה
w0819	beat	מקצב; מכה, להכות	לנצח | להכות | קצב	1:לנצח | 3:קצב
w0823	birth	לידה	לידה | מוצא	2:מוצא
w0825	blind	עיוור	עיוור | לסנוור | תריס	2:לסנוור | 3:תריס
w0826	block	חסימה; לבנה, גוש, חלק	לחסום | גוש	1:לחסום
w0828	border	גבול	גבול | לגבול	2:לגבול
w0830	brave	אמיץ	אמיץ | להתמודד	2:להתמודד
w0831	built	בנה, נבנה (עבר/בינוני פעול של build); בנוי, בנוי היטב	לבנות | חטוב	1:לבנות | 2:חטוב
w0833	capture	ללכוד	ללכוד | לצלם | לכידה	2:לצלם | 3:לכידה
w0835	carry	לסחוב	לשאת | לסחוב	1:לשאת
w0836	castle	טירה	טירה | מצודה	2:מצודה
w0837	cell	תא	תא | סוללה	2:סוללה
w0840	challenge	לאתגר; אתגר	אתגר | לאתגר | לערער	3:לערער
w0843	cheer	לעודד	לעודד | קריאת עידוד	2:קריאת עידוד
w0845	choice	בחירה	בחירה | ברירה	2:ברירה
w0848	coat	מעיל; שכבה (של צבע, בטון וכו')	מעיל | לצפות	2:לצפות
w0849	coin	מטבע	מטבע | לטבוע	2:לטבוע
w0852	combat	להילחם ב-, להיאבק ב-; קרב, לחימה	קרב | להילחם	2:להילחם
w0854	command	פקודה, לפקוד	פקודה | לצוות | שליטה	2:לצוות | 3:שליטה
w0859	complex	מסובך	מורכב | מתחם | קומפלקס	1:מורכב | 2:מתחם | 3:קומפלקס
w0863	conflict	עימות, סכסוך	סכסוך | להתנגש	2:להתנגש
w0864	content	תוכן; שביעות רצון	תוכן | מרוצה	2:מרוצה
w0865	core	ליבה	ליבה | מרכז	2:מרכז
w0867	cost	מחיר, עלות	עלות | לעלות	2:לעלות
w0869	court	מגרש (ספורט); בית משפט	בית משפט | חצר | לחזר	2:חצר | 3:לחזר
w0870	cover	לכסות; לסקר, לכלול; כיסוי, מכסה	לכסות | כיסוי | כריכה	3:כריכה
w0873	curious	סקרן	סקרן | מוזר	2:מוזר
w0874	currently	כרגע, נכון לעכשיו	כרגע | כעת	2:כעת
w0876	daily	יומיומי	יומי | מדי יום	1:יומי | 2:מדי יום
w0878	delay	עיכוב, לאחר, לדחות	עיכוב | לעכב	2:לעכב
w0879	delivery	משלוח	משלוח | לידה | מסירה	2:לידה | 3:מסירה
w0880	department	מחלקה	מחלקה | אגף	2:אגף
w0882	described	מתואר	לתאר	1:לתאר
w0884	deserve	מגיע (לו)	להיות ראוי	1:להיות ראוי
w0886	destiny	גורל	גורל | ייעוד	2:ייעוד
w0889	device	מכשיר	מכשיר | אמצעי | תחבולה	2:אמצעי | 3:תחבולה
w0891	disappear	להעלם	להיעלם	1:להיעלם
w0895	display	להציג	להציג | תצוגה	2:תצוגה
w0898	dump	לשפוך	לזרוק | מזבלה	1:לזרוק | 2:מזבלה
w0899	during	תוך כדי, במשך	במהלך | תוך כדי	1:במהלך
w0901	economy	כלכלה	כלכלה | חסכנות	2:חסכנות
w0903	education	השכלה	חינוך | השכלה	1:חינוך
w0916	except	מלבד, חוץ מ-	חוץ מ | פרט ל	1:חוץ מ | 2:פרט ל
w0917	except for	למעט	חוץ מ | פרט ל	1:חוץ מ | 2:פרט ל
w0918	exchange	להחליף, חלופה	להחליף | חילופין | בורסה	2:חילופין | 3:בורסה
w0920	exercise	תרגיל; להתאמן; לממש, ליישם	פעילות גופנית | להתאמן | תרגיל	1:פעילות גופנית
w0921	exist	קיים	להתקיים	1:להתקיים
w0924	extraordinary	בלתי רגיל	יוצא דופן	1:יוצא דופן
w0925	failure	כשלון	כישלון | תקלה	1:כישלון | 2:תקלה
w0927	farmer	חוואי	חקלאי | איכר	1:חקלאי | 2:איכר
w0929	fever	חום (של מחלה)	חום | קדחת	2:קדחת
w0931	financial	כספי	כספי | פיננסי	2:פיננסי
w0933	fit	בכושר; להתאים	בכושר | מתאים | להתאים	2:מתאים
w0935	flew	עף	לטוס | לעוף	1:לטוס | 2:לעוף
w0936	flip	לזרוק, להעיף; סלטה; להפוך צד	להפוך	1:להפוך
w0937	fool	טיפש, לשטות במישהו	טיפש | לרמות	2:לרמות
w0938	for instance	לדוגמה	לדוגמה | למשל	2:למשל
w0941	form	צורה; ליצור, להקים	צורה | טופס | להקים	2:טופס
w0942	frame	מסגרת, למסגר	מסגרת | להפליל	2:להפליל
w0944	function	תפקוד, לתפקד	תפקיד | לתפקד | פונקציה	1:תפקיד | 3:פונקציה
w0950	grade	כיתה; ציון, דרגה, מעמד; שיפוע	ציון | דרגה | לדרג	3:לדרג
w0952	guide	להדריך	מדריך | להדריך	1:מדריך
w0954	hall	מסדרון; היכל	אולם | מסדרון	1:אולם
w0955	harm	לפגוע, להזיק	לפגוע | נזק	2:נזק
w0958	highway	כביש ראשי	כביש מהיר	1:כביש מהיר
w0960	honest	הגון	כן | ישר	1:כן | 2:ישר
w0962	host	מארח	מארח | לארח	2:לארח
w0963	however	למרות זאת; בכל דרך	אבל | אולם | עם זאת	1:אבל | 2:אולם | 3:עם זאת
w0970	image	דמות, תמונה	תמונה | דימוי	2:דימוי
w0973	impact	השפעה; התנגשות	השפעה | להשפיע	2:להשפיע
w0975	in general	באופן כללי	בדרך כלל	1:בדרך כלל
w0977	incredible	מדהים	מדהים | לא ייאמן	2:לא ייאמן
w0979	individual	יחיד, אינדיבידואל	יחיד | אישי	2:אישי
w0983	instant	מיידי; בהרף עין	מיידי | רגע	2:רגע
w0987	intense	עז, אינטנסיבי	עז | אינטנסיבי | חזק	3:חזק
w0988	introduce	להציג, לעשות היכרות	להציג | להכניס	2:להכניס
w0990	invisible	בלתי נראה	בלתי נראה | סמוי	2:סמוי
w0994	knees	ברכיים	ברך	1:ברך
w0998	lawyer	עורך-דין	עורך דין	1:עורך דין
w0999	lecture	הרצאה	הרצאה | להרצות	2:להרצות
w1000	led to	הוביל ל-	להוביל ל | לגרום ל	1:להוביל ל | 2:לגרום ל
w1002	limit	גבול, לשים גבול, מוגבל	גבול | להגביל	2:להגביל
w1004	lower	להנמיך	להוריד | נמוך	1:להוריד | 2:נמוך
w1006	management	ניהול	ניהול | הנהלה	2:הנהלה
w1007	mark	לסמן	לסמן | ציון | כתם	2:ציון | 3:כתם
w1008	marriage	נישואין	נישואים	1:נישואים
w1009	material	חומר, חומרני	חומר | בד | מהותי	2:בד | 3:מהותי
w1011	mention	להזכיר, לאזכר	להזכיר | אזכור	2:אזכור
w1012	method	שיטה	שיטה | דרך	2:דרך
w1014	mirror	מראה	מראה | לשקף	2:לשקף
w1015	monitor	להשגיח, מוניטור	מסך | לנטר	1:מסך | 2:לנטר
w1016	mostly	לרוב	בעיקר	1:בעיקר
w1018	mystery	תעלומה	תעלומה | מסתורין	2:מסתורין
w1019	nation	אומה	אומה | עם	2:עם
w1020	nearby	ליד, קרוב	בקרבת מקום | סמוך	1:בקרבת מקום | 2:סמוך
w1021	necessary	הכרחי	הכרחי | נחוץ	2:נחוץ
w1024	no longer	לא עוד	כבר לא	1:כבר לא
w1027	notice	לשים לב; התראה	לשים לב | הודעה	2:הודעה
w1029	obviously	ברור	כמובן	1:כמובן
w1031	opposite	מנוגד, ממול	הפוך | נגדי	1:הפוך | 2:נגדי
w1033	pair	זוג	זוג | לזווג	2:לזווג
w1034	passion	תשוקה	תשוקה | להט	2:להט
w1036	patient	סבלני; חולה	סבלני | חולה | מטופל	3:מטופל
w1037	patients	מטופלים	מטופל | חולה	1:מטופל | 2:חולה
w1038	peaceful	שָׁלֵו, שקט	שליו | שקט	1:שליו
w1039	per	לכל	לפי | לכל	1:לפי
w1043	permission	רשות, היתר	רשות | אישור	2:אישור
w1046	pipe	צינור	צינור | מקטרת	2:מקטרת
w1049	pleasure	תענוג, לענג	הנאה | עונג | תענוג	1:הנאה | 2:עונג
w1051	position	מיקום, למקם; תנוחה; תפקיד, משרה	עמדה | תפקיד | למקם	1:עמדה
w1052	pot	סיר, קדרה	סיר | עציץ | גראס	2:עציץ | 3:גראס
w1053	practice	לתרגל, תרגול	תרגול | לתרגל | נוהג	3:נוהג
w1054	precious	יקר	יקר | אהוב	2:אהוב
w1055	pregnant	הרה (בהריון)	בהריון | הרה	1:בהריון
w1058	pride	גאווה	גאווה | להקה	2:להקה
w1060	prison	כלא	כלא | בית סוהר	2:בית סוהר
w1061	prize	פרס	פרס | להעריך	2:להעריך
w1063	product	מוצר	מוצר | תוצר	2:תוצר
w1064	profit	רווח	רווח | להרוויח	2:להרוויח
w1066	project	לתכנן; פרוייקט, מיזם; להשליך, להקרין	פרויקט | לחזות	1:פרויקט | 2:לחזות
w1068	protest	למחות, הפגנה	מחאה | למחות	1:מחאה
w1069	public	ציבורי	ציבורי | ציבור	2:ציבור
w1073	purpose	כוונה, מטרה	מטרה | תכלית	2:תכלית
w1074	quarter	רבע	רבע | רובע	2:רובע
w1075	rage	זעם	זעם | לזעום	2:לזעום
w1076	raise	להעלות	להרים | לגדל | העלאה	1:להרים | 2:לגדל | 3:העלאה
w1079	realize	הבין	להבין | להגשים	1:להבין | 2:להגשים
w1080	recent	שארע לאחרונה	אחרון | טרי	1:אחרון | 2:טרי
w1082	recognize	לזהות	לזהות | להכיר	2:להכיר
w1084	register	להירשם	להירשם | לרשום | מרשם	2:לרשום | 3:מרשם
w1085	release	לשחרר	לשחרר | שחרור	2:שחרור
w1088	remote	מרוחק	מרוחק | שלט	2:שלט
w1089	repair	לתקן	לתקן | תיקון	2:תיקון
w1091	reporter	עיתונאי	כתב | עיתונאי	1:כתב
w1094	rescue	להציל	להציל | הצלה	2:הצלה
w1095	research	מחקר	מחקר | לחקור	2:לחקור
w1099	rise	עליה, לעלות	לעלות | עלייה	2:עלייה
w1101	safety	בטיחות	בטיחות | ביטחון	2:ביטחון
w1102	salary	שכר	משכורת | שכר	1:משכורת
w1103	sample	מדגם, דגימה, דוגמה	דגימה | לדגום	2:לדגום
w1104	scare	פחד, להפחיד	להפחיד | בהלה	2:בהלה
w1105	schedule	לוח זמנים	לוח זמנים | לתזמן	2:לתזמן
w1107	script	תסריט	תסריט | כתב	2:כתב
w1109	section	יחידה, חלק	קטע | סעיף	1:קטע | 2:סעיף
w1110	senior	בכיר; זקן	בכיר | קשיש	2:קשיש
w1112	sentence	משפט; גזר דין	משפט | לגזור דין	2:לגזור דין
w1113	shadow	צל, להאפיל	צל | לעקוב	2:לעקוב
w1114	shave	גילוח, לגלח	להתגלח | לגלח	1:להתגלח
w1115	ship	לשלוח; אוניה	ספינה | לשלוח	1:ספינה
w1116	shy	ביישן	ביישן | להירתע	2:להירתע
w1120	simply	בפשטות	פשוט | בפשטות	1:פשוט
w1121	sin	חטא	חטא | לחטוא	2:לחטוא
w1123	soul	נשמה	נשמה | נפש	2:נפש
w1126	space	חלל; רווח	מרחב | חלל	1:מרחב
w1128	spell	כישוף, קסם; איות, לאיית	לאיית | כישוף | תקופה	3:תקופה
w1129	spirit	כוונה, רוח הדברים; רוח רפאים, נפש	רוח | אלכוהול | מורל	1:רוח | 2:אלכוהול | 3:מורל
w1132	standard	רמה, תקן, מקובל	תקן | סטנדרטי	2:סטנדרטי
w1134	stomach	בטן, קיבה	קיבה | בטן | לסבול	3:לסבול
w1135	strength	חוזק	כוח | עוצמה | חוזק	1:כוח | 2:עוצמה
w1136	structure	מבנה, לבנות	מבנה | לארגן	2:לארגן
w1139	supply	אספקה	לספק | אספקה | היצע	1:לספק | 3:היצע
w1140	surely	ללא ספק	בוודאי	1:בוודאי
w1142	surrender	להיכנע	להיכנע | כניעה	2:כניעה
w1146	target	מטרה	מטרה | למקד	2:למקד
w1153	tie	לקשור, קשר; עניבה	לקשור | עניבה | תיקו	3:תיקו
w1154	title	כותרת	כותרת | תואר	2:תואר
w1155	tongue	לשון	לשון | שפה	2:שפה
w1156	totally	לחלוטין	לגמרי	1:לגמרי
w1157	track	מסילה, מסלול; לעקוב	מסלול | לעקוב | שיר	3:שיר
w1160	train	רכבת; להכשיר, לאמן	רכבת | להתאמן | לאמן	2:להתאמן
w1162	transport	להוביל; הובלה	להוביל | תחבורה | שינוע	2:תחבורה | 3:שינוע
w1163	trap	מלכודת	מלכודת | ללכוד	2:ללכוד
w1164	treatment	טיפול	טיפול | יחס	2:יחס
w1168	unbelievable	לא יאמן	לא ייאמן | מדהים	1:לא ייאמן | 2:מדהים
w1170	unfortunately	למרבה הצער	למרבה הצער | לצערי	2:לצערי
w1171	unusual	בלתי רגיל, יוצא דופן	לא רגיל | יוצא דופן	1:לא רגיל
w1172	useful	שימושי	שימושי | מועיל	2:מועיל
w1173	useless	חסר תועלת	חסר תועלת | חסר ערך	2:חסר ערך
w1181	wear	ללבוש	ללבוש | להתבלות	2:להתבלות
w1182	weather	מזג אוויר	מזג אוויר | לשרוד	2:לשרוד
w1184	wild	פראי, טבע	פרוע | בר	1:פרוע | 2:בר
w1187	actually	למעשה	למעשה | בעצם	2:בעצם
w1190	advertisement	מודעה, פרסום	פרסומת | מודעה	1:פרסומת
w1196	amateur	חובבן	חובב	1:חובב
w1199	amount	כמות	כמות | להסתכם	2:להסתכם
w1200	analog	אנלוגי (ההיפך מדיגיטלי)	אנלוגי | מקבילה	2:מקבילה
w1204	appear	להופיע; נראה ש-	להופיע | להיראות	2:להיראות
w1209	as many as	רבים כמו (מספר גדול)	עד | לא פחות מ	1:עד | 2:לא פחות מ
w1210	as proof of	כהוכחה ל-	כהוכחה ל	1:כהוכחה ל
w1211	aside from	חוץ מ-	מלבד	1:מלבד
w1212	attitude	גישה	גישה | עמדה	2:עמדה
w1216	authority	סמכות	סמכות | רשות	2:רשות
w1217	automobile	כלי רכב, אוטו	מכונית | רכב	1:מכונית | 2:רכב
w1220	backward	לאחור	אחורה | נחשל	1:אחורה | 2:נחשל
w1221	bacteria	חיידקים	חיידק	1:חיידק
w1222	beg	להתחנן	להתחנן | לקבץ נדבות	2:לקבץ נדבות
w1223	belong	שייך	להשתייך	1:להשתייך
w1224	benefit	תועלת, יתרון; הטבה; להפיק תועלת	תועלת | הטבה | ליהנות	3:ליהנות
w1225	besides	בכל מקרה; בנוסף על; מלבד, חוץ מ-	מלבד | חוץ מזה	2:חוץ מזה
w1226	best-seller	רב-מכר	רב מכר	1:רב מכר
w1227	beyond	מעבר	מעבר ל	1:מעבר ל
w1231	brilliant	מבריק	מבריק | גאוני	2:גאוני
w1232	bullet	קליע	כדור | תבליט	1:כדור | 2:תבליט
w1234	by now	עד עתה	עד עכשיו	1:עד עכשיו
w1237	campaign	מערכה, מסע	קמפיין | מסע	1:קמפיין
w1238	cast	להשליך, לגרש; צוות שחקנים	לזרוק | שחקנים | גבס	1:לזרוק | 2:שחקנים | 3:גבס
w1239	casual	אגבי, רגיל, יומיומי	לא רשמי | אגבי | מזדמן	1:לא רשמי | 3:מזדמן
w1242	century	מאה שנים	מאה	1:מאה
w1245	charge	לגבות; להאשים; להסתער; לחייב	לגבות | להאשים | מטען	3:מטען
w1247	citrus	פרי הדר	הדר	1:הדר
w1248	claim	טענה, טוען; תביעה	לטעון | טענה	1:לטעון
w1250	clever	פיקח	חכם | פיקח	1:חכם
w1253	cognitive	קוגניטיבי, הכרתי	קוגניטיבי | שכלי	2:שכלי
w1254	common	נפוץ, משותף	נפוץ | משותף | רגיל	3:רגיל
w1256	components	חלקים, מרכיבים	רכיב | מרכיב	1:רכיב | 2:מרכיב
w1257	conference	ועידה	כנס | ועידה	1:כנס
w1259	confusion	בלבול	בלבול | מבוכה	2:מבוכה
w1260	consider	לקחת בחשבון, לשקול	לשקול | לחשוב	2:לחשוב
w1263	contract	ללקות, להידבק (במחלה); חוזה, הסכם; להתכווץ	חוזה | להתכווץ | לחלות	3:לחלות
w1264	contrast	ניגוד; להוות ניגוד	ניגוד | לעמת	2:לעמת
w1267	coordinator	מתאם	רכז	1:רכז
w1268	copies	עותקים	עותק | להעתיק	1:עותק | 2:להעתיק
w1270	count	לספור; רוזן	לספור | ספירה	2:ספירה
w1271	course	מנה; קורס; מסלול	קורס | מהלך | מסלול	2:מהלך
w1273	creator	יוצר	יוצר | בורא	2:בורא
w1276	customize	להתאים באופן אישי	להתאים אישית	1:להתאים אישית
w1277	dare	להעיז, תעוזה; אתגר	להעז | אתגר	1:להעז
w1279	deeply	מאוד, במידה רבה	עמוקות | מאוד	1:עמוקות
w1280	deer	איל	צבי	1:צבי
w1282	depend on	תלוי ב-	להסתמך על	1:להסתמך על
w1283	desire	תשוקה, חשק, לחפוץ	תשוקה | להשתוקק	2:להשתוקק
w1286	dimension	מימד	ממד | היבט	1:ממד | 2:היבט
w1287	disadvantage	חסרון	חיסרון | נחיתות	1:חיסרון | 2:נחיתות
w1288	disagreement	חוסר הסכמה	אי הסכמה | חילוקי דעות	1:אי הסכמה | 2:חילוקי דעות
w1289	discoveries	תגליות	תגלית	1:תגלית
w1291	divorce	גירושין	גירושין | להתגרש	2:להתגרש
w1292	dominate	לשלוט	לשלוט | להשתלט	2:להשתלט
w1294	doubt	ספק, להטיל ספק	ספק | לפקפק	2:לפקפק
w1295	due to	בגלל, לאור	בגלל | עקב	2:עקב
w1297	duty	תפקיד, חובה	חובה | תפקיד | מכס	3:מכס
w1298	earn	להרוויח	להרוויח | לזכות ב	2:לזכות ב
w1300	edge	קצה, שוליים; יתרון; להב (של סכין)	קצה | חוד	2:חוד
w1307	epidemic	מגיפה, אפידמיה	מגפה	1:מגפה
w1309	even	אפילו; זוגי (מספר); ליישר, להשוות	אפילו | זוגי | שווה	3:שווה
w1310	even so	אף על פי כן	ובכל זאת	1:ובכל זאת
w1312	evidence	ראיה	ראיה | הוכחה	2:הוכחה
w1315	examine	לבחון	לבחון | לבדוק	2:לבדוק
w1316	excite	לרגש, לעורר	לרגש | להלהיב	2:להלהיב
w1317	exclusive	בלעדי	בלעדי | יוקרתי	2:יוקרתי
w1318	expectations	ציפיות	ציפייה	1:ציפייה
w1320	explosive	חומר נפץ	נפיץ | חומר נפץ	1:נפיץ
w1321	export	ייצוא	לייצא | יצוא	1:לייצא | 2:יצוא
w1331	favor	טובה; להעדיף	טובה | להעדיף | חיבה	3:חיבה
w1332	fiction	בדיון, לא אמיתי	בדיון | ספרות בדיונית	2:ספרות בדיונית
w1333	filmmaker	יוצר סרטים	יוצר קולנוע | במאי	1:יוצר קולנוע | 2:במאי
w1337	folklore	פולקלור	פולקלור | מסורת עממית	2:מסורת עממית
w1338	fork	מזלג	מזלג | הסתעפות	2:הסתעפות
w1339	formal	רשמי	רשמי | פורמלי	2:פורמלי
w1340	fortune	מזל; עושר	הון | מזל	1:הון
w1341	from time to time	מפעם לפעם	מדי פעם	1:מדי פעם
w1343	fundamental	בסיסי (פונדמנטלי)	בסיסי | יסודי	2:יסודי
w1345	generally	באופן כללי	בדרך כלל	1:בדרך כלל
w1347	generated	יצר	לייצר | ליצור	1:לייצר | 2:ליצור
w1350	glitch	תקלה, הפרעה	תקלה | באג	2:באג
w1352	grand	גדול, כולל, מרשים	מפואר | נהדר	1:מפואר | 2:נהדר
w1354	handle	להתמודד	לטפל | ידית	1:לטפל | 2:ידית
w1355	heartbeat	דופק, פעימות לב	פעימת לב	1:פעימת לב
w1356	hint	רמז	רמז | לרמוז	2:לרמוז
w1358	hold back	לעכב, למנוע	להתאפק | לעכב	1:להתאפק
w1361	hybrid	כלאיים, היברידי	היברידי | הכלאה	2:הכלאה
w1362	iceberg	קרחון	הר קרח	1:הר קרח
w1365	improve	לשפר	לשפר | להשתפר	2:להשתפר
w1367	in particular	במיוחד	בפרט | במיוחד	1:בפרט
w1368	incident	תקרית	תקרית | אירוע	2:אירוע
w1369	indeed	בהחלט	אכן	1:אכן
w1374	instantly	מיד	מיד | תכף	2:תכף
w1375	instrument	כלי	כלי | כלי נגינה	2:כלי נגינה
w1379	irregular	לא רגיל	לא סדיר | חריג	1:לא סדיר | 2:חריג
w1380	issue	נושא, עניין, סוגיה; להוציא לאור, להפיץ; גיליון	נושא | בעיה | להנפיק	2:בעיה | 3:להנפיק
w1381	label	תגית; לתייג	תווית | לתייג	1:תווית
w1384	lead, led	להוביל, הוביל	להוביל | להנהיג	2:להנהיג
w1387	legend	אגדה; מקרא מפה	אגדה | מקרא	2:מקרא
w1389	likely	סביר	סביר | קרוב לוודאי	2:קרוב לוודאי
w1390	load	להעמיס	מטען | לטעון	1:מטען | 2:לטעון
w1391	logic	הגיון	היגיון | לוגיקה	1:היגיון | 2:לוגיקה
w1393	major	סולם מז'ור (במוזיקה); מסלול לימודים; ראשי, עיקרי	עיקרי | רב-סרן | התמחות	2:רב-סרן | 3:התמחות
w1394	march	לצעוד	לצעוד | צעדה	2:צעדה
w1396	mass	המון, המוני; מסה	מסה | המון | מיסה	3:מיסה
w1400	mind	לשים לב, לשמור; שכל; אכפת	מוח | להשגיח	1:מוח | 2:להשגיח
w1402	minister	שר (בממשלה)	שר | כומר	2:כומר
w1408	motivate	לדרבן	להניע | לעודד	1:להניע | 2:לעודד
w1409	mountaintop	פסגת הר	פסגה	1:פסגה
w1411	narrow	צר	צר | לצמצם	2:לצמצם
w1417	nut	אגוז	אגוז | מטורף	2:מטורף
w1418	object	פריט, אובייקט; להתנגד	חפץ | להתנגד | מטרה	1:חפץ | 3:מטרה
w1425	overall	כולל, באופן כללי	כללי | בסך הכל	1:כללי | 2:בסך הכל
w1427	painter	צייר	צייר | צבע	2:צבע
w1429	party	מפלגה; מסיבה	מסיבה | מפלגה | צד	3:צד
w1432	pigment	פיגמנט, צבען	פיגמנט | חומר צבע	2:חומר צבע
w1434	prank	מתיחה	מתיחה | למתוח	2:למתוח
w1437	preparation for	הכנות לקראת	הכנה	1:הכנה
w1440	previously	הקודם, לפני-כן	בעבר | קודם לכן	1:בעבר | 2:קודם לכן
w1441	priest	כומר	כומר | כהן	2:כהן
w1442	prime	ראשוני, עיקרי, מובחר	ראשי | מעולה | שיא	1:ראשי | 2:מעולה | 3:שיא
w1443	primitive	קדום, חסר תרבות	פרימיטיבי | קדמוני	1:פרימיטיבי | 2:קדמוני
w1445	proper	מתאים, הולם	הולם | נכון | ראוי	2:נכון | 3:ראוי
w1446	properly	כראוי	כראוי | כהלכה	2:כהלכה
w1447	prove	להוכיח	להוכיח | להתברר	2:להתברר
w1450	purchase	לקנות, לרכוש	לרכוש | רכישה	2:רכישה
w1451	quite	למדי	די | לגמרי	1:די | 2:לגמרי
w1452	quote	ציטוט	לצטט | ציטוט | הצעת מחיר	1:לצטט | 3:הצעת מחיר
w1453	race	מרוץ; גזע	מירוץ | גזע	1:מירוץ
w1454	raid	פשיטה	פשיטה | לפשוט על	2:לפשוט על
w1455	rainfall	ירידת גשמים	משקעים	1:משקעים
w1456	rainstorm	סערת גשמים	סופת גשמים	1:סופת גשמים
w1457	randomly	באקראיות	באקראי	1:באקראי
w1458	range	טווח; רכס; מטווח	טווח | לנוע	2:לנוע
w1459	rank	דרגה	דרגה | לדרג	2:לדרג
w1462	rational	הגיוני, רציונאלי	רציונלי | הגיוני	1:רציונלי
w1465	rebel	מורד	מורד | למרוד	2:למרוד
w1467	recordings	הקלטות	הקלטה	1:הקלטה
w1469	recycling	מחזור	מיחזור	1:מיחזור
w1471	reduce	להפחית	להפחית | לצמצם	2:לצמצם
w1472	reform	שינוי, רפורמה	רפורמה | לתקן	2:לתקן
w1473	regret	להתחרט, חרטה	להצטער | חרטה	1:להצטער
w1474	regularly	באופן קבוע	בקביעות	1:בקביעות
w1475	relations	יחסים	יחסים | קשרים	2:קשרים
w1477	replacement	מחליף	תחליף | מחליף	1:תחליף
w1478	replica	העתק מדויק	העתק | שכפול | דגם	1:העתק | 2:שכפול | 3:דגם
w1479	reply	להשיב	להשיב | תשובה	2:תשובה
w1481	rest	מנוחה; יתר, שאר	מנוחה | שאר | לנוח	3:לנוח
w1484	rough	קשה, מחוספס	מחוספס | גס | קשה	2:גס
w1485	ruin	להרוס	להרוס | חורבה	2:חורבה
w1489	seeds	זרעים	זרע	1:זרע
w1491	segment	קטע, מקטע	קטע | פלח	2:פלח
w1492	select	לבחור	לבחור | נבחר	2:נבחר
w1493	selective	סלקטיבי	בררני | סלקטיבי	1:בררני
w1494	self-confidence	בטחון-עצמי	ביטחון עצמי	1:ביטחון עצמי
w1496	separation	הפרדה	הפרדה | פרידה	2:פרידה
w1498	share	מניה; לחלוק	לשתף | חלק | מניה	1:לשתף | 2:חלק
w1500	shift	משמרת; להזיז	שינוי | משמרת | להזיז	1:שינוי
w1502	sight	ראייה, כוונת	ראייה | מראה	2:מראה
w1503	significantly	באופן משמעותי	משמעותית | באופן ניכר	1:משמעותית | 2:באופן ניכר
w1506	so long as	כל עוד	כל עוד | ובלבד ש	2:ובלבד ש
w1507	sound	קול; בריא	צליל | להישמע | הגיוני	1:צליל | 2:להישמע | 3:הגיוני
w1508	speaker	דובר	דובר | רמקול	2:רמקול
w1510	spot	כתם; לזהות	כתם | מקום | להבחין	2:מקום | 3:להבחין
w1511	spread	התפשטות, פיזור; ממרח, למרוח	להתפשט | למרוח | ממרח	1:להתפשט
w1513	stamina	כושר עמידה, סיבולת	סיבולת | עמידות	2:עמידות
w1514	statement	הצהרה	הצהרה | הודעה	2:הודעה
w1516	storage	אחסון	אחסון | מחסן	2:מחסן
w1517	study	מחקר; חדר עבודה	ללמוד | מחקר | חדר עבודה	1:ללמוד
w1518	subject	נושא; נתין, אזרח; נבדק; להכפיף, לחשוף ל-; נתון ל-, כפוף ל-	נושא | נתין | מקצוע	3:מקצוע
w1520	surface	פני שטח	משטח | לצוף	1:משטח | 2:לצוף
w1521	surprisingly	במפתיע	באופן מפתיע	1:באופן מפתיע
w1525	symptom	סימפטום	תסמין | סימן	1:תסמין | 2:סימן
w1528	take place	התרחש	להתרחש | להתקיים	1:להתרחש | 2:להתקיים
w1530	terms	מונחים; תנאים	תנאי | מונח	1:תנאי | 2:מונח
w1534	though	למרות זאת; למרות ש-	למרות ש | בכל זאת	1:למרות ש | 2:בכל זאת
w1536	timeline	ציר זמן	ציר זמן | לוח זמנים	2:לוח זמנים
w1537	to sum up	כדי לסכם; לסכם	לסיכום	1:לסיכום
w1539	trade	להחליף; לסחור, מסחר	מסחר | לסחור | מקצוע	3:מקצוע
w1541	transform	לשנות צורה	להפוך | לשנות	1:להפוך | 2:לשנות
w1545	treat	להתייחס; פינוק, ממתק; לפנק	לטפל ב | להתייחס אל | פינוק	1:לטפל ב | 2:להתייחס אל
w1549	unite	לאחד	לאחד | להתאחד	2:להתאחד
w1551	unofficial	בלתי רשמי	לא רשמי	1:לא רשמי
w1552	unorganized	לא מאורגן	לא מאורגן | מבולגן	2:מבולגן
w1553	unrealistic	לא מציאותי	לא ריאלי	1:לא ריאלי
w1560	vehicle	כלי רכב	רכב	1:רכב
w1561	verbal	ורבלי, מילולי	מילולי | בעל פה	2:בעל פה
w1567	waste	בזבוז, לבזבז; הפסולת	לבזבז | בזבוז | פסולת	3:פסולת
w1568	waterfall	מפל	מפל מים	1:מפל מים
w1571	whenever	בכל פעם ש-, מתי ש-; לא משנה מתי	בכל פעם ש	1:בכל פעם ש
w1573	whom	מי	את מי	1:את מי
w1577	witness	עד, להעיד	עד | לחזות | להעיד	2:לחזות
w1581	abroad	חו"ל	בחו"ל	1:בחו"ל
w1582	absent	חסר, לא נוכח	נעדר | חסר	1:נעדר
w1588	addition	תוספת, הוספה	תוספת | חיבור	2:חיבור
w1589	administration	מנהל	ממשל | ניהול	1:ממשל | 2:ניהול
w1591	afterwards	לאחר מכן	אחר כך	1:אחר כך
w1593	aim	לכוון, מטרה	מטרה | לשאוף | לכוון	2:לשאוף
w1594	annoy	להציק	להרגיז	1:להרגיז
w1595	apply	ליישם, להחיל; לחול על; להגיש בקשה, לפנות	ליישם | להגיש בקשה | למרוח	3:למרוח
w1597	arrange	לסדר	לסדר | לארגן | לתאם	2:לארגן | 3:לתאם
w1598	article	מאמר; פריט	מאמר | פריט | סעיף	3:סעיף
w1600	assignment	משימה, מטלה	מטלה | הקצאה	2:הקצאה
w1602	association	אסוציאציה; איגוד	עמותה | קשר	1:עמותה | 2:קשר
w1604	attach	לחבר, לייחס	לצרף | לחבר	1:לצרף
w1605	attempt	ניסיון	לנסות | ניסיון	1:לנסות
w1607	attraction	משיכה	משיכה | אטרקציה	2:אטרקציה
w1611	awkward	מגושם; מוזר, מביך	מביך | מסורבל	2:מסורבל
w1612	baggage	מטען, מזוודה	מטען | כבודה	2:כבודה
w1614	bald	קרח	קירח	1:קירח
w1615	ban	חרם, איסור	איסור | לאסור	2:לאסור
w1616	barrier	מחסום	מחסום | חסם	2:חסם
w1617	bass	בס (במוזיקה)	בס | דג בס	2:דג בס
w1619	beside	ליד	ליד | לצד	2:לצד
w1621	blank	ריק, רווח	ריק | חלל ריק	2:חלל ריק
w1622	blend	לערבב	למזג | תערובת	1:למזג | 2:תערובת
w1623	boil	להרתיח	לרתוח | להרתיח	1:לרתוח
w1624	bond	קשר	קשר | אג"ח | להתחבר	2:אג"ח | 3:להתחבר
w1625	boost	דחף, המריץ	להגביר | לחזק	1:להגביר | 2:לחזק
w1626	boot	מגף	מגף | לאתחל | תא מטען	2:לאתחל | 3:תא מטען
w1627	bore	לשעמם, שעמום; לקדוח (חור)	לשאת | לסבול | ללדת	1:לשאת | 2:לסבול | 3:ללדת
w1628	bounce	לקפץ, ניתור	לנתר | לקפוץ	1:לנתר | 2:לקפוץ
w1629	branch	ענף, סניף	ענף | סניף | להסתעף	3:להסתעף
w1632	bully	בריון	בריון | להציק	2:להציק
w1633	bury	לקבור	לקבור | להטמין	2:להטמין
w1635	cabin	בקתה	תא | בקתה	1:תא
w1642	cereal	דגני בוקר	דגן | דגני בוקר	1:דגן
w1644	charm	קסם	קסם | להקסים | קמיע	2:להקסים | 3:קמיע
w1645	chart	גיליון, תרשים	תרשים | לשרטט	2:לשרטט
w1652	commercial	מסחרי; סרטון פרסומת	מסחרי | פרסומת	2:פרסומת
w1653	commit	ביצוע/ לבצע; להתחייב	להתחייב | לבצע	2:לבצע
w1656	concentrate	להתרכז	להתרכז | תרכיז	2:תרכיז
w1657	confident	בטוח בעצמו	בטוח בעצמו | בטוח	2:בטוח
w1658	conservative	שמרני	שמרן | זהיר	1:שמרן | 2:זהיר
w1659	conspiracy	קשר, מזימה	קשר | קונספירציה	2:קונספירציה
w1660	constant	קבוע, רצוף	קבוע | מתמיד	2:מתמיד
w1662	consult	להתייעץ	להתייעץ | לעיין ב	2:לעיין ב
w1663	contain	להכיל, מכיל	להכיל | לבלום	2:לבלום
w1665	conventional	שגרתי, קונבנציונאלי	מקובל | שגרתי	1:מקובל
w1671	craft	אומנות, מלאכה; כלי טייס / כלי שייט	מלאכה | אומנות | לעצב	3:לעצב
w1676	cult	כת	כת | פולחן	2:פולחן
w1679	curve	עקומה, פניה	עקומה | לעקם	2:לעקם
w1680	deaf	חרש	חירש	1:חירש
w1681	debate	ויכוח, דיון	ויכוח | להתווכח	2:להתווכח
w1683	defeated	הובס	להביס | מובס	1:להביס | 2:מובס
w1685	degree	מעלה (מדידה); תואר אקדמי; דרגה; מידה, במידה מסוימת	תואר | מעלה | מידה	1:תואר
w1686	demand	לדרוש, דרישה	לדרוש | דרישה | ביקוש	3:ביקוש
w1687	dental	שקשור בשיניים	של שיניים | דנטלי	1:של שיניים | 2:דנטלי
w1689	deny	לסרב; להכחיש	להכחיש | לשלול	2:לשלול
w1690	depart	לעזוב	לצאת | לעזוב	1:לצאת
w1696	distant	מרוחק	רחוק | מנוכר	1:רחוק | 2:מנוכר
w1697	district	מחוז	מחוז | אזור	2:אזור
w1700	double standard	מוסר כפול	תקן כפול	1:תקן כפול
w1704	elderly	זקן	קשיש	1:קשיש
w1705	eliminate	לחסל, לפסול	לחסל | להסיר	2:להסיר
w1707	employ	להעסיק; להשתמש ב-, לנקוט	להעסיק | להשתמש	2:להשתמש
w1712	equally	במידה שווה	באופן שווה	1:באופן שווה
w1713	era	עידן	עידן | תקופה	2:תקופה
w1715	essential	חיוני	חיוני | הכרחי	2:הכרחי
w1716	evolved	התפתח	להתפתח	1:להתפתח
w1717	exception	יוצא מהכלל	יוצא דופן | חריגה	1:יוצא דופן | 2:חריגה
w1718	execute	להוציא לפועל; להוציא להורג	לבצע | להוציא להורג	1:לבצע
w1720	expand	להרחיב	להתרחב | להרחיב	1:להתרחב
w1722	expense	הוצאות	הוצאה	1:הוצאה
w1724	expression	ביטוי	ביטוי | הבעה	2:הבעה
w1727	facial	שקשור בפנים	של הפנים | טיפול פנים	1:של הפנים | 2:טיפול פנים
w1732	flood	שיטפון	שיטפון | להציף	2:להציף
w1733	footprints	עקבות, טביעות רגל	טביעת רגל	1:טביעת רגל
w1735	foundation	יסוד	יסוד | קרן	2:קרן
w1736	frequently	לעיתים קרובות	לעתים קרובות	1:לעתים קרובות
w1738	fuel	דלק	דלק | לתדלק	2:לתדלק
w1740	funds	כסף, הון, מקור מימון	כסף | קרן	2:קרן
w1741	gain	להרוויח, להוסיף	להשיג | רווח	1:להשיג | 2:רווח
w1744	gather	אסף	להתאסף | לאסוף	1:להתאסף | 2:לאסוף
w1747	greet	לברך, לקבל פנים	לברך | לקדם פנים	2:לקדם פנים
w1749	guarantee	להבטיח, ערבות	להבטיח | אחריות	2:אחריות
w1751	heavily	מאוד, במידה רבה	בכבדות | מאוד	1:בכבדות
w1752	hike	הליכה, טיול	טיול רגלי | לטייל | העלאה	1:טיול רגלי | 2:לטייל | 3:העלאה
w1754	identify	לזהות	לזהות | להזדהות	2:להזדהות
w1755	illness	מחלה	מחלה | חולי	2:חולי
w1757	impatient	חסר סבלנות	חסר סבלנות | קצר רוח	2:קצר רוח
w1761	in conclusion	לסיכום	לסיכום | לסיום	2:לסיום
w1763	increase	להגדיל, להגביר	לעלות | עלייה	1:לעלות | 2:עלייה
w1764	indication	אינדיקציה, סימן ל-	סימן | רמז	1:סימן | 2:רמז
w1765	industry	תעשייה	תעשייה | חריצות	2:חריצות
w1766	infected	הודבק	נגוע | להדביק	1:נגוע | 2:להדביק
w1767	infection	זיהום	זיהום | הדבקה	2:הדבקה
w1770	ingredients	מרכיבים	מרכיב	1:מרכיב
w1773	insanity	אי שפיות	שיגעון | טירוף	1:שיגעון | 2:טירוף
w1775	inspiring	נותן השראה	מעורר השראה	1:מעורר השראה
w1776	institute	מוסד, מכון; לכונן	מכון | לייסד	2:לייסד
w1780	interrupt	להפריע	להפריע | לקטוע	2:לקטוע
w1781	invent	להמציא	להמציא | לבדות	2:לבדות
w1785	labor	להתאמץ; עבודה, עמל, לעמול	עבודה | לידה	2:לידה
w1786	lack	מחסור	חוסר | לחסר	1:חוסר | 2:לחסר
w1787	lame	צולע	צולע | גרוע	2:גרוע
w1789	lifetime	תקופת החיים, במשך החיים	חיים | משך חיים	1:חיים | 2:משך חיים
w1792	locate	לאתר	לאתר | למקם	2:למקם
w1793	log	יומן, לתעד ביומן; בול עץ	בול עץ | יומן | לתעד	3:לתעד
w1797	luxury	מותרות	מותרות | פאר	2:פאר
w1801	measure	אמצעי; למדוד	למדוד | אמצעי | מידה	3:מידה
w1803	melt	להמיס	להימס | להמיס	1:להימס
w1804	minor	קטין; סולם מינור (במוזיקה); קטן, שולי	משני | קטין | זניח	1:משני | 3:זניח
w1806	moral	מוסר	מוסרי | מוסר השכל	1:מוסרי | 2:מוסר השכל
w1807	mortal	קטלני; אנושי, בן תמותה	בן תמותה | אנוש	2:אנוש
w1814	observe	להתבונן, להבחין	לצפות | לשמור | להעיר	1:לצפות | 2:לשמור | 3:להעיר
w1815	offend	להעליב	לפגוע | להעליב	1:לפגוע
w1816	offensive	מעליב, פוגעני	פוגעני | התקפה	2:התקפה
w1819	orbit	מסלול (סביב גרם שמים); להקיף במסלול, לחוג	מסלול | להקיף	2:להקיף
w1822	outstanding	יוצא מן הכלל, מצוין	מצוין | בולט | פתוח	2:בולט | 3:פתוח
w1823	oven	תנור בישול	תנור	1:תנור
w1825	pad	לרפד	פנקס | רפידה | לרפד	1:פנקס | 2:רפידה
w1827	parallel	מקביל	מקביל | מקבילה	2:מקבילה
w1831	perform	לבצע, להציג	לבצע | להופיע	2:להופיע
w1832	permanently	באופן קבוע, לצמיתות	לצמיתות | לתמיד	2:לתמיד
w1833	pharmacy	בית מרקחת	בית מרקחת | רוקחות	2:רוקחות
w1835	poisonous	רעיל	רעיל | ארסי	2:ארסי
w1842	primary	יסודי, עיקרי	עיקרי | ראשוני	2:ראשוני
w1844	privilege	זכות יתר, פריווילגיה	זכות יתר | פריבילגיה	2:פריבילגיה
w1845	produce	לייצר; תוצר, ירקות ופירות	לייצר | תוצרת | להפיק	2:תוצרת | 3:להפיק
w1847	promotion	קידום	קידום | מבצע	2:מבצע
w1850	provoke	להתגרות, להסית	לעורר | להתגרות	1:לעורר
w1851	publisher	מוציא לאור	מוציא לאור | הוצאה לאור	2:הוצאה לאור
w1852	purse	ארנק	ארנק | תיק יד	2:תיק יד
w1855	rarely	לעיתים נדירות	לעתים רחוקות	1:לעתים רחוקות
w1857	razor	סכין גילוח	תער	1:תער
w1858	reasonable	הגיוני	סביר | הגיוני	1:סביר
w1861	recognition	הכרה	הכרה | זיהוי	2:זיהוי
w1862	recover	להתאושש	להחלים | להתאושש | לשחזר	1:להחלים | 3:לשחזר
w1863	reference	התייחסות, הפניה	התייחסות | מקור | המלצה	2:מקור | 3:המלצה
w1865	registration	הרשמה	הרשמה | רישום	2:רישום
w1867	relative	קרוב-משפחה; יחסי	קרוב משפחה | יחסי	1:קרוב משפחה
w1871	require	לדרוש, דרישה	לדרוש | להצריך	2:להצריך
w1872	reserve	עתודה, מילואים; לשמור; שמורה	להזמין מראש | לשמור | רזרבה	1:להזמין מראש | 3:רזרבה
w1874	resist	להתנגד	להתנגד | לעמוד בפני	2:לעמוד בפני
w1875	resistance	התנגדות, מחתרת	התנגדות | עמידות	2:עמידות
w1876	resort	אתר נופש; לנקוט באמצעים	אתר נופש | לנקוט	2:לנקוט
w1879	reveal	לחשוף	לחשוף | לגלות	2:לגלות
w1881	ritual	טקס, פולחן	טקס | טקסי	2:טקסי
w1882	rival	יריב	יריב | מתחרה | להתחרות	2:מתחרה | 3:להתחרות
w1885	rub	לשפשף	לשפשף | שפשוף	2:שפשוף
w1887	ruins	הריסות, עיי חורבות	חורבה	1:חורבה
w1889	sailor	ימאי	מלח	1:מלח
w1890	satellite	לווין	לוויין	1:לוויין
w1891	satisfaction	שביעות רצון	סיפוק | שביעות רצון	1:סיפוק
w1892	satisfy	לרצות, לספק	לספק | להשביע רצון	2:להשביע רצון
w1894	secure	להבטיח, לשמור, להגן	בטוח | לאבטח | להשיג	1:בטוח | 2:לאבטח | 3:להשיג
w1895	sequence	רצף	רצף | סדרה	2:סדרה
w1897	session	מפגש, פגישה; מושב	מפגש | ישיבה	2:ישיבה
w1898	sheet	סדין; דף	סדין | גיליון	2:גיליון
w1900	shelter	מקלט	מחסה | מקלט	1:מחסה
w1901	shiny	נוצץ, בוהק	מבריק | נוצץ	1:מבריק
w1902	shrink	לכווץ ,כיווץ	להתכווץ | פסיכיאטר	1:להתכווץ | 2:פסיכיאטר
w1903	significant	משמעותי	משמעותי | ניכר | חשוב	2:ניכר | 3:חשוב
w1906	sketch	שרטוט, איור, סקיצה	סקיצה | לשרטט	2:לשרטט
w1908	spill	לשפוך	לשפוך | דליפה	2:דליפה
w1912	stable	יציב	יציב | אורווה	2:אורווה
w1913	stack	ערמה	ערימה | לערום	1:ערימה | 2:לערום
w1915	stamp	בול, חותמת	בול | להטביע	2:להטביע
w1916	starve	לרעוב	לרעוב | להרעיב	2:להרעיב
w1918	steel	פלדה	פלדה | להתחשל	2:להתחשל
w1919	sticky	דביק	דביק | בעייתי	2:בעייתי
w1920	straighten	ליישר	ליישר | להזדקף	2:להזדקף
w1922	strict	נוקשה	קפדני | נוקשה	1:קפדני
w1923	stripes	פסים	פס | דרגה	1:פס | 2:דרגה
w1924	struggle	מאבק, מאמץ	להיאבק | מאבק	1:להיאבק
w1926	stunt	פעלול	תרגיל מסוכן | לעכב	1:תרגיל מסוכן | 2:לעכב
w1929	succeed	הצליח	להצליח | לרשת	1:להצליח | 2:לרשת
w1932	supportive	תומך	תומך | מעודד	2:מעודד
w1933	supreme	עליון	עליון | עילאי	2:עילאי
w1934	suspicious	חשוד (משהו)	חשדן | חשוד	1:חשדן
w1935	swallow	לבלוע	לבלוע | סנונית	2:סנונית
w1936	swing	לנדנד, נדנדה	להתנדנד | נדנדה	1:להתנדנד
w1938	territory	תחום, שטח	שטח | טריטוריה	2:טריטוריה
w1941	toes	בהונות	אצבע רגל | בוהן	1:אצבע רגל | 2:בוהן
w1943	toward	אל, אל עבר	לכיוון | לעבר	1:לכיוון | 2:לעבר
w1944	traffic jam	פקק תנועה	פקק | פקק תנועה	1:פקק
w1945	transition	מעבר, שינוי	מעבר | לעבור	2:לעבור
w1946	trigger	הדק	לגרום | הדק | להפעיל	1:לגרום | 3:להפעיל
w1947	triggered	גרם, עורר, הוביל ל-	לגרום | להפעיל | לעורר	1:לגרום | 2:להפעיל | 3:לעורר
w1948	twist	סיבוך, סיבוב	לפתל | תפנית	1:לפתל | 2:תפנית
w1950	ultimate	מוחלט, סופי	סופי | מוחלט | עליון	3:עליון
w1951	uncertain	לא בטוח	לא בטוח | מסופק	2:מסופק
w1953	unfortunate	מצער	מצער | ביש מזל	2:ביש מזל
w1954	unlike	שלא כמו	בניגוד ל | שונה	1:בניגוד ל | 2:שונה
w1955	unnecessary	לא הכרחי	מיותר	1:מיותר
w1958	valid	תקף	תקף | הגיוני	2:הגיוני
w1959	valuable	יקר ערך	יקר ערך | חשוב	2:חשוב
w1960	variety	מבחר, מגוון	מגוון | זן	2:זן
w1961	various	מגוון	מגוון | שונה	2:שונה
w1966	warmth	חום	חום | חמימות	2:חמימות
w1970	weigh	לשקול	לשקול | להכביד	2:להכביד
w1972	whistle	משרוקית, לשרוק	לשרוק | משרוקית | שריקה	3:שריקה
w1974	wisdom	חכמה, בינה	חוכמה	1:חוכמה
w1977	absence	היעדרות, היעדר; אי-נוכחות	היעדרות | העדר	2:העדר
w1978	abuse	התעללות, ניצול; להתעלל, לנצל	התעללות | להתעלל | שימוש לרעה	3:שימוש לרעה
w1979	account	חשבון; דיווח, תיאור; account for — להסביר; take into account — להתחשב	חשבון | תיאור | להסביר	3:להסביר
w1980	accurate	מדויק	מדויק | נכון	2:נכון
w1981	actual	ממשי	ממשי | אמיתי	2:אמיתי
w1984	admit	להודות; להכניס, לקבל לתוך קבוצה	להודות | לקבל	2:לקבל
w1989	ally (allies)	בן-ברית (בנות-ברית)	בעל ברית	1:בעל ברית
w1992	announcement	הכרזה	הודעה	1:הודעה
w1995	apparently	כנראה	כנראה | לכאורה	2:לכאורה
w1999	approach	גישה, שיטה; להתקרב, לפנות אל	גישה | לגשת | להתקרב	2:לגשת
w2000	appropriate	מתאים	מתאים | הולם	2:הולם
w2005	as far as	לגבי, בכל הנוגע ל-	ככל ש	1:ככל ש
w2007	associate	לקשר	לקשר | עמית	2:עמית
w2008	assume	להניח	להניח | לקחת על עצמו	2:לקחת על עצמו
w2009	attend	להשתתף, להיות נוכח	להשתתף | לטפל	2:לטפל
w2010	attorney	עורך-דין	עורך דין	1:עורך דין
w2013	barn	אסם	אסם | רפת	2:רפת
w2015	belief	אמונה	אמונה | דעה	2:דעה
w2016	bend	לכופף	לכופף | עיקול	2:עיקול
w2018	bent	כופף	כפוף | נחוש	1:כפוף | 2:נחוש
w2019	berry	גרגרי יער	גרגר | פרי יער	1:גרגר | 2:פרי יער
w2020	betray	לבגוד	לבגוד | לחשוף	2:לחשוף
w2021	biblical	תנ"כי	מקראי | תנכי	1:מקראי | 2:תנכי
w2022	blame	להאשים	להאשים | אשמה	2:אשמה
w2023	blanket	שמיכה	שמיכה | לכסות	2:לכסות
w2024	blew	נשב (רוח), ניפח, פוצץ	לנשוב	1:לנשוב
w2025	blow, blew	לנשוף, נשף; לפוצץ, פוצץ	לנשוף | מכה | להתפוצץ	2:מכה | 3:להתפוצץ
w2027	bold	אמיץ, חצוף; מודגש	נועז | מודגש	1:נועז
w2030	broad	נרחב	רחב | כללי	1:רחב | 2:כללי
w2031	broadcast	לשדר	לשדר | שידור	2:שידור
w2032	butcher	קצב; לשחוט	קצב | לטבוח	2:לטבוח
w2034	capable	מסוגל, יכול	מסוגל | כשיר	2:כשיר
w2035	capital	עיר בירה; אות גדולה; ראשי, משמעותי; הון	בירה | הון | ראשי	1:בירה
w2038	clash	התנגשות	להתנגש | התנגשות	1:להתנגש
w2039	clay	חימר	חימר | חרסית	2:חרסית
w2044	collapse	להתמוטט	לקרוס | להתמוטט | קריסה	1:לקרוס | 3:קריסה
w2050	compromise	להתפשר	פשרה | להתפשר | לסכן	1:פשרה | 3:לסכן
w2051	concern	דאגה, עניין	דאגה | עניין | להדאיג	3:להדאיג
w2052	conclusion	מסקנה	מסקנה | סיום	2:סיום
w2054	confess	להודות	להודות | להתוודות	2:להתוודות
w2055	confession	וידוי	הודאה | וידוי	1:הודאה
w2056	construct	לבנות	לבנות | מבנה	2:מבנה
w2057	contest	תחרות; לערער על, לחלוק על; להתמודד על	תחרות | לערער	2:לערער
w2058	contrary	להפך, בניגוד ל-	מנוגד | הפך	1:מנוגד | 2:הפך
w2059	convenient	נוח	נוח | מתאים	2:מתאים
w2060	copper	נחושת	נחושת | שוטר	2:שוטר
w2061	correlate	לתאם, לקשר	להתאים | לקשר	1:להתאים
w2066	critique	ביקורת	ביקורת | לבקר	2:לבקר
w2069	dawn	שחר	שחר | להבין	2:להבין
w2072	declare	להכריז	להכריז | להצהיר	2:להצהיר
w2073	decorate	לקשט	לקשט | לעטר	2:לעטר
w2074	decrease	ירידה, הפחתה; להפחית, לצמצם	לרדת | להפחית | ירידה	1:לרדת
w2075	dedicated	מסור; מוקדש ל-	מסור | להקדיש	2:להקדיש
w2077	demographic	דמוגרפי	דמוגרפי | פלח אוכלוסייה	2:פלח אוכלוסייה
w2078	department-store	חנות כלבו	כלבו	1:כלבו
w2079	deposit	להפקיד, פיקדון	פיקדון | להפקיד | מקדמה	3:מקדמה
w2081	determine	לקבוע	לקבוע | לברר	2:לברר
w2082	differ	להיבדל, לחלוק	להיות שונה | לחלוק על	1:להיות שונה | 2:לחלוק על
w2083	discipline	תחום לימוד/מחקר; להעניש, לחנך, משמעת	משמעת | תחום | להעניש	2:תחום
w2084	discomfort	אי-נוחות	אי נוחות | מבוכה	1:אי נוחות | 2:מבוכה
w2085	disguise	תחפושת	תחפושת | להסוות	2:להסוות
w2086	disloyal	לא נאמן	בוגדני | לא נאמן	1:בוגדני
w2088	doorstep	מפתן הדלת	מפתן	1:מפתן
w2090	draft	גיוס; טיוטה; משיכה; רוח פרצים	טיוטה | לנסח | גיוס	2:לנסח
w2091	dull	סתום; משעמם; עמום	משעמם | קהה | עמום	2:קהה
w2092	duplicate	לשכפל	לשכפל | העתק	2:העתק
w2093	e.g.	לדוגמה	לדוגמה | למשל	2:למשל
w2094	eccentric	מוזר, אקסצנטרי	תמהוני | משונה	1:תמהוני | 2:משונה
w2098	encounter	להיתקל ב-, לפגוש; מפגש, היתקלות	להיתקל | מפגש	1:להיתקל
w2100	endangered	בסכנת הכחדה	בסכנת הכחדה | לסכן	2:לסכן
w2102	engagement	התחייבות; אירוסין	מעורבות | אירוסין	1:מעורבות
w2105	ensure	להבטיח	להבטיח | לוודא	2:לוודא
w2113	establish	לייסד	לייסד | להקים | לבסס	2:להקים | 3:לבסס
w2114	every now and then	לפעמים	מדי פעם	1:מדי פעם
w2115	evolutionary	התפתחותי	אבולוציוני	1:אבולוציוני
w2119	facility	מתקן	מתקן | קלות	2:קלות
w2120	fade	לדהות, לדעוך	לדהות | להיעלם	2:להיעלם
w2123	fancy	מחבב; מגונדר	מפואר | לחבב	1:מפואר | 2:לחבב
w2124	faulty	לקוי, לא תקין	פגום | לקוי	1:פגום
w2125	favored	מועדף	מועדף | להעדיף	2:להעדיף
w2126	figure	גזרה, צורה; ספרה, מספר; דמות; לחשב, להניח, להסיק	מספר | דמות | להבין	3:להבין
w2127	finalize	לסכם, לגבש	לסיים | לגבש	1:לסיים
w2128	folk	עממי	עממי | אנשים	2:אנשים
w2129	for the most part	בדרך-כלל	בעיקר	1:בעיקר
w2130	forecast	תחזית	תחזית | לחזות	2:לחזות
w2131	forgettable	שאפשר לשכוח אותו	נשכח	1:נשכח
w2135	fortunate	בעל מזל	בר מזל	1:בר מזל
w2137	fulfill	להגשים	למלא | להגשים	1:למלא
w2139	gamble	הימר	להמר | הימור	1:להמר | 2:הימור
w2141	genuine	אמיתי, מקורי	אמיתי | כן	2:כן
w2142	gesture	מחווה	מחווה | תנועת יד	2:תנועת יד
w2143	given that	בהתחשב בכך	בהינתן ש | מאחר ש	1:בהינתן ש | 2:מאחר ש
w2144	graduate	לסיים לימודים	בוגר | לסיים לימודים	1:בוגר
w2145	gross	ברוטו, גלמי; ענק, דוחה	גועלי | ברוטו | גס	1:גועלי | 3:גס
w2148	gymnasium	אולם ספורט	אולם התעמלות | חדר כושר	1:אולם התעמלות | 2:חדר כושר
w2150	hardly ever	כמעט אף פעם	לעיתים רחוקות	1:לעיתים רחוקות
w2151	harmless	שאינו מזיק	לא מזיק | תמים	1:לא מזיק | 2:תמים
w2152	harsh	נוקשה, אכזרי	קשה | חמור	1:קשה | 2:חמור
w2154	hilarious	מצחיק	מצחיק מאוד | משעשע	1:מצחיק מאוד | 2:משעשע
w2155	horrific	אָיוֹם	מזעזע | איום	1:מזעזע
w2158	imaginative	בעל דמיון עשיר, יצירתי, מלא דמיון	יצירתי | בעל דמיון	2:בעל דמיון
w2160	import	לייבא	לייבא | ייבוא | חשיבות	2:ייבוא | 3:חשיבות
w2162	in a word	במילה אחת	בקיצור | במילה אחת	1:בקיצור
w2163	in contrast to	בניגוד ל-	בניגוד ל	1:בניגוד ל
w2164	in favor of	לטובת	בעד	1:בעד
w2167	inclusive	כולל	מכיל | כוללני	1:מכיל | 2:כוללני
w2168	index	מדד; מפתח (רשימת ערכים אלפביתית בסוף ספר)	מדד | אינדקס	2:אינדקס
w2169	indicate	להצביע על	לציין | להצביע על	1:לציין
w2171	influential	רב-השפעה	משפיע	1:משפיע
w2172	inject	להזריק	להזריק | להחדיר	2:להחדיר
w2173	injure	לפצוע	לפצוע | לפגוע	2:לפגוע
w2176	insist	להתעקש	להתעקש | לדרוש	2:לדרוש
w2178	integrate	לשלב	לשלב | להשתלב	2:להשתלב
w2184	involve	לערב	לכלול | לערב	1:לכלול
w2185	jog	ריצה, ג'וגינג, לרוץ	לרוץ | לרענן	2:לרענן
w2188	judgment	שיפוט	שיפוט | שיקול דעת | פסק דין	2:שיקול דעת | 3:פסק דין
w2189	just	מדויק, אמיתי; רק, בלבד; צודק, הוגן	רק | בדיוק | צודק	2:בדיוק
w2190	lane	מסלול	נתיב	1:נתיב
w2193	legalize	להפוך חוקי, לאשר	להכשיר | להסדיר	1:להכשיר | 2:להסדיר
w2195	lengthy	ארוך, מייגע	ארוך | ממושך	2:ממושך
w2197	limitation	מגבלה	הגבלה | מגבלה	1:הגבלה
w2202	luggage	מזוודות	כבודה | מזוודה	1:כבודה | 2:מזוודה
w2206	maintain	לשמור על, לתחזק; לטעון, לגרוס	לשמור | לתחזק | לטעון	1:לשמור
w2207	mandate	מנדט, ייפוי כוח	מנדט | לחייב	2:לחייב
w2208	manner	התנהגות, אופן	אופן | דרך	2:דרך
w2210	marine	ימי	ימי | נחת	2:נחת
w2213	memorial	אנדרטה, מונומנט הנצחה; אזכרה; של זיכרון	אנדרטה | הנצחה	2:הנצחה
w2216	migrate	להגר	לנדוד | להגר	1:לנדוד
w2219	modernize	להפוך למודרני	לחדש | לעדכן	1:לחדש | 2:לעדכן
w2222	monumental	גדול, אדיר	אדיר | כביר	2:כביר
w2226	nationality	לאום	לאום | אזרחות	2:אזרחות
w2227	negotiate	לשאת ולתת	לנהל מו"מ | להתמקח	1:לנהל מו"מ | 2:להתמקח
w2229	nominated	מועמד	למנות	1:למנות
w2231	novel	רומן, סיפור; חדש	רומן | חדשני	2:חדשני
w2232	objection	התנגדות	התנגדות | הסתייגות	2:הסתייגות
w2234	occur	קרה, התרחש	להתרחש | לקרות	1:להתרחש | 2:לקרות
w2236	odd	מוזר; אי זוגי	מוזר | אי-זוגי	2:אי-זוגי
w2238	on the contrary	להפך, אדרבא, נהפוך הוא	להיפך	1:להיפך
w2239	once in a while	מידי פעם	מדי פעם | לפעמים	1:מדי פעם | 2:לפעמים
w2241	oppose	להתנגד ל-, להתייצב נגד	להתנגד	1:להתנגד
w2242	orchestrate	לתאם, לתזמר	לתזמר | לארגן	2:לארגן
w2243	ordinary	רגיל	רגיל | פשוט	2:פשוט
w2244	organ	אורגן (כלי נגינה); איבר	איבר | עוגב	2:עוגב
w2245	orientation	התמצאות	התמצאות | כיוון	2:כיוון
w2252	passive	סביל	פסיבי | סביל	1:פסיבי
w2255	permit	אישור, רישיון; להרשות	להתיר | רישיון	1:להתיר
w2258	pit	בור	בור | גלעין	2:גלעין
w2259	plague	מגפה	מגפה | להטריד	2:להטריד
w2260	plot	עלילה; חלקה (חלקת אדמה); להכין תרשים; לזמום, לקשור קשר	עלילה | מגרש | לזמם	2:מגרש | 3:לזמם
w2262	polish	פולני; להבריק, לצחצח	לצחצח | ליטוש	2:ליטוש
w2263	possession	בעלות, חזקה	רכוש | חזקה	1:רכוש
w2265	praise	לשבח	לשבח | שבח	2:שבח
w2267	preferable	עדיף	עדיף | מועדף	2:מועדף
w2271	prior	קודם	קודם | לפני	2:לפני
w2273	procedure	הליך, נוהל	הליך | נוהל | תהליך	3:תהליך
w2275	progressive	מתקדם ומתמשך	מתקדם | פרוגרסיבי	1:מתקדם | 2:פרוגרסיבי
w2276	property	תכונה; רכוש	רכוש | נכס | תכונה	2:נכס
w2277	publication	פרסום; מאמר/כתב עת שפורסם; הוצאה לאור	פרסום | כתב עת	2:כתב עת
w2280	radically	באופן קיצוני	באופן קיצוני | מהיסוד	2:מהיסוד
w2281	rather	עדיף; למדי	די | למדי	1:די
w2282	recall	להיזכר; להחזיר, להשיב צלצול	לזכור | להיזכר	1:לזכור
w2283	refund	החזר	החזר כספי | להחזיר	1:החזר כספי | 2:להחזיר
w2285	refuse	אשפה, זבל; לסרב	לסרב | פסולת	2:פסולת
w2286	remains	נשאר, עדיין; שרידים	להישאר | שריד	1:להישאר | 2:שריד
w2287	remarkable	ראוי לציון, יוצא דופן	יוצא דופן | מדהים	2:מדהים
w2289	reservation	שמורה; שריון מקום	הזמנה | הסתייגות	1:הזמנה | 2:הסתייגות
w2292	result in	הסתיים ב-	לגרום ל | להוביל ל	1:לגרום ל | 2:להוביל ל
w2294	retreat	לסגת, נסיגה	לסגת | נסיגה | מפלט	3:מפלט
w2295	revolutionary	מהפכני	מהפכני | מהפכן	2:מהפכן
w2296	rubbish	זבל; שטויות	זבל | אשפה	2:אשפה
w2299	scale	מאזניים; לעלות, לטפס; סולם, סקלה	קנה מידה | מאזניים | לטפס	1:קנה מידה
w2303	severe	חמור	חמור | קשה	2:קשה
w2310	slight	קל, מעט	קל | זעיר | להעליב	2:זעיר | 3:להעליב
w2311	snap	להישבר; במהירות (סלנג)	להישבר | תצלום | לצלם	2:תצלום | 3:לצלם
w2312	sober	פיכח	מפוכח | רציני	1:מפוכח | 2:רציני
w2313	sophisticated	מתוחכם	מתוחכם | מתורבת	2:מתורבת
w2317	spectacular	מדהים	מרהיב | מרשים	1:מרהיב | 2:מרשים
w2318	spontaneously	ללא תכנון	ספונטנית	1:ספונטנית
w2319	spring	מעיין; אביב	אביב | מעיין | קפיץ	3:קפיץ
w2322	steam	אד, לאדות	קיטור | אדים | לאדות	1:קיטור | 2:אדים
w2324	strike	הכה, התקיף; שביתה	להכות | שביתה | לפגוע	1:להכות | 3:לפגוע
w2325	stun	להמם	להמם | לזעזע	2:לזעזע
w2326	subjective	אישי, משוחד בדעתו	סובייקטיבי	1:סובייקטיבי
w2328	superior	עליון	עדיף | ממונה	1:עדיף | 2:ממונה
w2330	suspense	השהיה, מתח	מתח | דריכות	2:דריכות
w2331	sweep	לטאטא	לטאטא | לגרוף	2:לגרוף
w2332	temple	מקדש	מקדש | רקה	2:רקה
w2333	tend	נוטה	לנטות | לטפל	1:לנטות | 2:לטפל
w2335	terminate	לסיים, לחסל	לסיים | להפסיק	2:להפסיק
w2336	throughout	במשך, בכל	לאורך כל | בכל רחבי	1:לאורך כל | 2:בכל רחבי
w2337	thus	לכן, כך ש-	לכן | לפיכך	2:לפיכך
w2338	to begin with	בתור התחלה	ראשית	1:ראשית
w2339	trace	סימן, עִקְבָה; לעקוב, למצוא	שריד | לאתר	1:שריד | 2:לאתר
w2341	trial	נסיון; משפט	משפט | ניסוי	2:ניסוי
w2344	unattractive	לא מושך	לא מושך | לא אטרקטיבי	2:לא אטרקטיבי
w2345	unconscious	מחוסר הכרה	מחוסר הכרה | לא מודע	2:לא מודע
w2346	uncountable	אינספור	אינספור | בלתי ספיר	2:בלתי ספיר
w2350	unfamiliar	לא מוכר	לא מוכר | זר	2:זר
w2356	unorthodox	לא שגרתי, לא מקובל	לא שגרתי | חריג	2:חריג
w2357	unwilling	לא מוכן, ממאן	לא מוכן | לא מעוניין	2:לא מעוניין
w2361	vertical	מאונך	אנכי	1:אנכי
w2363	visualize	לדמיין	לדמיין | להמחיש	2:להמחיש
w2366	volume	נפח; כרך; עוצמת קול	נפח | עוצמה | כרך	2:עוצמה
w2368	withdraw	לסגת, לפרוש	לסגת | למשוך | לפרוש	2:למשוך
w2377	adore	העריץ, אהב	להעריץ | לאהוב מאוד	1:להעריץ | 2:לאהוב מאוד
w2381	agony	ייסורים	ייסורים | סבל	2:סבל
w2382	align	להסתדר בשורה	ליישר | להתאים	1:ליישר | 2:להתאים
w2385	amusement	שעשוע	שעשוע | בידור	2:בידור
w2386	anchor	עוגן	עוגן | לעגון | קריין	2:לעגון | 3:קריין
w2388	antique	עתיק, ענתיקה	עתיק | עתיקה	2:עתיקה
w2390	applicant	מועמד	מועמד | מבקש	2:מבקש
w2391	artifact	חפץ מעשה ידי אדם, מוצג ארכיאולוגי	חפץ | ממצא	1:חפץ | 2:ממצא
w2394	asset	נכס	נכס | יתרון	2:יתרון
w2395	assign	למנות, להקצות	להקצות | להטיל	2:להטיל
w2396	authorize	להרשות, להסמיך	להסמיך | לאשר	2:לאשר
w2400	bandage	תחבושת	תחבושת | לחבוש	2:לחבוש
w2403	brainwash	לשטוף את המוח	לשטוף מוח	1:לשטוף מוח
w2407	caution	זהירות; להזהיר	זהירות | אזהרה | להזהיר	2:אזהרה
w2408	certify	להצהיר, לאשר	לאשר | להסמיך	2:להסמיך
w2409	circuit	מסלול, להקיף; מעגל חשמלי	מעגל | מסלול	1:מעגל
w2413	coastline	קו/רצועת חוף	קו חוף | חוף	1:קו חוף | 2:חוף
w2421	compensate	לפצות	לפצות | לקזז	2:לקזז
w2423	compost	זבל אורגני	קומפוסט	1:קומפוסט
w2429	conquer	לכבוש	לכבוש | להתגבר על	2:להתגבר על
w2430	conscious	מודע	מודע | בהכרה	2:בהכרה
w2431	consequence	תוצאה	תוצאה | השלכה	2:השלכה
w2433	consistent	עקבי	עקבי | תואם	2:תואם
w2434	consistently	בעקביות	בעקביות | באופן קבוע	2:באופן קבוע
w2435	consume	לצרוך	לצרוך | לכלות	2:לכלות
w2436	consumers	צרכנים	צרכן	1:צרכן
w2437	continuous	מתמשך	רציף	1:רציף
w2442	cornerstone	אבן פינה	אבן פינה | יסוד	2:יסוד
w2447	crop	לקצץ; יבול	יבול | לגזור	2:לגזור
w2451	dairy	מחלבה	חלבי | מחלבה	1:חלבי
w2455	deform	לעוות	לעוות | לסלף	2:לסלף
w2458	dense	צפוף, סמיך	צפוף | סמיך | טיפש	3:טיפש
w2459	desirable	נחשק	רצוי | מבוקש	1:רצוי | 2:מבוקש
w2461	devastated	הרוס, מפורק	הרוס | שבור	2:שבור
w2465	dictate	להכתיב, לפקד	להכתיב | ציווי	2:ציווי
w2468	disapproving	לא מאשר, לא מסכים, לא מרוצה	להתנגד | לגנות	1:להתנגד | 2:לגנות
w2469	disciplined	חינך, העניש; ממושמע	ממושמע | מאופק	2:מאופק
w2472	disobey	להפר, לא לציית	לא לציית | למרוד	2:למרוד
w2477	distract	להסיח את הדעת	להסיח דעת	1:להסיח דעת
w2478	distribute	להפיץ	להפיץ | לחלק	2:לחלק
w2479	distribution	הפצה	הפצה | חלוקה | התפלגות	2:חלוקה | 3:התפלגות
w2482	downhill	מדרון, מורד	במורד | מתדרדר	1:במורד | 2:מתדרדר
w2483	drain	לנקז; ניקוז	לרוקן | נקז	1:לרוקן | 2:נקז
w2484	drift	זרם, סחף	לנדוד | ערימה | נטייה	1:לנדוד | 2:ערימה | 3:נטייה
w2485	drip	לטפטף	לטפטף | טיפה	2:טיפה
w2487	dwarf	לגמד, גמד	גמד | להאפיל על	2:להאפיל על
w2497	enrage	להרגיז, להכעיס	להכעיס | להרתיח	2:להרתיח
w2502	equivalent	מקבילה	שווה ערך | מקבילה	1:שווה ערך
w2503	erosion	סחף, כרסום	שחיקה	1:שחיקה
w2504	essentially	בעיקרו, במהותו	בעצם	1:בעצם
w2505	estimate	להעריך, לאמוד	להעריך | הערכה	2:הערכה
w2506	evaluate	להעריך, לאמוד	להעריך | לשפוט	2:לשפוט
w2507	evaluation	הערכה	הערכה | בדיקה	2:בדיקה
w2509	evident	ברור, נראה לעין	ניכר | ברור	1:ניכר
w2510	exceptional	יוצא דופן, מעולה	יוצא דופן | מצוין	2:מצוין
w2511	exclude	לא לכלול, להוציא מן הכלל, להדיר; למנוע כניסה	להחריג | לא לכלול	1:להחריג
w2513	exhibit	להציג, מוצג	להציג | תערוכה	2:תערוכה
w2515	expedition	משלחת	משלחת | מסע	2:מסע
w2519	exterior	חיצוני	חיצוני | חזית	2:חזית
w2521	extract	לחלץ, להוציא, לעקור; להפיק; תמצית	לחלץ | תמצית | קטע	3:קטע
w2522	faithful	נאמן	נאמן | מדויק	2:מדויק
w2523	farther	רחוק יותר, הלאה, יותר	רחוק	1:רחוק
w2524	fasten	להדק	להדק | לחבר	2:לחבר
w2526	fierce	עז, פראי	עז | אכזרי	2:אכזרי
w2527	findings	ממצאים	ממצא	1:ממצא
w2529	flee, fled	להימלט, נמלט	לברוח | להימלט	1:לברוח
w2531	fluid	נוזל	נוזל | נזיל	2:נזיל
w2535	frequent	תדיר, שכיח	תכוף | לפקוד	1:תכוף | 2:לפקוד
w2538	govern	למשול	לשלוט | לנהל	1:לשלוט | 2:לנהל
w2541	grapes	ענבים	ענב	1:ענב
w2544	grocery	מכולת	מכולת | מצרכים	2:מצרכים
w2545	guidance	הנחיה, הכוונה, הנהגה	הדרכה | הכוונה	1:הדרכה
w2546	handful	קומץ	קומץ | חופן	2:חופן
w2550	herb	עשב	עשב תיבול	1:עשב תיבול
w2553	housemaid	עוזרת בית, מנקה	עוזרת בית | משרתת	2:משרתת
w2558	idolize	להעריץ	להאליל | להעריץ	1:להאליל
w2563	implement	ליישם, להוציא לפועל	ליישם | כלי	2:כלי
w2566	inconsistent	לא עקבי	לא עקבי | סותר	2:סותר
w2570	ingredient	מרכיב	מרכיב | רכיב	2:רכיב
w2571	initiated	יזם, התחיל, אִתְחֵל	ליזום | להתחיל	1:ליזום | 2:להתחיל
w2577	interior	פנימי	פנימי | פנים	2:פנים
w2579	interpretation	פרשנות	פרשנות | פירוש	2:פירוש
w2581	invaders	פולשים	פולש	1:פולש
w2584	inventory	מצאי	מלאי | רשימת מלאי	1:מלאי | 2:רשימת מלאי
w2585	jewel	תכשיט	תכשיט | אבן חן	2:אבן חן
w2587	just as... so...	בדיוק כמו... גם	כשם ש... כך	1:כשם ש... כך
w2589	knot	קשר	קשר | לקשור	2:לקשור
w2596	malfunction	כשל, ליקוי	תקלה | להתקלקל	1:תקלה | 2:להתקלקל
w2597	manufacture	ייצר	לייצר | ייצור	1:לייצר | 2:ייצור
w2598	margin	שוליים, מרווח	שוליים | רווח | הפרש	2:רווח | 3:הפרש
w2604	merge	למזג, לחבר	למזג | להתמזג	2:להתמזג
w2606	misbehave	להתנהג בצורה לא הולמת	להתנהג רע | להשתובב	1:להתנהג רע | 2:להשתובב
w2610	narration	קריינות	קריינות | תיאור	2:תיאור
w2612	obligation	התחייבות	התחייבות | חובה	2:חובה
w2613	observer	משקיף	משקיף | צופה	2:צופה
w2615	occasional	מדי פעם, מקרי	מזדמן | לא תדיר	1:מזדמן | 2:לא תדיר
w2616	occasionally	מידי פעם	מדי פעם | לעיתים	1:מדי פעם | 2:לעיתים
w2617	occasions	הזדמנויות, מקרים	אירוע | הזדמנות	1:אירוע | 2:הזדמנות
w2618	offender	פושע, פוגע	עבריין	1:עבריין
w2619	offense	עבירה; פגיעה	עבירה | עלבון | התקפה	2:עלבון | 3:התקפה
w2623	outlaw	להוציא אל מחוץ לחוק; פורע חוק	לאסור | פורע חוק	1:לאסור
w2624	outpost	מוצב, נקודת קצה	מוצב | מאחז	2:מאחז
w2626	overlaps	חופף	לחפוף | חפיפה	1:לחפוף | 2:חפיפה
w2627	overly	יותר מידי	יותר מדי	1:יותר מדי
w2629	partial	חלקי	חלקי | מוטה	2:מוטה
w2630	participate	השתתף	להשתתף	1:להשתתף
w2631	peek	להציץ	להציץ | הצצה	2:הצצה
w2632	performer	מבצע, מציג	מבצע | אמן	2:אמן
w2635	poll	סקר, הצבעה	סקר | קלפי	2:קלפי
w2640	predict	לצפות מראש	לחזות | לנבא	1:לחזות | 2:לנבא
w2641	prediction	חיזוי, ניבוי	תחזית | ניבוי	1:תחזית
w2642	preserve	לשמר	לשמר | שמורה | ריבה	2:שמורה | 3:ריבה
w2646	promote	לקדם	לקדם | לפרסם	2:לפרסם
w2647	proportion	שיעור, מידה	יחס | פרופורציה | חלק	1:יחס | 2:פרופורציה | 3:חלק
w2648	proposition	הצעה	הצעה | טענה	2:טענה
w2649	publicized	פורסם	לפרסם	1:לפרסם
w2650	pupil	תלמיד	תלמיד | אישון	2:אישון
w2653	puzzled	מבולבל	מבולבל | תמה	2:תמה
w2654	quake	רעד	לרעוד | רעידת אדמה	1:לרעוד | 2:רעידת אדמה
w2655	qualify	להיות מוסמך	להעפיל | להסמיך	1:להעפיל | 2:להסמיך
w2656	railroad	מסילת רכבת	מסילת ברזל | רכבת	1:מסילת ברזל | 2:רכבת
w2660	reconstruct	לשחזר	לשחזר | לבנות מחדש	2:לבנות מחדש
w2662	recruit	לגייס	לגייס | טירון	2:טירון
w2664	refer	מתייחס	להתייחס | להפנות	1:להתייחס | 2:להפנות
w2666	reflection	השתקפות	השתקפות | הרהור	2:הרהור
w2668	regain	להשיג מחדש	להשיב | לשחזר	1:להשיב | 2:לשחזר
w2669	regardless	למרות, ללא קשר	בכל זאת | ללא קשר	1:בכל זאת
w2671	regulation	תקנה	תקנה | רגולציה	2:רגולציה
w2673	relate	להתייחס, לקשר	להתייחס | לספר	2:לספר
w2674	relating	מתייחס	להתייחס | לספר	1:להתייחס | 2:לספר
w2676	relocate	למקם מחדש	לעבור | להעביר	1:לעבור | 2:להעביר
w2680	reside	להתגורר, לשכון	להתגורר | לגור	2:לגור
w2681	resigned	התפטר	להתפטר | משלים	1:להתפטר | 2:משלים
w2684	resume	להמשיך	להמשיך | קורות חיים	2:קורות חיים
w2685	revert	לחזור למצב קודם	לחזור	1:לחזור
w2687	revision	בדיקה מחדש לצורך שיפור	תיקון | עדכון	1:תיקון | 2:עדכון
w2688	revived	קם לתחייה, התחדש	להחיות | להתאושש	1:להחיות | 2:להתאושש
w2689	revolt	מרד	מרד | למרוד	2:למרוד
w2690	rhyme	חרוז	חרוז | לחרוז	2:לחרוז
w2692	robe	חלוק	חלוק | גלימה	2:גלימה
w2694	safeguard	להגן; אמצעי הגנה	להגן | הגנה	2:הגנה
w2697	scholar	אקדמאי, בעל מלגה, מלומד	מלומד | חוקר	2:חוקר
w2698	sensation	תחושה	תחושה | סנסציה	2:סנסציה
w2700	shuttle	מעבורת	הסעה | מעבורת	1:הסעה
w2701	sibling	אח או אחות	אח | אחות	1:אח | 2:אחות
w2702	sideways	הצידה	הצידה | לרוחב	2:לרוחב
w2705	simultaneously	בו זמנית	בו-זמנית | במקביל	1:בו-זמנית | 2:במקביל
w2707	slaughter	לטבוח, לשחוט, טֶבַח	טבח | שחיטה | לטבוח	2:שחיטה
w2709	sneeze	להתעטש	להתעטש | עיטוש	2:עיטוש
w2710	spark	גיץ, ניצוץ	ניצוץ | לעורר | להצית	2:לעורר | 3:להצית
w2711	specify	לפרט	לציין | לפרט	1:לציין
w2714	stain	כתם	כתם | להכתים	2:להכתים
w2715	stalk	גבעול, קנה; לעקוב/לארוב אחרי, להטריד	לעקוב אחרי | גבעול	1:לעקוב אחרי
w2717	stunned	נדהם, היה המום	המום	1:המום
w2718	substitute	תחליף	תחליף | להחליף	2:להחליף
w2719	suburb	פרבר	פרוור	1:פרוור
w2722	summits	פסגות	פסגה | ועידת פסגה	1:פסגה | 2:ועידת פסגה
w2724	supervise	לפקח	לפקח | להשגיח	2:להשגיח
w2725	suppress	לדכא, לכבוש	לדכא | להשתיק	2:להשתיק
w2728	suspend	להשעות	להשעות | לתלות | להשהות	2:לתלות | 3:להשהות
w2733	terrify	להפחיד, להבעית	להפחיד | להבהיל	2:להבהיל
w2734	tilt	להטות, שיפוע	להטות | הטיה	2:הטיה
w2735	tolerance	סובלנות	סובלנות | סבילות	2:סבילות
w2737	transmit	לשדר	לשדר | להעביר	2:להעביר
w2739	trim	לגזום	לגזום | לקצץ	2:לקצץ
w2740	triumph	ניצחון	ניצחון | לנצח	2:לנצח
w2741	troop	יחידה צבאית; חייל	יחידה	1:יחידה
w2742	tutor	מורה פרטי, להדריך	מורה פרטי | ללמד	2:ללמד
w2744	unconcerned	לא מודאג	אדיש | לא מודאג	1:אדיש
w2745	unconventional	לא שיגרתי	לא שגרתי	1:לא שגרתי
w2748	unholy	לא קדוש, לא מוסרי	לא קדוש | נורא	2:נורא
w2751	utilize	השתמש	להשתמש ב | לנצל	1:להשתמש ב | 2:לנצל
w2752	validate	אימת, נתן תוקף	לאמת | לאשר	1:לאמת | 2:לאשר
w2755	vary	משתנה	להשתנות	1:להשתנות
w2757	vest	אפודה	אפוד | גופייה	1:אפוד | 2:גופייה
w2759	voyage	מסע	מסע | הפלגה	2:הפלגה
w2760	wander	להסתובב, לשוטט	לשוטט | לתעות	2:לתעות
w2761	whether... or...	בין אם... או...	בין אם... ובין אם...	1:בין אם... ובין אם...
w2762	widely	בצורה נרחבת	בהרחבה	1:בהרחבה
w2771	acknowledge	להכיר ב-, להודות ב-; לאשר קבלה	להודות | לאשר	1:להודות | 2:לאשר
w2774	adjust	להתרגל; לכוונן	להתאים	1:להתאים
w2775	admirable	נערץ, ראוי להערצה	מעורר הערצה | מרשים	1:מעורר הערצה | 2:מרשים
w2776	advancement	התקדמות; מקדמה	קידום | התקדמות	1:קידום
w2777	advocate	תומך, מצדד; פרקליט; לדגול ב-, לתמוך בגלוי ב-	לתמוך | תומך	1:לתמוך
w2781	airborne	נישא באוויר	מוטס | באוויר	1:מוטס | 2:באוויר
w2784	alternate	חלופי; התחלף, עבר מדבר אחד לשני וחזרה	להתחלף | חלופי	1:להתחלף
w2789	appeal	לבקש; מדבר אל, מושך; לערער	משיכה | לפנות | לערער	1:משיכה | 2:לפנות
w2790	applaud	מחא כפיים, הריע	למחוא כפיים | להריע	1:למחוא כפיים | 2:להריע
w2791	appreciation	הערכה	הערכה | תודה	2:תודה
w2793	arise	להופיע, לעלות	לצוץ | להתעורר	1:לצוץ | 2:להתעורר
w2794	arousing	מעורר	מעורר | מגרה | לעורר	2:מגרה | 3:לעורר
w2797	audit	ביקורת	ביקורת | לבקר	2:לבקר
w2799	bare	חשוף, ריק, לחשוף	חשוף | עירום	2:עירום
w2802	beneficial	מועיל, רווחי	מועיל | מיטיב	2:מיטיב
w2803	beware	היזהר	להיזהר	1:להיזהר
w2806	breed	מין, גזע; להרביע, להפרות	לגדל | זן	1:לגדל | 2:זן
w2807	briefly	בקצרה	בקצרה | לזמן קצר	2:לזמן קצר
w2810	cater	לספק	לספק קייטרינג | לשרת	1:לספק קייטרינג | 2:לשרת
w2815	certainty	וודאות	ודאות	1:ודאות
w2817	characteristic	מאפיין	מאפיין | אופייני	2:אופייני
w2818	civil	אדיב; אזרחי	אזרחי | מנומס	2:מנומס
w2819	cockroach	מקק, ג'וק	ג'וק | תיקן	2:תיקן
w2820	coffin	ארון מתים	ארון קבורה	1:ארון קבורה
w2822	cologne	קולון, בושם (של גבר)	אודקולון | בושם	1:אודקולון
w2823	colossal	עצום	עצום | ענק	2:ענק
w2825	comply	להסכים, לציית	לציית | לקיים	2:לקיים
w2829	conquistador	כובש	כובש | קונקיסטדור	2:קונקיסטדור
w2831	conserve	לשמר	לשמר | לחסוך	2:לחסוך
w2832	considering	בהתחשב ב-, לאור; (כפועל) שוקל	בהתחשב ב | לאור	1:בהתחשב ב
w2834	continuity	המשכיות, רצף הגיוני	רציפות | המשכיות	1:רציפות
w2838	conveniently	באופן נוח	בנוחות	1:בנוחות
w2839	convention	מוסכמה; ועידה, כנס	מוסכמה | כנס | אמנה	3:אמנה
w2844	cripple	להטיל מום	לשתק | נכה	1:לשתק | 2:נכה
w2845	crucial	מכריע, קריטי	חיוני | קריטי	1:חיוני
w2848	dart	חץ	חץ | לזנק	2:לזנק
w2849	dealt	עסק ב, חולק (קלפים, ניירת)	להתמודד | לטפל | לחלק	1:להתמודד | 2:לטפל | 3:לחלק
w2850	decay	ריקבון	להירקב | ריקבון	1:להירקב
w2851	decline	לרדת; לדחות; ירידה	לרדת | לסרב | ירידה	2:לסרב
w2853	deflate	להוציא אוויר מ-	לרוקן | להחליש	1:לרוקן | 2:להחליש
w2855	delight	תענוג	תענוג | לשמח	2:לשמח
w2858	descend	ירד, הדרדר	לרדת	1:לרדת
w2859	despair	להתייאש	ייאוש | להתייאש	1:ייאוש
w2860	despise	לתעב	לבוז | לתעב	1:לבוז
w2862	determined	נחוש, נחרץ	נחוש | לקבוע	2:לקבוע
w2864	discontent	חוסר שביעות רצון	אי שביעות רצון	1:אי שביעות רצון
w2865	discourage	לשכנע שלא לעשות משהו	לייאש | להניא	1:לייאש | 2:להניא
w2866	disgrace	בושה	חרפה | קלון	1:חרפה | 2:קלון
w2868	disposable	חד-פעמי	חד פעמי	1:חד פעמי
w2870	disregard	להתעלם	להתעלם | זלזול	2:זלזול
w2871	dissolve	להתמוסס	להתמוסס | לפרק	2:לפרק
w2872	distinct	ברור, נפרד	מובהק | נבדל	1:מובהק | 2:נבדל
w2873	distinctive	מיוחד	ייחודי	1:ייחודי
w2874	distress	מצוקה	מצוקה | לצער	2:לצער
w2875	disuse	חוסר שימוש	אי-שימוש	1:אי-שימוש
w2877	divine	אלוהי	אלוהי | לנחש	2:לנחש
w2879	dread	פחד, לפחד	לחשוש | אימה	1:לחשוש | 2:אימה
w2880	due	צריך להיעשות, זמנו הגיע; בשל	מגיע | צפוי	1:מגיע | 2:צפוי
w2881	eager	נלהב, משתוקק, כמה	להוט | נלהב	1:להוט
w2883	embrace	לחבק, לאמץ לקרבו	לחבק | לאמץ	2:לאמץ
w2884	emerge	להגיח, להופיע	לצוץ | להופיע	1:לצוץ
w2887	endurance	כוח סבל	סיבולת	1:סיבולת
w2888	endure	לסבול, להחזיק מעמד	לסבול | לשרוד	2:לשרוד
w2889	enhance	להעצים	לשפר | להעצים	1:לשפר
w2890	enthusiast	חובב נלהב	חובב	1:חובב
w2892	estate	אחוזה; נכס	אחוזה | עיזבון	2:עיזבון
w2894	excessive	יתר, מוגזם	מופרז	1:מופרז
w2896	exhaust	לרוקן, למצות, להתיש; (ש״ע) גזי פליטה, צינור מפלט	להתיש | למצות | פליטה	3:פליטה
w2897	exile	להגלות, לגרש	גלות | להגלות | גולה	1:גלות | 3:גולה
w2899	exploit	פעולות, מעשים; לנצל, להפיק תועלת	לנצל | הישג	2:הישג
w2900	extensive	נרחב	נרחב | מקיף	2:מקיף
w2902	fabric	בד	בד | מרקם	2:מרקם
w2906	fine	קטן, עדין, דקיק; משביע רצון; משובח, מצוין; קנס	בסדר | קנס | עדין	1:בסדר
w2907	firm	מוצק; נחוש, תקיף; חברה (פירמה)	יציב | תקיף | חברה	1:יציב
w2908	footage	קטע צילום	קטעי וידאו	1:קטעי וידאו
w2909	for the sake of	למען	למען | בשביל	2:בשביל
w2910	forceful	תקיף, נמרץ, בעל עוצמה	תקיף | עוצמתי	2:עוצמתי
w2911	foresee	לצפות מראש	לצפות	1:לצפות
w2913	fraction	שבר	שבר | חלק קטן	2:חלק קטן
w2914	fracture	שבר	שבר | לשבור	2:לשבור
w2915	fragrance	ניחוח	ניחוח | בושם	2:בושם
w2916	fundraiser	מגייס כספים	גיוס כספים	1:גיוס כספים
w2918	furthermore	זאת ועוד	יתר על כן	1:יתר על כן
w2919	genesis	ספר בראשית; היווצרות, התהוות	ראשית	1:ראשית
w2921	glance	מבט חטוף	מבט | להעיף מבט	1:מבט | 2:להעיף מבט
w2922	goods	סחורה, טובין	סחורה | מוצרים	2:מוצרים
w2923	grace	חסד, חינניות	חן | חסד	1:חן
w2927	grief	יגון, צער	צער | אבל	2:אבל
w2929	growled	נהם	לנהום	1:לנהום
w2930	habitat	סביבת מגורים	בית גידול | סביבת מחיה	1:בית גידול | 2:סביבת מחיה
w2931	halve	לחלק לשניים, להקטין בחצי	לחלק לחצי	1:לחלק לחצי
w2938	hibernate	לישון שנת חורף	לחרוף	1:לחרוף
w2943	howl	יללה, לילל	לייליל | יללה	1:לייליל
w2945	ignite	להצית	להצית | לעורר	2:לעורר
w2949	implications	השלכות, משמעות	השלכה | משמעות	1:השלכה
w2951	impose	לכפות	להטיל | להטריח	1:להטיל | 2:להטריח
w2952	imprisoned	כלוא	לכלוא | כלוא	1:לכלוא
w2953	impulsively	ללא שיקול דעת	בפזיזות	1:בפזיזות
w2955	inadequate	לקוי, לא מספיק	לא מספיק | לא הולם	2:לא הולם
w2956	incidentally	דרך אגב	אגב	1:אגב
w2957	incompetence	חוסר יכולת	חוסר כשירות	1:חוסר כשירות
w2958	indebted	חייב ל-, אסיר תודה	אסיר תודה | חייב	2:חייב
w2961	infiltrate	להסתנן	לחדור	1:לחדור
w2963	inhabitants	תושבים	תושב	1:תושב
w2967	intact	ללא פגע	שלם | ללא פגע	1:שלם
w2968	intersection	צומת, הצטלבות	צומת | חיתוך	2:חיתוך
w2970	intimidate	להפחיד	להפחיד | לאיים	2:לאיים
w2971	irresistible	שלא ניתן לעמוד בפניו	מפתה | כובש	1:מפתה | 2:כובש
w2974	janitor	שרת	אב בית | שרת	1:אב בית
w2976	laid	מונח	להניח | להטיל	1:להניח | 2:להטיל
w2977	lean	להישען	להישען | רזה	2:רזה
w2978	lie, lay	לשכב, שכב	לשכב | להימצא	2:להימצא
w2979	likewise	כמו-כן, באותו אופן	כמו כן | גם כן	1:כמו כן | 2:גם כן
w2980	limb	גף, איבר; קצה	גפה | איבר	1:גפה
w2982	lurking	אורב, מתגנב	לארוב | להתחבא	1:לארוב | 2:להתחבא
w2983	magnitude	גודל, חשיבות	גודל | עוצמה	2:עוצמה
w2988	massacre	טֶבַח	טבח | לטבוח	2:לטבוח
w2989	mastery	מומחיות	שליטה | מומחיות	1:שליטה
w2990	match	גפרור; התאמה, להתאים	משחק | גפרור | להתאים	1:משחק
w2993	medieval	מתקופת ימי הביניים	ביניימי	1:ביניימי
w2994	merely	רק, לא יותר מ-	רק | בסך הכל	2:בסך הכל
w2996	merit	ערך, הישג	מעלה | להצדיק	1:מעלה | 2:להצדיק
w2997	mild	מתון, עדין	מתון | קל	2:קל
w3000	misty	מעורפל	ערפילי | מעורפל	1:ערפילי
w3001	mock	ללעוג	ללעוג | מדומה	2:מדומה
w3003	modest	צנוע	צנוע | מתון	2:מתון
w3004	moist	לח, לחלוחי, טחוב	לח | רטוב	2:רטוב
w3005	mole	חפרפרת; שומה	חפרפרת | שומה | מרגל	3:מרגל
w3006	moreover	זאת ועוד	יתרה מזאת | בנוסף	1:יתרה מזאת | 2:בנוסף
w3008	mourning	אבל, מתאבל	אבל | להתאבל	2:להתאבל
w3009	mutually	באופן שווה/הדדי	הדדית	1:הדדית
w3013	nevertheless	למרות זאת	בכל זאת	1:בכל זאת
w3014	newscaster	מגיש חדשות	קריין חדשות	1:קריין חדשות
w3015	nobility	אצולה	אצולה | אצילות	2:אצילות
w3017	numb	רדום, חסר תחושה	קהה	1:קהה
w3018	numerous	מרובה	רב	1:רב
w3019	nursery	חדר ילדים, פעוטון; משתלה	משתלה | חדר תינוקות | גן ילדים	2:חדר תינוקות | 3:גן ילדים
w3024	occupy	להעסיק; לתפוס, לאכלס	לתפוס | לכבוש | להעסיק	2:לכבוש
w3025	occurrence	התרחשות	מקרה | התרחשות	1:מקרה
w3027	offshore	מול החוף, בלב ים, הרחק מהחוף; מעבר לים (חשבון/חברה)	בלב ים | בחו"ל	2:בחו"ל
w3028	oriented	מכוון, מונחה	מוכוון	1:מוכוון
w3031	outline	תוואי, מתאר, קווים כלליים	מתאר | לתאר	2:לתאר
w3032	oversee	לפקח	לפקח על	1:לפקח על
w3036	pedestrian	הולך רגל	הולך רגל | שגרתי	2:שגרתי
w3038	persist	להתמיד, להתעקש	להתמיד | להימשך	2:להימשך
w3040	pest	מטרד, מזיק (חרקים)	מזיק | טרדן	2:טרדן
w3044	pinch	לצבוט	לצבוט | קורט | לגנוב	2:קורט | 3:לגנוב
w3045	pioneer	חלוץ	חלוץ | לפרוץ דרך	2:לפרוץ דרך
w3046	plaster	טיח	טיח | פלסטר	2:פלסטר
w3047	plead	לעתור, להתחנן	להתחנן | לטעון	2:לטעון
w3048	pledge	להתחייב	התחייבות | להתחייב	1:התחייבות
w3049	plentiful	מלא, שופע	שופע | רב	2:רב
w3050	possess	להיות בעלים של, להחזיק ב-	להחזיק | לאחוז	1:להחזיק | 2:לאחוז
w3052	premature	מוקדם מדי	מוקדם | פג	1:מוקדם | 2:פג
w3054	prick	לדקור	לדקור | דקירה	2:דקירה
w3055	principal	מנהל בית ספר; ראשי, עיקרי; קרן (הלוואה)	מנהל | עיקרי | קרן	1:מנהל
w3056	probe	לחטט, לברר, לגשש	חקירה | לחקור	1:חקירה | 2:לחקור
w3058	prominent	בולט, חשוב	בולט | נודע	2:נודע
w3063	province	מחוז, אזור	מחוז | תחום	2:תחום
w3064	pursue	לרדוף	לרדוף | לשאוף	2:לשאוף
w3065	query	שאלה, חקירה	שאלה | שאילתה	2:שאילתה
w3068	recreation	בילוי	בילוי | שחזור	2:שחזור
w3070	recur	קרה שוב	להישנות | לחזור	1:להישנות | 2:לחזור
w3071	refined	מעודן, מלוטש	מעודן | מזוקק	2:מזוקק
w3072	regard	להתייחס, להחשיב	להתייחס | כבוד	2:כבוד
w3073	regulate	לווסת	להסדיר | לווסת	1:להסדיר
w3075	rehearse	לחזור, לתרגל	לתרגל | לערוך חזרה	2:לערוך חזרה
w3076	reinforce	לתגבר, לחזק	לחזק | לבסס	2:לבסס
w3078	rely	להסתמך	להסתמך על	1:להסתמך על
w3079	remainder	שארית	שארית | יתרה	2:יתרה
w3080	remedy	תרופה	תרופה | לתקן	2:לתקן
w3081	repelled	דחה, הגעיל	לדחות | להדוף	1:לדחות | 2:להדוף
w3082	resemble	דומה	להידמות ל	1:להידמות ל
w3085	restoration	שיקום, השבה	שיקום | שחזור	2:שחזור
w3086	restrain	לרסן	לרסן | לעצור	2:לעצור
w3091	revitalize	להחיות	להחיות מחדש	1:להחיות מחדש
w3092	rid	להיפטר מ-	להיפטר מ	1:להיפטר מ
w3093	rim	שפה	שפה | חישוק	2:חישוק
w3096	scarce	נדיר	נדיר | מועט	2:מועט
w3097	scatter	לפזר	לפזר | להתפזר	2:להתפזר
w3098	sensible	נבון	הגיוני | נבון	1:הגיוני
w3099	sentiments	רגשות	רגש | דעה	1:רגש | 2:דעה
w3100	settle	להתיישב; להסדיר	ליישב | להתיישב | לסלק	1:ליישב | 3:לסלק
w3101	shatter	לנפץ, להרוס, לקעקע	לנפץ | להתנפץ	2:להתנפץ
w3102	shepherd	רועה צאן	רועה	1:רועה
w3104	sighting	תצפית, מראה	תצפית | איתור	2:איתור
w3106	skinned	פשט עור	לקלף	1:לקלף
w3108	slender	רזה	רזה | דק	2:דק
w3109	soil	אדמה; לכלוך	אדמה | ללכלך	2:ללכלך
w3110	solely	בלבד, רק	אך ורק	1:אך ורק
w3111	solitary	מבודד	בודד	1:בודד
w3114	spike	יתד	זינוק | מסמר	1:זינוק | 2:מסמר
w3115	steer	לנווט, להוביל	להגות | לכוון	1:להגות | 2:לכוון
w3116	stem	גבעול, גזע; לנבוע מ-, להיווצר מ-	גבעול | לנבוע	2:לנבוע
w3117	stiff	נוקשה	נוקשה | קשיח	2:קשיח
w3123	supplement	תוסף	תוסף | להשלים	2:להשלים
w3125	sustain	לתמוך; סבל מ-; להמשיך באותה צורה	לקיים	1:לקיים
w3126	tame	לאלף, לבית	מבויית | לאלף	1:מבויית
w3128	tender	רך	רך | עדין	2:עדין
w3130	tin	בדיל, עשוי מפח	פח | קופסה	1:פח | 2:קופסה
w3132	tolerate	לסבול	לסבול | להשלים עם	2:להשלים עם
w3134	transcript	תמליל, פרוטוקול	תמליל | גיליון ציונים	2:גיליון ציונים
w3139	unrest	חוסר שקט	מהומה | אי שקט	1:מהומה | 2:אי שקט
w3140	urge	לעודד, לדחוף ; דחף, רצון, תשוקה	לקרוא ל | דחף	1:לקרוא ל
w3143	validity	תוקף	תוקף | תקפות	2:תקפות
w3145	verdict	פסק דין, פסיקה	פסק דין | הכרעה	2:הכרעה
w3148	violate	להפר, לחלל	להפר | לפגוע	2:לפגוע
w3151	virtually	למעשה, בעצם	כמעט | באופן וירטואלי	1:כמעט | 2:באופן וירטואלי
w3152	wage	לערוך, לנהל; משכורת	שכר | לנהל	1:שכר
w3153	wanted	מבוקש	לרצות | מבוקש	1:לרצות
w3158	welfare	סעד	רווחה	1:רווחה
w3159	widespread	נפוץ	נפוץ | רחב היקף	2:רחב היקף
w3160	withstand	להתמודד, לעמוד ב-	לעמוד בפני	1:לעמוד בפני
w3164	accommodate	להכיל, לפנות מקום ל-; להתאים (לצרכים); לאכסן, לשכן	להכיל | להתחשב	2:להתחשב
w3166	accustomed	מורגל	רגיל | מורגל	1:רגיל
w3168	acquitted	זוכה מאשמה	לזכות	1:לזכות
w3169	adhere	לדבוק ב-, לדגול ב-	לדבוק | להידבק	1:לדבוק | 2:להידבק
w3170	adjacent to	ליד	סמוך ל | גובל ב	1:סמוך ל | 2:גובל ב
w3171	administer	לנהל, לפקח; לתת, לחלק	לנהל | להעניק	2:להעניק
w3172	adolescence	גיל ההתבגרות	התבגרות	1:התבגרות
w3174	algae	אצות	אצה	1:אצה
w3175	alienation	ניכור, הרחקה	ניכור | התנכרות	2:התנכרות
w3177	alterations	שינויים	שינוי | תיקון	1:שינוי | 2:תיקון
w3178	ambiguous	דו משמעי, לא לגמרי ברור	דו-משמעי | מעורפל	1:דו-משמעי | 2:מעורפל
w3180	amid	בקרב, בין	בתוך | באמצע	1:בתוך | 2:באמצע
w3181	ample	מספיק, שופע, גדול	מספיק | נרחב	2:נרחב
w3184	annually	אחת לשנה, בכל שנה	מדי שנה	1:מדי שנה
w3191	arguably	ניתן לטעון ש-, כנראה	לכאורה | כנראה	1:לכאורה
w3192	arise, arose	לקום, קם	לצוץ | לקום	1:לצוץ
w3193	ark	תיבה	תיבה | ארון	2:ארון
w3194	array	מערך; מגוון	מערך | מבחר	2:מבחר
w3195	assert	לטעון בתוקף, להצהיר	לטעון	1:לטעון
w3199	attain	להשיג, להגיע	להשיג | להגיע ל	2:להגיע ל
w3200	attendant	משרת, מטפל, מלווה	מלווה | דייל	2:דייל
w3202	augment	להרחיב	להגדיל | לחזק	1:להגדיל | 2:לחזק
w3203	awe	יראת כבוד	יראת כבוד | התפעלות	2:התפעלות
w3208	beam	קרן; קורה	קרן | קורה | לחייך	3:לחייך
w3210	being that	מכיוון ש-	היות ו | מכיוון ש	1:היות ו | 2:מכיוון ש
w3214	burden	עול	נטל | עול | להכביד	1:נטל | 3:להכביד
w3215	burglar	פורץ	פורץ | גנב	2:גנב
w3216	by no means	בשום אופן לא, כלל לא	בשום אופן	1:בשום אופן
w3218	carve	לגלף, לחטוב; לחתוך (בשר); לחרוט	לגלף | לחרוט | לפרוס	3:לפרוס
w3219	cavity	חור	חלל | עששת	1:חלל | 2:עששת
w3222	circulate	להפיץ; לנוע במחזוריות	לזרום | להפיץ	1:לזרום
w3223	circumstance	מצב, תנאי, נסיבות	נסיבה	1:נסיבה
w3224	coexist	להתקיים זה בצד זה, לחיות יחד בשלום	להתקיים יחד | לדור בכפיפה אחת	1:להתקיים יחד | 2:לדור בכפיפה אחת
w3228	communal	משותף, ציבורי	קהילתי | משותף	1:קהילתי
w3229	comparable	בר-השוואה	דומה | בר השוואה	1:דומה | 2:בר השוואה
w3230	comparatively	באופן יחסי	יחסית	1:יחסית
w3231	compel	לאלץ, לחייב	לאלץ | לכפות	2:לכפות
w3232	composed	רגוע, שלֵו, שולט בעצמו; הלחין, חיבר	רגוע | מורכב	2:מורכב
w3234	conceal	להסתיר	להסתיר | להעלים	2:להעלים
w3235	conception	תפיסה	תפיסה | התעברות	2:התעברות
w3236	conclusively	סופית, באופן החלטי	סופית | חד משמעית	2:חד משמעית
w3237	condemned	לגנות; נידון ל-	לגנות | נידון	2:נידון
w3238	condense	לתמצת, לצמצם; לדחוס, לרכז; לעבות (גז לנוזל)	לתמצת | להתעבות	2:להתעבות
w3240	consequently	כתוצאה מכך	לפיכך | כתוצאה מכך	1:לפיכך
w3241	considerable	הרבה, רבות	ניכר | משמעותי	1:ניכר | 2:משמעותי
w3242	consist	מורכב מ-	להיות מורכב | להכיל	1:להיות מורכב | 2:להכיל
w3243	consolidate	לאחד, לגבש	לאחד | לבסס	2:לבסס
w3244	constitute	מהווים; להקים, לייסד	להוות	1:להוות
w3246	contemporary	עכשווי, מודרני; בן-זמנו, בן-תקופה	עכשווי | בן זמננו	2:בן זמננו
w3251	correspondence	התכתבות	התכתבות | התאמה	2:התאמה
w3252	correspondingly	בהתאמה	בהתאם	1:בהתאם
w3253	counsel	לייעץ, להדריך; פרקליט, יועץ	עצה | לייעץ | עורך דין	1:עצה | 3:עורך דין
w3254	counterpart	בעל תפקיד מקביל, עמית, בן-זוג	מקבילה | עמית	1:מקבילה
w3255	coupled with	יחד עם	יחד עם | בשילוב עם	2:בשילוב עם
w3256	courteous	אדיב	מנומס	1:מנומס
w3257	crave	להשתוקק	להשתוקק | לחשוק	2:לחשוק
w3262	deceased	נפטר	נפטר | מת	2:מת
w3263	deceive	להונות	להטעות | לרמות	1:להטעות | 2:לרמות
w3266	defer	לעכב, לדחות	לדחות | להישמע	2:להישמע
w3267	deficiency	מחסור	מחסור | ליקוי	2:ליקוי
w3269	degenerate	להתנוון	להידרדר | מנוון	1:להידרדר | 2:מנוון
w3271	delusions	אשליות, הזיות	הזיה | אשליה	1:הזיה | 2:אשליה
w3275	derive	לשאוב, להפיק, לגזור מ-	לנבוע | להפיק	1:לנבוע
w3276	differences	חילוקי דעות	הבדל | שוני	1:הבדל | 2:שוני
w3277	disciples	תלמידים	תלמיד | חסיד	1:תלמיד | 2:חסיד
w3281	dispatch	לשגר	לשלוח | לשגר | דיווח	1:לשלוח | 3:דיווח
w3282	displacement	עקירה	עקירה | תזוזה	2:תזוזה
w3284	dispute	מחלוקת; לערער	מחלוקת | להתווכח	2:להתווכח
w3286	dissection	חיתוך, ביתור	ניתוח | נתיחה	1:ניתוח | 2:נתיחה
w3287	divert	להסיט, להפנות לכיוון אחר; להסיח את הדעת	להסיט | להטות	2:להטות
w3288	draw	תיקו, שוויון; לצייר	לצייר | למשוך | תיקו	2:למשוך
w3291	dwell	להתגורר	לגור | להתעכב	1:לגור | 2:להתעכב
w3292	dwelling	משכן, בית	מגורים | בית	1:מגורים
w3295	elusive	חמקמק	חמקמק | בלתי מושג	2:בלתי מושג
w3296	emergence	הופעה, היווצרות	הופעה | התהוות	2:התהוות
w3300	enlist	להתגייס	להתגייס | לגייס	2:לגייס
w3301	envision	לחזות, לצפות	לדמיין | לחזות	1:לדמיין
w3303	erroneous	שגוי	שגוי | מוטעה	2:מוטעה
w3304	erupt	התפרץ	להתפרץ	1:להתפרץ
w3306	esteemed	מכובד	מכובד | נערץ	2:נערץ
w3307	evade	התחמק	להתחמק	1:להתחמק
w3311	excessively	בצורה מוגזמת	בהפרזה | מדי	1:בהפרזה | 2:מדי
w3313	expendable	שניתן לוותר עליו	מתכלה | מיותר	1:מתכלה | 2:מיותר
w3317	familiarize	להתוודע	להכיר | להתוודע	1:להכיר
w3318	famine	רעב קשה	רעב	1:רעב
w3319	fascinate	לרתק	להקסים	1:להקסים
w3320	fast	צום; מהיר	מהיר | מהר | לצום	2:מהר | 3:לצום
w3328	forfeit	לוותר, להפסיד	לאבד | לוותר על	1:לאבד | 2:לוותר על
w3330	foster	לטפח, לעודד, לקדם; (הורה/ילד) אומן	לטפח | אומנה	2:אומנה
w3332	fugitive	נמלט, בורח מהחוק	נמלט | בורח	2:בורח
w3334	glimpse	הצצה, מבט חטוף	מבט חטוף | להבחין	2:להבחין
w3335	glorify	להאדיר	לפאר | להלל	1:לפאר | 2:להלל
w3336	gracious	חינני, אדיב	אדיב | נדיב	2:נדיב
w3341	hasten	למהר, להחפז	למהר | להאיץ	2:להאיץ
w3342	hasty	מהיר, בהול	נמהר | פזיז	1:נמהר | 2:פזיז
w3343	haul	לגרור	לגרור | שלל	2:שלל
w3347	humility	ענוה	ענווה	1:ענווה
w3352	illuminate	להאיר	להאיר | להבהיר	2:להבהיר
w3354	impair	לפגום, להחליש	לפגוע | להחליש	1:לפגוע
w3355	impartial	אוביקטיבי, ללא צד	חסר פניות | אובייקטיבי	1:חסר פניות | 2:אובייקטיבי
w3356	in due time	בבוא העת	בבוא הזמן	1:בבוא הזמן
w3357	in order	תקין, מסודר	כדי	1:כדי
w3360	incorporate	לכלול, לשתף, לאגד	לשלב | להתאגד	1:לשלב | 2:להתאגד
w3363	induce	לגרום, לייצר	לגרום | לשכנע	2:לשכנע
w3365	inferred	נגזר, משתמע	להסיק	1:להסיק
w3367	ingest	להכניס משהו לגוף דרך הפה	לבלוע | לצרוך	1:לבלוע | 2:לצרוך
w3368	inhibit	לרסן	לעכב | למנוע	1:לעכב | 2:למנוע
w3370	inquiry	חקירה	בירור | חקירה	1:בירור
w3371	insulate	לבודד	לבודד | להגן	2:להגן
w3376	intrigue	לסקרן; תככים	לסקרן | קנוניה	2:קנוניה
w3377	intrusive	פולשני	פולשני | חודרני	2:חודרני
w3378	invoke	לעורר, לזמן	להסתמך על | לעורר	1:להסתמך על
w3381	landmark	אבן דרך	ציון דרך	1:ציון דרך
w3383	launder	לכבס	לכבס | להלבין	2:להלבין
w3387	linger	להתעכב, להשתהות	להתמהמה | להשתהות	1:להתמהמה
w3389	literate	יודע קרוא וכתוב; בקיא, בעל אוריינות	אוריין | משכיל	1:אוריין | 2:משכיל
w3390	litter	אשפה, פסולת; ללכלך בפסולת; לזרוע, לפזר	זבל | לזרוק זבל | המלטה	1:זבל | 2:לזרוק זבל | 3:המלטה
w3391	lodge	להתאכסן, אכסנייה	בקתה | להתאכסן	1:בקתה
w3392	loosely	באופן רפוי	באופן רופף | בערך	1:באופן רופף | 2:בערך
w3393	lumber	עצי בניין, קרשים, עצה מנוסרת	עץ בניין	1:עץ בניין
w3395	malformation	עיוות, פגם	מום | עיוות	1:מום
w3398	mere	רק, לא יותר מ-	גרידא | בלבד	1:גרידא | 2:בלבד
w3399	mischief	נזק, מעשה קונדס	שובבות | תעלול	1:שובבות | 2:תעלול
w3400	mobilize	לנייד, להניע	לגייס	1:לגייס
w3401	mold	לעצב; עובש	עובש | תבנית | לעצב	2:תבנית
w3407	negate	לשלול	לשלול | לבטל	2:לבטל
w3409	nonetheless	למרות זאת	עם זאת | בכל זאת	1:עם זאת | 2:בכל זאת
w3412	noted	ידוע, מפורסם	לציין | ידוע	1:לציין
w3413	nurture	לטפח, להזין, לחנך	לטפח | חינוך	2:חינוך
w3414	nutrient	חומר מזין	רכיב תזונתי	1:רכיב תזונתי
w3415	oblige	לחייב, להכריח	לחייב | לעשות טובה	2:לעשות טובה
w3417	offset	לקזז	לקזז | קיזוז	2:קיזוז
w3418	ordinarily	בדרך-כלל	בדרך כלל	1:בדרך כלל
w3419	orient	להתמצא	לכוון | מזרח	1:לכוון | 2:מזרח
w3420	originate	התחיל, התהווה	לנבוע | ליזום	1:לנבוע | 2:ליזום
w3422	outweigh	עולה על, שוקל יותר מ-	לגבור על	1:לגבור על
w3423	overdue	שעבר זמן ההגשה שלו	באיחור	1:באיחור
w3424	overlooked	לא הבחין, פספס, החמיץ; התעלם; (גם: צפה על מגבוה)	להתעלם | להשקיף	1:להתעלם | 2:להשקיף
w3427	particulars	פרטים, פרטי מידע	פרט	1:פרט
w3428	perceive	להבחין, לראות	לתפוס | להבחין	1:לתפוס
w3432	pivot	ציר, לסובב על ציר	ציר | לסובב	2:לסובב
w3435	portray	לתאר, לצייר	לתאר | לגלם	2:לגלם
w3436	pose	להציב, להוות; תנוחה	להוות | תנוחה | להתחזות	3:להתחזות
w3437	posture	יציבה, תנוחה	יציבה | עמדה	2:עמדה
w3438	potent	חזק, בעל כוח השפעה	חזק | עוצמתי	2:עוצמתי
w3441	poverty-stricken	מוכה עוני	עני | מרוד	1:עני | 2:מרוד
w3444	predictive	חיזויי, מנבא	מנבא | תחזיתי	2:תחזיתי
w3446	prescribe	לרשום מרשם	לרשום | להורות	1:לרשום | 2:להורות
w3448	presently	כעת	כרגע | בקרוב	1:כרגע | 2:בקרוב
w3450	probation	תקופת מבחן	תקופת ניסיון | מאסר על תנאי	1:תקופת ניסיון | 2:מאסר על תנאי
w3451	proclaim	להכריז בפומבי	להכריז	1:להכריז
w3455	prospective	צפוי, עתידי	פוטנציאלי | עתידי	1:פוטנציאלי
w3456	prosperity	צמיחה, שגשוג	שגשוג | שפע	2:שפע
w3458	provided that	בתנאי ש-	בתנאי ש	1:בתנאי ש
w3461	pursuit	מרדף	מרדף | רדיפה | שאיפה	2:רדיפה | 3:שאיפה
w3464	rationalize	להצדיק, להסביר	להצדיק | לייעל	2:לייעל
w3465	readily	ללא קושי	בקלות | ברצון	1:בקלות | 2:ברצון
w3468	recession	מיתון	מיתון | נסיגה	2:נסיגה
w3469	recipient	נמען	מקבל	1:מקבל
w3472	refuge	מקלט, מחסה	מקלט | מפלט	2:מפלט
w3473	reign	שלטון	שלטון | למלוך	2:למלוך
w3476	reluctant	מסויג, לא מעוניין	מהסס	1:מהסס
w3480	riddle	חידה	חידה | לנקב	2:לנקב
w3481	ridicule	ללעוג	ללעוג | לעג	2:לעג
w3482	rigid	נוקשה, מחמיר	נוקשה | קשיח	2:קשיח
w3483	robust	איתן, חזק ובריא	חזק | איתן	1:חזק
w3485	sake	תועלת, עניין	למען	1:למען
w3486	sanctuary	מקדש; מקלט	מקלט | מקדש | שמורה	3:שמורה
w3488	saw	מסור	לראות | משור	1:לראות | 2:משור
w3490	score	לחתוך, לחרוץ; תוצאה; לזכות בניקוד	ניקוד | תוצאה | לקלוע	1:ניקוד | 3:לקלוע
w3492	sedative	סם הרגעה, משכך	תרופת הרגעה	1:תרופת הרגעה
w3493	seek, sought	לחפש, חיפש	לחפש | לבקש	2:לבקש
w3494	segregation	הפרדה	הפרדה | בידול	2:בידול
w3495	seismic	ססמי (קשור לרעידות אדמה)	סייסמי	1:סייסמי
w3496	seizure	התקף	התקף | החרמה | תפיסה	2:החרמה | 3:תפיסה
w3501	skyrocket	להאמיר	לזנק	1:לזנק
w3504	span	להימתח, להקיף; מרווח	טווח | להשתרע	1:טווח | 2:להשתרע
w3505	spectacle	מחזה; ראווה	מחזה | משקפיים	2:משקפיים
w3506	splendid	נהדר, מהולל	נהדר | מפואר	2:מפואר
w3507	spring, sprang	קפיץ ; לקפוץ, קפץ	לקפוץ | לנבוע | לצוץ	2:לנבוע | 3:לצוץ
w3508	standardize	לתקנן	לתקנן | להאחיד	2:להאחיד
w3511	strain	מתח נפשי; להתאמץ, למתוח, לנקוע	מתח | לאמץ | זן	1:מתח | 2:לאמץ | 3:זן
w3514	stroke	ליטוף; מכה; שבץ/אירוע מוחי	שבץ | ללטף	1:שבץ | 2:ללטף
w3515	stumble	למעוד	למעוד | להיכשל	2:להיכשל
w3516	sturdy	חסון, מוצק	חזק | יציב | מוצק	1:חזק | 2:יציב
w3517	subsequent	עוקב	הבא | מאוחר יותר	1:הבא | 2:מאוחר יותר
w3520	successor	יורש	יורש | מחליף	2:מחליף
w3521	surpass	להצטיין, לעלות על	לעלות על | לעקוף	2:לעקוף
w3522	swept away	נסחף	לסחוף	1:לסחוף
w3523	sympathetic	אוהד	אוהד | מבין	2:מבין
w3527	timber	עץ	עץ | קורה	2:קורה
w3528	timid	ביישן	ביישן | פחדן	2:פחדן
w3529	tremendous	עצום	עצום | אדיר	2:אדיר
w3533	undertake	לקחת על עצמך	ליזום | להתחייב	1:ליזום | 2:להתחייב
w3534	unearth	לחשוף, לחפור	לחשוף | לגלות	2:לגלות
w3535	unfold	נפרש, נפתח, התגלה; לפתוח קיפול	להתפתח | לפרוש	1:להתפתח | 2:לפרוש
w3536	unparalleled	שאין כמותו, חסר תקדים	חסר תקדים | יוצא דופן	2:יוצא דופן
w3540	vain	לשווא; שחצן	יהיר | חסר תוחלת	1:יהיר | 2:חסר תוחלת
w3542	verse	בית בשיר; שירה	פסוק | בית | שירה	1:פסוק | 2:בית
w3543	vessel	כלי שיט	כלי | ספינה	1:כלי | 2:ספינה
w3545	virtue	מעלה	מידה טובה | סגולה	1:מידה טובה | 2:סגולה
w3546	vivid	חד, בהיר, ססגוני, חי, מוחשי	חי | עז | ברור	2:עז | 3:ברור
w3548	ward	מחלקה	מחלקה | אגף	2:אגף
w3550	whereas	בעוד ש-	בעוד ש	1:בעוד ש
w3551	wholesale	סיטונאות	סיטונאי | גורף	1:סיטונאי | 2:גורף
w3554	wind	למתוח; רוח	רוח | ללפף | לפתל	2:ללפף | 3:לפתל
w3555	wound	מתוח, נמתח; פצע	פצע | לפצוע	2:לפצוע
w3556	yield	להיכנע, לוותר, לסגת; להניב, להפיק	להניב | להיכנע | תשואה	3:תשואה
w3559	abide	לציית	לציית | לסבול	2:לסבול
w3561	abstain	להתנזר, להימנע ממשהו	להימנע	1:להימנע
w3562	acclaim	להריע, לשבח	שבח | לשבח	1:שבח
w3563	accomplices	שותף לדבר עבירה	שותף לפשע | שותף	1:שותף לפשע | 2:שותף
w3564	accomplished	מומחה, מעולה	מוכשר | מיומן	1:מוכשר | 2:מיומן
w3568	adverse	שלילי	שלילי | מזיק	2:מזיק
w3570	affluence	שפע	עושר | שפע	1:עושר
w3571	affluent	שופע, עשיר	אמיד | עשיר	1:אמיד
w3572	agitate	להסעיר, לזעזע, לעצבן	לעורר | להסעיר | לנער	1:לעורר | 3:לנער
w3573	agonize	להתייסר, לסבול ייסורים; להתלבט קשות	להתייסר | להתלבט	2:להתלבט
w3574	albeit	אף על פי ש, אם כי	אף על פי | למרות ש	1:אף על פי | 2:למרות ש
w3580	ancestry	מוצא	מוצא | שושלת	2:שושלת
w3581	antler	קרן מסועפת של אייל/צבי	קרן	1:קרן
w3582	appease	לפייס	לפייס | להרגיע	2:להרגיע
w3583	appraise	להעריך (שווי), לאמוד	להעריך | לשום	2:לשום
w3584	arable	מתאים לעיבוד	ראוי לעיבוד | חקלאי	1:ראוי לעיבוד | 2:חקלאי
w3585	articulate	להביע; רהוט	לבטא | רהוט | לנסח	1:לבטא | 3:לנסח
w3586	ascertain	לוודא	לוודא | לברר	2:לברר
w3590	astound	להדהים	להדהים | לתדהם	2:לתדהם
w3592	attire	לבוש	לבוש | תלבושת	2:תלבושת
w3594	baffled	מבולבל	מבולבל | נבוך	2:נבוך
w3596	benefactors	נדבנים, תורמים	נדבן | תורם	1:נדבן | 2:תורם
w3597	bland	תפל	תפל | משעמם	2:משעמם
w3598	bleak	עגום	קודר | עגום	1:קודר
w3599	bolster	לתמוך	לחזק | לתמוך	1:לחזק
w3601	candid	כנה, ישיר	כן | גלוי לב	1:כן | 2:גלוי לב
w3602	canvass	לבדוק, לסקור	לגייס תמיכה	1:לגייס תמיכה
w3603	capitalize	לנצל	לנצל | לכתוב ברישיות	2:לכתוב ברישיות
w3604	caste	מעמד חברתי	קאסטה | מעמד	1:קאסטה | 2:מעמד
w3606	coincide	להקביל, לחפוף	לחפוף | להתאים	2:להתאים
w3608	commendably	באופן ראוי לשבח	ראוי לשבח	1:ראוי לשבח
w3609	commends	לציין לשבח	לשבח | להמליץ	1:לשבח | 2:להמליץ
w3610	commute	להמתיק (עונש); להחליף, להמיר; לנסוע בקביעות לעבודה	לנסוע | להמיר	1:לנסוע
w3611	comprise	לכלול	לכלול | להיות מורכב	2:להיות מורכב
w3612	compulsory	מהווה חובה	חובה	1:חובה
w3615	concerted	מתואם	משותף | מתואם	1:משותף
w3616	concise	תמציתי, תכליתי	תמציתי | קצר	2:קצר
w3619	condone	לסלוח, למחול	להשלים עם | לסלוח	1:להשלים עם
w3620	confer	להתייעץ, לדון; להעניק (תואר, כבוד)	להתייעץ | להעניק	2:להעניק
w3621	confide	לשתף, לספר (סוד)	לשתף בסוד	1:לשתף בסוד
w3622	confinement	מאסר, ריתוק	כליאה | מאסר	1:כליאה
w3623	conform	להתאים, להסתגל	להתאים | לציית	2:לציית
w3627	conjecture	סברה, לשער	השערה | לשער	1:השערה
w3630	constituent	מרכיב; בוחר	רכיב | בוחר	1:רכיב
w3632	convene	לכנס	להתכנס	1:להתכנס
w3636	croak	קרקור	לקרקר | למות	1:לקרקר | 2:למות
w3637	culminate	הגיע לשיא	להגיע לשיא	1:להגיע לשיא
w3638	dampen	לדכא	להרטיב | להחליש	1:להרטיב | 2:להחליש
w3639	dandy	גנדרני	גנדרן | מצוין	1:גנדרן | 2:מצוין
w3640	date	תמר; יציאה, פגישה, דייט; תאריך	תאריך | פגישה רומנטית | תמר	2:פגישה רומנטית
w3641	deem	לראות כ-, לחשוב ל-	להחשיב	1:להחשיב
w3643	deliberation	דיון	שיקול דעת | דיון	1:שיקול דעת
w3652	depreciate	לרדת בערך, לפחות מערכו; להפחית ערך, להמעיט בערך	לרדת בערך | להיפחת	2:להיפחת
w3656	desolate	הרוס; שומם, נטוש	שומם | עגום	2:עגום
w3659	detrimental	מזיק	מזיק | פוגעני	2:פוגעני
w3664	die (dice)	קובייה (קוביות)	קוביה	1:קוביה
w3665	diminish	לצמצם	לפחות | להקטין	1:לפחות | 2:להקטין
w3666	disarmament	פירוק מנשק	פירוק נשק	1:פירוק נשק
w3668	discrepancy	סתירה, פער	פער | אי התאמה	2:אי התאמה
w3669	disdain	זלזול, בוז	בוז | לבוז	2:לבוז
w3670	dislocate	לפרוק, לנקוע	לפרק	1:לפרק
w3672	disparage	לזלזל, להמעיט בערך	לזלזל | להשמיץ	2:להשמיץ
w3673	disparagement	זלזול	זלזול | השמצה	2:השמצה
w3677	dissent	להתנגד, חילוקי דעות	התנגדות | לחלוק דעה	1:התנגדות | 2:לחלוק דעה
w3679	diverge	לסטות	להתפצל | לסטות	1:להתפצל
w3680	divinity	אלוהות	אלוהות | אל | תיאולוגיה	2:אל | 3:תיאולוגיה
w3683	draw (drew)	לשלוף, שלף	לצייר | למשוך | תיקו	1:לצייר | 2:למשוך | 3:תיקו
w3685	dwindle	הידלדל, התמעט	להצטמצם | לדעוך	1:להצטמצם | 2:לדעוך
w3687	elude	לברוח, להתחמק	לחמוק	1:לחמוק
w3689	embark	לצאת לדרך, לפתוח ב-; לעלות על ספינה או מטוס	להפליג | להתחיל	1:להפליג | 2:להתחיל
w3690	embellish	לקשט, לייפות; להוסיף פרטים מומצאים	לקשט | לייפות | להפריז	3:להפריז
w3691	embitter	גורם התמרמרות	למרר	1:למרר
w3692	eminent	בולט, בכיר	נודע	1:נודע
w3694	enclose	לצרף	לצרף | להקיף	2:להקיף
w3695	enclosing	לסגור, להקיף	לצרף | להקיף	1:לצרף
w3696	enclosure	סגירה, כיתור, שטח מגודר	מכלאה | נספח	1:מכלאה | 2:נספח
w3700	ensue	להתרחש בעקבות, לבוא כתוצאה, להתחולל	לנבוע	1:לנבוע
w3701	epitomize	לייצג, לאפיין	לגלם | לסמל	1:לגלם | 2:לסמל
w3703	evoke	לעורר, להעלות	לעורר | להזכיר	2:להזכיר
w3705	expatriate	גולה, מי שחי מחוץ למולדתו; לגרש/להגלות מהמולדת	גולה | מהגר	2:מהגר
w3706	expedite	לזרז	לזרז | להאיץ	2:להאיץ
w3707	expend	לגמור, לבזבז, לפזר	להוציא | לבזבז	1:להוציא
w3708	exquisite	מצוין; חד, מעודן, אנין	נפלא | מעודן	1:נפלא
w3709	extrapolate	לאמוד על סמך מידע קיים	להסיק	1:להסיק
w3710	fabricate	לבדות	לבדות | לייצר	2:לייצר
w3711	facilitate	לסייע, לעזור, להקל	להקל | לאפשר	2:לאפשר
w3712	fad	אופנה חולפת	אופנה חולפת | טרנד	2:טרנד
w3716	flagrant	בוטה	בוטה | משווע | גלוי	2:משווע | 3:גלוי
w3718	flimsy	רעוע, דל, שביר; קלוש, בלתי משכנע (תירוץ/ראיה)	רופף | קלוש	1:רופף
w3719	fluctuation	חוסר יציבות	תנודה	1:תנודה
w3720	foil	לסכל	לסכל | רדיד	2:רדיד
w3721	foremost	ראשון במעלה, בעיקר	המוביל	1:המוביל
w3723	formidable	אדיר, מאיים	מרשים | מפחיד	1:מרשים | 2:מפחיד
w3724	forsake	לזנוח	לנטוש | לזנוח	1:לנטוש
w3725	fraternal	אחוותי, של אחים	אחאי	1:אחאי
w3726	fringes	שוליים	שוליים | פוני	2:פוני
w3727	frivolous	קל דעת, לא רציני; חסר חשיבות	שטותי | קליל דעת	1:שטותי | 2:קליל דעת
w3729	fume	אדים, עשן	לזעום | אד	1:לזעום | 2:אד
w3730	furnish	לרהט	לרהט | לספק	2:לספק
w3731	futile	חסר תוחלת, נטול סיכוי	חסר תועלת | עקר	1:חסר תועלת | 2:עקר
w3732	gauge	למדוד, להעריך, מידה	מד | להעריך	1:מד
w3733	genial	ידידותי	ידידותי | לבבי	2:לבבי
w3736	glaze	זיגוג	ציפוי | לצפות	1:ציפוי | 2:לצפות
w3738	granted (that)	בהנחה ש-, נתון ש-	אמנם	1:אמנם
w3740	grievance	טרוניה, התמרמרות	תלונה	1:תלונה
w3742	hail	לשבח; ברד	ברד | להלל	2:להלל
w3743	harness	לרתום	לרתום | רתמה	2:רתמה
w3744	hearsay	שמועה	שמועה | עדות שמיעה	2:עדות שמיעה
w3745	heed	לשים לב	לשים לב | תשומת לב	2:תשומת לב
w3746	hegemony	הגמוניה	הגמוניה | שליטה	2:שליטה
w3750	hinder	לעכב	לעכב | להפריע	2:להפריע
w3753	impart	להעביר, להקנות	להעביר | להעניק	2:להעניק
w3754	impartially	באופן הוגן, ללא אפליה	בהגינות | באובייקטיביות	1:בהגינות | 2:באובייקטיביות
w3755	implicate	לסבך, לערב	להפליל | לערב	1:להפליל
w3757	inadvertently	בלי משים, בלי כוונה	בשוגג | בטעות	1:בשוגג | 2:בטעות
w3758	incidence	כמות, הִקָּרוּת (משהו שקורה)	שכיחות	1:שכיחות
w3762	infancy	ינקות	ינקות | שלב ראשוני	2:שלב ראשוני
w3763	infraction	עבירה	עבירה | הפרה	2:הפרה
w3764	inhabit	לגור ב-, לשכון ב-, לאכלס	לגור | להתגורר	1:לגור | 2:להתגורר
w3767	instill	להחדיר, להשריש	להנחיל | להקנות	1:להנחיל | 2:להקנות
w3768	insurmountable	שאין להתגבר עליו	בלתי עביר	1:בלתי עביר
w3769	insurrection	התקוממות	מרד | התקוממות	1:מרד
w3770	interjection	הערה, הפרעה לשיחה	מילת קריאה	1:מילת קריאה
w3771	interminable	נצחי	אינסופי | בלתי נגמר	1:אינסופי | 2:בלתי נגמר
w3772	invariably	תמיד, בכל פעם, ללא יוצא מן הכלל	תמיד | באופן קבוע	2:באופן קבוע
w3773	invertebrate	חסר-חוליות	חסר חוליות	1:חסר חוליות
w3774	jagged	משונן	משונן | מחוספס	2:מחוספס
w3775	keep	לשמור; חלק מהמצודה	לשמור | להמשיך	2:להמשיך
w3776	keystone	אבן מפתח	אבן פינה | אבן מפתח	1:אבן פינה
w3778	lamentable	מצער, מעציב	מצער | עגום	2:עגום
w3779	lapse	מעידה, פליטת פה; פרק זמן, פקיעה, סיום	מעידה | לפקוע	2:לפקוע
w3782	leisurely	נינוח, רגוע	רגוע | בנחת	2:בנחת
w3783	leniency	ותרנות, מתינות, הקלה בעונש	סלחנות | ותרנות	1:סלחנות
w3785	lineage	ייחוס, שושלת	שושלת | מוצא	2:מוצא
w3786	loathe	לתעב	לתעב | לשנוא	2:לשנוא
w3787	lucrative	ריווחי	רווחי | משתלם	1:רווחי | 2:משתלם
w3790	markedly	בצורה ניכרת	משמעותית | באופן ניכר	1:משמעותית | 2:באופן ניכר
w3791	marsupial	חיית כיס	יונק כיס	1:יונק כיס
w3793	meticulous	קפדני	קפדני | דקדקן	2:דקדקן
w3794	misconception	דעה מוטעית	תפיסה מוטעית | אי הבנה	1:תפיסה מוטעית | 2:אי הבנה
w3795	mitigate	למתן, להפחית	לצמצם | להקל	1:לצמצם | 2:להקל
w3796	momentous	הרה גורל	גורלי | מכריע	1:גורלי | 2:מכריע
w3797	morose	קודר, עגמומי	קודר | זעוף | עגום	2:זעוף | 3:עגום
w3798	myriad	רב, הרבה	אינספור	1:אינספור
w3802	nestle	לשכון בנוחות, להיות מוקם בחיק; להתכרבל	להצטנף	1:להצטנף
w3808	obedience	ציות	ציות | צייתנות	2:צייתנות
w3810	obscure	סתום, לא ידוע; לטשטש	מעורפל | להסתיר	1:מעורפל | 2:להסתיר
w3812	ode	שיר הלל	אודה | שיר שבח	1:אודה | 2:שיר שבח
w3813	officiate	לכהן, לערוך	לכהן | לערוך טקס	2:לערוך טקס
w3816	omniscient	יודע כול; מספר כל-יודע	כל-יודע	1:כל-יודע
w3818	outspoken	מדבר גלויות, ישיר	ישיר | בוטה	2:בוטה
w3819	overhaul	שיפוץ, אוברול	לשפץ | שיפוץ | רפורמה	1:לשפץ | 3:רפורמה
w3821	paramount	בעל חשיבות עליונה	עליון | חשוב ביותר	1:עליון | 2:חשוב ביותר
w3825	penned	כָּתַב	לכתוב | לכלוא	1:לכתוב | 2:לכלוא
w3826	perch	ענף; נח, ישב על ענף	לשבת | מוט	1:לשבת | 2:מוט
w3830	pervasive	מתפשט, מחלחל	נפוץ | רווח	1:נפוץ | 2:רווח
w3831	plausible	סביר, מתקבל על הדעת	סביר | אמין	2:אמין
w3833	plight	צרה, סכנה	מצוקה | מצב קשה	1:מצוקה | 2:מצב קשה
w3835	poacher	מסיג גבול, צייד לא מורשה	צייד לא-חוקי	1:צייד לא-חוקי
w3837	populous	מאוכלס בצפיפות	רב אוכלוסין	1:רב אוכלוסין
w3839	posterity	הדורות הבאים	דורות הבאים	1:דורות הבאים
w3841	poultry	עוף	עופות	1:עופות
w3842	predecessors	קודמים	קודם	1:קודם
w3843	predestined	נקבע מראש	נועד מראש | מיועד	1:נועד מראש | 2:מיועד
w3844	preside	לנהל	לנהל | לכהן	2:לכהן
w3845	pretext	אמתלה, תואנה	תירוץ | תואנה	1:תירוץ
w3847	proliferate	התפשט במהירות	להתרבות	1:להתרבות
w3849	prompt	לגרום, לעורר; מיידי	מיידי | לעורר | הנחיה	3:הנחיה
w3850	prompted	הביא לידי	לעורר | לגרום	1:לעורר | 2:לגרום
w3853	prowess	מיומנות, יכולת	מיומנות | גבורה	2:גבורה
w3855	quarrelsome	וכחני	נוטה לריב | קנטרן	1:נוטה לריב | 2:קנטרן
w3856	quench	לספק, להרוות	להרוות | לכבות | להשקיט	2:לכבות | 3:להשקיט
w3857	rearing	גידול, טיפוח	גידול | להזדקף	2:להזדקף
w3862	reconcile	להתפייס; ליישב (סתירות), לגשר בין, להתאים	לפייס | להשלים עם	1:לפייס | 2:להשלים עם
w3864	reigned	משל, שלט	למלוך	1:למלוך
w3866	relapse	הדרדר, הישנות	הישנות | להישנות	2:להישנות
w3867	relegated	הורד בדרגה	להוריד בדרגה	1:להוריד בדרגה
w3868	render	להפוך ל-, לגרום; להגיש	להפוך | לעבד	1:להפוך | 2:לעבד
w3870	resent	לחוש טינה, להתרעם על	להתמרמר | לחוש טינה	1:להתמרמר
w3871	respective	שייך בהתאמה	מתאים | פרטני	1:מתאים | 2:פרטני
w3874	resurgence	תחייה	התעוררות מחדש | תחייה	1:התעוררות מחדש
w3876	rotary	נע על ציר סיבובי	סיבובי | כיכר תנועה	1:סיבובי | 2:כיכר תנועה
w3878	sarcophagus	ארון קבורה קדום	סרקופג | ארון קבורה	1:סרקופג | 2:ארון קבורה
w3879	scales	קשקשים (של דג)	מאזניים | קשקשים | סולם	1:מאזניים | 3:סולם
w3882	scrutinize	בדק, בחן	לבחון | לבדוק בקפידה	1:לבחון | 2:לבדוק בקפידה
w3883	sensations	חדשות מרעישות	תחושה | סנסציה	1:תחושה | 2:סנסציה
w3884	sheer	מוחלט, לחלוטין; שקוף; משופע, תלול	מוחלט | טהור | שקוף	2:טהור
w3885	shingles	רעף	שלבקת חוגרת | רעף	1:שלבקת חוגרת
w3886	shroud	תכריך, עטיפה	תכריך | לאפוף	2:לאפוף
w3888	slant	אלכסון, נטייה	הטיה | שיפוע	1:הטיה | 2:שיפוע
w3889	slate	להכניס מישהו לרשימה; רעף, לוח	צפחה | לוח	1:צפחה
w3891	snarl	לנהום בחשיפת שיניים, לרטון בכעס; סבך/פקק	לנהום	1:לנהום
w3892	snicker	גיחוך	לצחקק | צחקוק	1:לצחקק | 2:צחקוק
w3893	soar	להמריא	לדאות | לזנק	1:לדאות | 2:לזנק
w3894	solicit	לשדל / להדיח; לבקש/לחפש בתחינה	לבקש | לגייס	1:לבקש | 2:לגייס
w3895	solitude	בדידות	בדידות | התבודדות	2:התבודדות
w3896	speck	גרגר זעיר, נקודה זעירה, פירור	נקודה	1:נקודה
w3897	spewing	פולט/מתיז בעוצמה, מקיא	לפלוט | להקיא	1:לפלוט | 2:להקיא
w3898	splendor	פאר	פאר | הדר	2:הדר
w3899	sprang	קפץ, זינק; נבע, צמח (עבר של spring)	לקפוץ | לנבוע	1:לקפוץ | 2:לנבוע
w3900	sprawling	משתרע על שטח נרחב; מתפשט ללא סדר	משתרע	1:משתרע
w3901	staple	מצרך יסוד, מוצר בסיסי; עיקרי; סיכת הידוק	בסיסי | סיכת שדכן | לשדך	1:בסיסי | 2:סיכת שדכן | 3:לשדך
w3902	stark	בוטה, מוחלט, גמור; שומם, עזוב	קיצוני | קודר	1:קיצוני | 2:קודר
w3904	staunch	נאמן, מסור, איתן בדעתו; לעצור זרימה/דימום	נאמן | איתן	2:איתן
w3905	streamlined	יעיל וחסכוני; אווירודינמי, מעוצב לזרימה	יעיל	1:יעיל
w3906	stricken	מוכה	פגוע | מוכה	1:פגוע
w3907	strife	מאבק, עימות	מאבק | סכסוך	2:סכסוך
w3909	subdue	להכניע	להכניע | לרסן	2:לרסן
w3912	susceptibility	רגישות, פגיעות	רגישות | נטייה	2:נטייה
w3913	susceptible	רגיש ל-, חשוף ל-, נוטה ל-	רגיש | נוטה	1:רגיש | 2:נוטה
w3914	swindler	רמאי	נוכל | רמאי	1:נוכל
w3916	taint	לזהם; להכתים, להכפיש	להכתים | כתם	2:כתם
w3918	tentative	זמני, לא סופי, מהוסס	זמני | ניסיוני | מהוסס	2:ניסיוני
w3919	thereby	ובכך, על ידי כך, ולכן	בכך	1:בכך
w3922	tinker	להתעסק, לחטט, לנסות לשפר בשינויים קטנים	להתעסק | לתקן	2:לתקן
w3923	tormented	לייסר, לענות	לייסר | מיוסר | להציק	2:מיוסר | 3:להציק
w3924	tranquilize	להרגיע, להרדים	להרגיע | לסמם	2:לסמם
w3925	transcend	להתעלות	להתעלות | לחרוג	2:לחרוג
w3928	underlies	מונח ביסוד, נמצא מתחת ל-	לעמוד בבסיס	1:לעמוד בבסיס
w3930	upheaval	מהפך	טלטלה | מהפך | תהפוכה	1:טלטלה | 3:תהפוכה
w3931	uphold	להחזיק, לתמוך, לדגול	לקיים | לתמוך	1:לקיים
w3933	uproar	רעש, מהומה	מהומה | סערה	2:סערה
w3934	usher	סדרן	סדרן | ללוות	2:ללוות
w3936	veracity	אמיתוּת, דבקות באמת; דיוק, התאמה לעובדות	אמיתות | אמינות	2:אמינות
w3937	vertebrate	בעל חוליות	חולייתן	1:חולייתן
w3941	vocation	מקצוע	ייעוד | מקצוע	1:ייעוד
w3944	withhold	לעכב, לעצור, לא לתת	להסתיר | לעכב	1:להסתיר
w3945	wrought	מעוצב, מחושל	מעובד	1:מעובד
