מילה	יחידה	מקור ההוכחה	רפרנס	הערה
אולם	1	ויקינתונים (CC0)	L63769
ברם	1	ספריא · נחלת הכלל	Machberet Menachem, Letter Bet 62:2 (Mahberet Menahem, London, 1854. [he])
שכן	1	ויקינתונים (CC0)	L219645
הואיל ו	1	ויקינתונים (CC0)	L207001
בשל	1	ויקינתונים (CC0)	L205971
בגין	1	ויקינתונים (CC0)	L489885
לפיכך	1	ויקינתונים (CC0)	L492156
אפוא	1	ויקינתונים (CC0)	L492148
אף ש	1	ספריא · נחלת הכלל	Etz Yosef on Shir HaShirim Rabbah 1:16:1:3 (Midrash Rabbah, with Etz Yosef, Warsaw, 1867 [he])
הגם ש	1	ספריא · נחלת הכלל	Malbim on Exodus 5:18:1 (Mikraei Kodesh, Vilna, 1891 [he])
חרף	1	ויקינתונים (CC0)	L211176
אלמלא	1	ויקינתונים (CC0)	L492124
לולא	1	ויקינתונים (CC0)	L492153
לכאורה	1	ויקינתונים (CC0)	L492154
כביכול	1	ויקינתונים (CC0)	L492018
אמנם	1	ספריא · נחלת הכלל	Metzudat Zion on Job 19:5:1 (On Your Way [he])
דהינו	1	ספריא · נחלת הכלל	Kitzur Shulchan Arukh 60:13 (Torat Emet 357 [he])
מנגד	1	ויקינתונים (CC0)	L213452
יתר על כן	1	ספריא · נחלת הכלל	Ritva on Yevamot 37b:1 (Chidushei HaRitva Yevamot; Lvov, 1861. [he])
אדרבא	1	ספריא · נחלת הכלל	Rashba on Eruvin 71a:1 (Gerlitz edition, published by Oraita [he])
על כרחו	1	⚠ דרוש מקור	Gur Aryeh on Bamidbar 22:18:2 (Gur Aryeh, Machon Yerushalyim, 1989-1995 [he])	⚠ ההוכחה הוסרה · ספריא נחלת-הכלל · מהדורה 1995 · אומת חי מול ספריא: אין בספריא אף מהדורה עברית בנחלת הכלל שאינה מ-1929 ואילך · הגרסאות שנמצאו: Gur Aryeh, Machon Yerushalyim, 1989-1995 · הטענה הקודמת: ספריא · נחלת הכלל / Gur Aryeh on Bamidbar 22:18:2 (Gur Aryeh, Machon Yerushalyim, 1989-1995 [he])
בדיעבד	1	ויקינתונים (CC0)	L491991
לכתחלה	1	ספריא · נחלת הכלל	Maharam Schiff on Gittin 4a:6 (Vilna Edition [he])
פזיז	1	ויקינתונים (CC0)	L216609
נמהר	1	ויקינתונים (CC0)	L214685
מתון	1	ויקינתונים (CC0)	L213990
ותרן	1	ויקינתונים (CC0)	L210327
דעתן	1	ויקינתונים (CC0)	L206711
שחצן	1	ויקינתונים (CC0)	L219424
יהיר	1	ויקינתונים (CC0)	L211641
ענו	1	ויקינתונים (CC0)	L80557
קפדן	1	ויקינתונים (CC0)	L218391
רשלן	1	ויקינתונים (CC0)	L219146
חפוז	1	ויקינתונים (CC0)	L211074
נועז	1	ויקינתונים (CC0)	L214280
הגון	1	ויקינתונים (CC0)	L206914
עקש	1	ויקינתונים (CC0)	L216122
ציתן	1	ויקינתונים (CC0)	L217568
כנוע	1	ויקינתונים (CC0)	L212151
עוין	1	ויקינתונים (CC0)	L215957
נרגן	1	ויקינתונים (CC0)	L214993
רכרוכי	1	ויקינתונים (CC0)	L218962
מפנם	1	ויקינתונים (CC0)	L212907
מחצן	1	⚠ דרוש מקור	נמלה
פזרן	1	ויקינתונים (CC0)	L216614
גרגרן	1	ויקינתונים (CC0)	L206353
הולל	1	ויקינתונים (CC0)	L207205
הפכפך	1	ויקינתונים (CC0)	L208531
ערמומי	1	ויקינתונים (CC0)	L216333
פתי	1	ויקינתונים (CC0)	L217401
שאנן	1	ויקינתונים (CC0)	L219189
להוט	1	ויקינתונים (CC0)	L212298
זעוף	1	ויקינתונים (CC0)	L210495
צבוע	1	ויקינתונים (CC0)	L217452
גלמוד	1	ויקינתונים (CC0)	L206277
הוקיר	1	ויקינתונים (CC0)	L207395
זנח	1	ויקינתונים (CC0)	L210488
חדל	1	ויקינתונים (CC0)	L210603
נכסף	1	ויקינתונים (CC0)	L214651
גער	1	ויקינתונים (CC0)	L206334
התריס	1	ויקינתונים (CC0)	L210213
הפציר	1	ויקינתונים (CC0)	L208559
מאן	1	ויקינתונים (CC0)	L213109
נאות	1	ויקינתונים (CC0)	L214044
נעתר	1	ויקינתונים (CC0)	L214836
המרה	1	ויקינתונים (CC0)	L208238
התקומם	1	ויקינתונים (CC0)	L210107
הרהר	1	ויקינתונים (CC0)	L208879
תהה	1	ויקינתונים (CC0)	L219997
הסיק	1	ויקינתונים (CC0)	L208321
הפריך	1	ויקינתונים (CC0)	L208576
אשש	1	ויקינתונים (CC0)	L204893
הלל	1	ויקינתונים (CC0)	L1333585
קטרג	1	ויקינתונים (CC0)	L218106
סנגר	1	ויקינתונים (CC0)	L215682
הוקיע	1	ויקינתונים (CC0)	L207394
הרתיע	1	ויקינתונים (CC0)	L208959
נבעת	1	ויקינתונים (CC0)	L214114
התעשת	1	ויקינתונים (CC0)	L209986
הסתיג	1	ויקינתונים (CC0)	L208383
צדד	1	ויקינתונים (CC0)	L217542
חלק על	1	ויקינתונים (CC0)	L65291
ערער על	1	ויקינתונים (CC0)	L216339
פקפק	1	ויקינתונים (CC0)	L217128
דבק	1	ויקינתונים (CC0)	L206429
ערק	1	ויקינתונים (CC0)	L216347
חמק	1	ויקינתונים (CC0)	L211011
שהה	1	ויקינתונים (CC0)	L219256
התמהמה	1	ויקינתונים (CC0)	L209717
בושש	1	ויקינתונים (CC0)	L205652
האיץ	1	ויקינתונים (CC0)	L206814
הלך	1	ויקינתונים (CC0)	L184903
תעה	1	ויקינתונים (CC0)	L220324
עמל	1	ויקינתונים (CC0)	L216185
טרח	1	ויקינתונים (CC0)	L211542
שקד	1	ויקינתונים (CC0)	L219820
הגה	1	ויקינתונים (CC0)	L206911
חולל	1	ויקינתונים (CC0)	L210658
הסב	1	ויקינתונים (CC0)	L208305
הניב	1	ויקינתונים (CC0)	L208277
שכלל	1	ויקינתונים (CC0)	L219641
גרע	1	ויקינתונים (CC0)	L206387
דלל	1	ויקינתונים (CC0)	L206614
גדש	1	ויקינתונים (CC0)	L206060
הרעיף	1	ויקינתונים (CC0)	L208926
הפריז	1	ויקינתונים (CC0)	L208573
המעיט	1	ויקינתונים (CC0)	L208234
זקף	1	ויקינתונים (CC0)	L210523
גמל	1	ויקינתונים (CC0)	L206295
מחל	1	ויקינתונים (CC0)	L213038
החמיץ	1	ויקינתונים (CC0)	L207637
אכף	1	ויקינתונים (CC0)	L204914
זכה	1	ויקינתונים (CC0)	L210450
הרשיע	1	ויקינתונים (CC0)	L208955
כפר	1	ויקינתונים (CC0)	L1320773
הפיח	1	ויקינתונים (CC0)	L208523
מעך	1	ויקינתונים (CC0)	L213598
חרפה	1	ויקינתונים (CC0)	L77950
חפות	1	ויקינתונים (CC0)	L211079
תחנה	1	ויקינתונים (CC0)	L68611
קנאות	1	ויקינתונים (CC0)	L67907
הפוגה	1	ויקינתונים (CC0)	L208515
מורא	1	ויקינתונים (CC0)	L66125
גנאי	1	ויקינתונים (CC0)	L206302
תהלה	1	ויקינתונים (CC0)	L68558
מוניטין	1	ויקינתונים (CC0)	L66107
בוז	1	ויקינתונים (CC0)	L205540
חמלה	1	ויקינתונים (CC0)	L65304
אהדה	1	ויקינתונים (CC0)	L75046
משוכה	1	ויקינתונים (CC0)	L79603
תכלית	1	ויקינתונים (CC0)	L82487
תחבולה	1	ויקינתונים (CC0)	L220103
מזמה	1	ויקינתונים (CC0)	L78933
בצע	1	ויקינתונים (CC0)	L491563
מבוכה	1	ויקינתונים (CC0)	L66013
השתאות	1	ויקינתונים (CC0)	L209060
יסורים	1	ספריא · נחלת הכלל	Perush Maharzu on Vayikra Rabbah 29:5:2 (Midrash Rabbah, Vilna, 1878 [he])
מכאוב	1	ויקינתונים (CC0)	L66260
יגון	1	ויקינתונים (CC0)	L65523
חדוה	1	ויקינתונים (CC0)	L490035
נחת	1	ויקינתונים (CC0)	L214421
מרת רוח	1	ספריא · נחלת הכלל	Netinah LaGer, Genesis 26:35:1 (Vilna, 1876 [he])
חמה	1	ויקינתונים (CC0)	L65298
טינה	1	ויקינתונים (CC0)	L211390
איבה	1	ויקינתונים (CC0)	L63863
תוכחה	1	ויקינתונים (CC0)	L220027
לקח	1	ויקינתונים (CC0)	L212509
בקיאות	1	ויקינתונים (CC0)	L205920
דכדוך	1	ויקינתונים (CC0)	L64710
חנפה	1	ויקינתונים (CC0)	L77881
גחמה	1	ויקינתונים (CC0)	L206164
סרק	1	ויקינתונים (CC0)	L215859
לשוא	1	ספריא · נחלת הכלל	Rashi on Temurah 3b:7:2 (Vilna Edition [he])
כפיות טובה	1	ספריא · נחלת הכלל	Chelkat Mechokek on Job 5:19:1 (Chelkat Mechokek, Warsaw 1876 [he])
משוא פנים	1	⚠ דרוש מקור	Ben Yehoyada on Yevamot 79a:2 (Senlake edition 2019 based on Ben Yehoyada, Jerusalem, 1897 [he])	⚠ ההוכחה הוסרה · ספריא נחלת-הכלל · מהדורה 2019 · אומת חי מול ספריא: אין בספריא אף מהדורה עברית בנחלת הכלל שאינה מ-1929 ואילך · הגרסאות שנמצאו: Senlake edition 2019 based on Ben Yehoyada, Jerusalem, 1897 · הטענה הקודמת: ספריא · נחלת הכלל / Ben Yehoyada on Yevamot 79a:2 (Senlake edition 2019 based on Ben Yehoyada, Jerusalem, 1897 [he])
קלון	1	ויקינתונים (CC0)	L81644
תנוך	1	ויקינתונים (CC0)	L82519
עכור	1	ויקינתונים (CC0)	L216146
צלול	1	ויקינתונים (CC0)	L217613
קלוש	1	ויקינתונים (CC0)	L218247
פעוט	1	ויקינתונים (CC0)	L217063
נכר	1	ויקינתונים (CC0)	L79847
מבהק	1	ויקינתונים (CC0)	L212731
סמוי	1	ויקינתונים (CC0)	L215649
מערפל	1	ספריא · נחלת הכלל	Metzudat David on Job 38:9:1 (On Your Way [he])
עמום	1	ויקינתונים (CC0)	L216173
דו משמעי	1	ויקיטקסט · נחלת הכלל	צידה לדרך למועדי ישראל/כ
שומם	1	ויקינתונים (CC0)	L219328
תכוף	1	ויקינתונים (CC0)	L220212
שכיח	1	ויקינתונים (CC0)	L219630
אחיד	1	ויקינתונים (CC0)	L204650
חולף	1	ויקינתונים (CC0)	L210957
ארעי	1	ויקינתונים (CC0)	L205422
רעוע	1	ויקינתונים (CC0)	L219017
איתן	1	ויקינתונים (CC0)	L204897
חסין	1	ויקינתונים (CC0)	L211057
קהה	1	ויקינתונים (CC0)	L217807
תפל	1	ויקינתונים (CC0)	L220357
אפלולי	1	ויקינתונים (CC0)	L205240
סגלגל	1	ויקינתונים (CC0)	L215164
דחוק	1	ויקינתונים (CC0)	L206542
עגום	1	ויקינתונים (CC0)	L215902
משמים	1	ויקינתונים (CC0)	L213940
ערירי	1	ויקינתונים (CC0)	L216326
עלה בתהו	1	ספריא · נחלת הכלל	Malbim on Exodus 16:14:1 (Mikraei Kodesh, Vilna, 1891 [he])
אזלת יד	1	ויקינתונים (CC0)	L63834
אזן קשבת	1	ספריא · נחלת הכלל	Haamek Davar on Genesis 4:23:4 (Sefer Torat Elohim, Vilna 1879 [he])
כלאחר יד	1	ספריא · נחלת הכלל	Zohar Chadash, Tikuna Kadma'ah 75 (Zohar Chadash [he])
אין תוכו כברו	1	ספריא · נחלת הכלל	Malbim Beur Hamilot on Isaiah 10:6:2 (On Your Way [he])
נמנה עם	1	ויקינתונים (CC0)	L214705
עולה בקנה אחד עם	1	⚠ דרוש מקור	Lechem Shamayim on Mishnah Mikvaot 2:9:1 (Jerusalem, 1978 [he])	⚠ ההוכחה הוסרה · ספריא נחלת-הכלל · מהדורה 1978 · אומת חי מול ספריא: אין בספריא אף מהדורה עברית בנחלת הכלל שאינה מ-1929 ואילך · הגרסאות שנמצאו: Jerusalem, 1978 · הטענה הקודמת: ספריא · נחלת הכלל / Lechem Shamayim on Mishnah Mikvaot 2:9:1 (Jerusalem, 1978 [he])
חס	1	ויקינתונים (CC0)	L211046
טבע	1	ויקינתונים (CC0)	L211263
אגד	1	ויקינתונים (CC0)	L204348
נא	1	ויקינתונים (CC0)	L492185
לא בכדי	1	⚠ דרוש מקור	Darkhei Moshe (Amiel), Derekh HaKodesh, Shmatta 11 9:3 (Darkhei Moshe, Jerusalem 1998-2000 [he])	⚠ ההוכחה הוסרה · ספריא נחלת-הכלל · מהדורה 2000 · אומת חי מול ספריא: אין בספריא אף מהדורה עברית בנחלת הכלל שאינה מ-1929 ואילך · הגרסאות שנמצאו: Darkhei Moshe, Jerusalem 1998-2000 · הטענה הקודמת: ספריא · נחלת הכלל / Darkhei Moshe (Amiel), Derekh HaKodesh, Shmatta 11 9:3 (Darkhei Moshe, Jerusalem 1998-2000 [he])
קורת רוח	1	ספריא · נחלת הכלל	Kessef Mishneh on Mishneh Torah, Slaves 6:4:2 (Torat Emet 363 [he])
בפומבי / בפומבי	1	ספריא · נחלת הכלל	Prisha, Even HaEzer 91:16:1 (Tur Even HaEzer, Vilna, 1923 [he])
כן / כנה	1	ויקינתונים (CC0)	L65801
הדרן	1	ויקינתונים (CC0)	L77190
בעטיו	2	ספריא · נחלת הכלל	Rashi on Shabbat 55b:3:1 (Vilna Edition [he])
פן	2	ויקינתונים (CC0)	L67475
לבל	2	ספריא · נחלת הכלל	Tov haLevanon, Tenth Treatise on Devotion to God 7:72 (Chovat Halevavot, Warsaw 1875 [he])
בטרם	2	ספריא · נחלת הכלל	Yahel Ohr on Zohar 3:249a:2 (Vilna 1882 [he])
בן לילה	2	ספריא · נחלת הכלל	Etz Yosef on Shemot Rabbah 9:7:25 (Midrash Rabbah with Etz Yosef, Warsaw, 1867 [he])
זה מכבר	2	⚠ דרוש מקור	Justice in the Jewish State according to the Torah 31:2 (Tel Aviv, 1936 [he])	⚠ ההוכחה הוסרה · ספריא נחלת-הכלל · מהדורה 1936 · אומת חי מול ספריא: אין בספריא אף מהדורה עברית בנחלת הכלל שאינה מ-1929 ואילך · הגרסאות שנמצאו: Tel Aviv, 1936 · הטענה הקודמת: ספריא · נחלת הכלל / Justice in the Jewish State according to the Torah 31:2 (Tel Aviv, 1936 [he])
לשעבר	2	ויקינתונים (CC0)	L492056
חדשות לבקרים	2	⚠ דרוש מקור	Sermons Unto My People, The Three Festivals 2:30 (Derashot El Ami, Jerusalem 1936 [he])	⚠ ההוכחה הוסרה · ספריא נחלת-הכלל · מהדורה 1936 · אומת חי מול ספריא: אין בספריא אף מהדורה עברית בנחלת הכלל שאינה מ-1929 ואילך · הגרסאות שנמצאו: Derashot El Ami, Jerusalem 1936 · הטענה הקודמת: ספריא · נחלת הכלל / Sermons Unto My People, The Three Festivals 2:30 (Derashot El Ami, Jerusalem 1936 [he])
קל וחמר	2	ויקינתונים (CC0)	L67882
מבעוד מועד	2	ויקיטקסט · נחלת הכלל	חוק קיום דיונים בהיוועדות חזותית בהשתתפות עצורים, אסירים וכלואים בתקופת התפשטות נגיף הקורונה החדש (הוראת שעה)
בעצומו של	2	ספריא · נחלת הכלל	Notes and Corrections on Midrash Aggadah, Genesis 7:8 (Midrash Aggadah, ed. Buber, Vienna, 1894. [he])
במשורה	2	ספריא · נחלת הכלל	Ibn Ezra on Leviticus 19:36:3 (On Your Way [he])
חמדן	2	ויקינתונים (CC0)	L210979
גנדרן	2	ויקינתונים (CC0)	L206306
קנטרן	2	ויקינתונים (CC0)	L218359
עלג	2	ויקינתונים (CC0)	L216080
נלעג	2	ויקינתונים (CC0)	L214676
זחוח	2	ויקינתונים (CC0)	L210395
כילי	2	ויקינתונים (CC0)	L78400
אמיד	2	ויקינתונים (CC0)	L205009
אביון	2	ויקינתונים (CC0)	L204333
כחוש	2	ויקינתונים (CC0)	L212031
צנום	2	ויקינתונים (CC0)	L217659
תמהוני	2	ויקינתונים (CC0)	L220183
נוטר	2	ויקינתונים (CC0)	L214250
תכסיסן	2	ויקינתונים (CC0)	L220231
סורר	2	ויקינתונים (CC0)	L215321
נרפה	2	ויקינתונים (CC0)	L215014
אנין	2	ויקינתונים (CC0)	L205099
אסטניס	2	ויקינתונים (CC0)	L205147
הדיוט	2	ויקינתונים (CC0)	L64794
בור	2	ויקינתונים (CC0)	L205622
אויל	2	ויקינתונים (CC0)	L63742
חמום	2	ויקינתונים (CC0)	L210986
שלומיאל	2	ויקינתונים (CC0)	L219671
התנכל	2	ויקינתונים (CC0)	L209842
התעמר	2	ויקינתונים (CC0)	L209936
התנצח	2	ויקינתונים (CC0)	L209865
התל	2	ויקינתונים (CC0)	L208084
הונה	2	ויקינתונים (CC0)	L207258
עשק	2	ויקינתונים (CC0)	L216362
נשל	2	ויקינתונים (CC0)	L215070
נחל	2	ויקינתונים (CC0)	L214380
חסה	2	ויקינתונים (CC0)	L211047
כמה	2	ויקינתונים (CC0)	L212140
ערג	2	ויקינתונים (CC0)	L216306
נהה	2	ויקינתונים (CC0)	L214197
תר	2	ויקינתונים (CC0)	L220419
חזר	2	ויקינתונים (CC0)	L210742
ארב	2	ויקינתונים (CC0)	L205352
התחקה	2	ויקינתונים (CC0)	L209538
הפטיר	2	ויקינתונים (CC0)	L208521
נם	2	ויקינתונים (CC0)	L214681
שנן	2	ויקינתונים (CC0)	L219562
נבט	2	ויקינתונים (CC0)	L1320631
נעץ	2	ויקינתונים (CC0)	L214818
לטש	2	ויקינתונים (CC0)	L212397
בהה	2	ויקינתונים (CC0)	L205505
גהר	2	ויקינתונים (CC0)	L206063
רכן	2	ויקינתונים (CC0)	L218960
קעקע	2	ויקינתונים (CC0)	L218389
נתץ	2	ויקינתונים (CC0)	L214624
רמס	2	ויקינתונים (CC0)	L218986
בזז	2	ויקינתונים (CC0)	L205664
שסה	2	ויקינתונים (CC0)	L219567
מגר	2	ויקינתונים (CC0)	L213113
נכלם	2	ויקינתונים (CC0)	L214645
התרעם	2	ויקינתונים (CC0)	L210227
רטן	2	ויקינתונים (CC0)	L218840
קבל	2	ויקינתונים (CC0)	L217771
נאנק	2	ויקינתונים (CC0)	L214061
גנח	2	ויקינתונים (CC0)	L206315
התיפח	2	ויקינתונים (CC0)	L209609
יבב	2	ויקינתונים (CC0)	L211723
גדף	2	ויקינתונים (CC0)	L206188
נאץ	2	ויקינתונים (CC0)	L214463
השכיל	2	ויקינתונים (CC0)	L209007
נוכח	2	ויקינתונים (CC0)	L214257
התחור	2	ויקינתונים (CC0)	L209481
סבר	2	ויקינתונים (CC0)	L215153
גרס	2	ויקינתונים (CC0)	L206384
הכריע	2	ויקינתונים (CC0)	L208142
פקד	2	ויקינתונים (CC0)	L217103
שרר	2	ויקינתונים (CC0)	L219894
רוח	2	ויקינתונים (CC0)	L68068
נקלע	2	ויקינתונים (CC0)	L214968
תשש	2	ספריא · נחלת הכלל	Yefeh Anaf on Eichah Rabbah 1:28:3 (Midrash Rabbah, Vilna, 1878 [he])
דעך	2	ויקינתונים (CC0)	L206710
גאה	2	ויקינתונים (CC0)	L205993
קמל	2	ויקינתונים (CC0)	L218328
אפף	2	ויקינתונים (CC0)	L205257
עטה	2	ויקינתונים (CC0)	L216028
חבש	2	ויקינתונים (CC0)	L210584
דדה	2	ויקינתונים (CC0)	L206580
זע	2	ויקינתונים (CC0)	L210493
חג	2	ויקינתונים (CC0)	L65112
הזדקר	2	ויקינתונים (CC0)	L207553
הבליח	2	ויקינתונים (CC0)	L206872
בקע	2	ויקינתונים (CC0)	L205923
פלח	2	ויקינתונים (CC0)	L67457
קדח	2	ויקינתונים (CC0)	L217792
נמלך	2	ויקינתונים (CC0)	L214702
עלץ	2	ויקינתונים (CC0)	L216170
מרט	2	ויקינתונים (CC0)	L213832
גדע	2	ויקינתונים (CC0)	L206057
דלה	2	ויקינתונים (CC0)	L491574
כפף	2	ויקינתונים (CC0)	L1459959
הפקיר	2	ויקינתונים (CC0)	L208565
הפשיט	2	ויקינתונים (CC0)	L208582
דובב	2	ויקינתונים (CC0)	L206467
תוחלת	2	ויקינתונים (CC0)	L82432
פרקן	2	ספריא · נחלת הכלל	Penei Moshe on Jerusalem Talmud Taanit 2:12:4:2 (1536 [he])
מפלט	2	ויקינתונים (CC0)	L66455
עלילה	2	ויקינתונים (CC0)	L80533
לעז	2	ויקינתונים (CC0)	L78701
פלמוס	2	ויקיטקסט · נחלת הכלל	כל כתבי שאול טשרניחובסקי/כרך ח':מחזות/בר-כוכבא/עלילה ראשונה
שאון	2	ויקינתונים (CC0)	L82084
רחש	2	ויקינתונים (CC0)	L218829
עלטה	2	ויקינתונים (CC0)	L80531
דמדומים	2	ויקינתונים (CC0)	L77062
זיו	2	ויקינתונים (CC0)	L65049
נגה	2	ויקינתונים (CC0)	L1320401
נהרה	2	ויקינתונים (CC0)	L214212
אשנב	2	ויקינתונים (CC0)	L64139
צהר	2	ויקינתונים (CC0)	L67620
מפתן	2	ויקינתונים (CC0)	L66467
אדן	2	ויקינתונים (CC0)	L63714
גחלת	2	ויקינתונים (CC0)	L64488
שבל	2	ויקינתונים (CC0)	L68216
אלמה	2	ויקינתונים (CC0)	L75472
צידה	2	ויקינתונים (CC0)	L81287
נוה	2	ויקינתונים (CC0)	L214240
מאורה	2	ויקינתונים (CC0)	L212540
אבך	2	ויקינתונים (CC0)	L490912
סגריר	2	ויקינתונים (CC0)	L79981
משב	2	ויקינתונים (CC0)	L79591
פלג	2	ויקינתונים (CC0)	L67448
אשד	2	ויקינתונים (CC0)	L76079
אפיק	2	ויקינתונים (CC0)	L64060
שחר	2	ויקינתונים (CC0)	L68304
בכורה	2	ויקינתונים (CC0)	L64283
תפנית	2	ויקינתונים (CC0)	L220361
מהלמה	2	ויקינתונים · צורה (CC0)	L212713
תגרה	2	ויקינתונים (CC0)	L82421
חלחלה	2	ויקינתונים (CC0)	L77819
סלידה	2	ויקינתונים (CC0)	L80242
עדנה	2	ויקינתונים (CC0)	L215923
דרור	2	ויקינתונים (CC0)	L64751
משגה	2	ויקינתונים (CC0)	L213885
פכחון	2	ויקינתונים (CC0)	L216747
נס	2	ויקינתונים (CC0)	L214751
לח	2	ויקינתונים (CC0)	L212366
דפי	2	ויקינתונים (CC0)	L77089
רבב	2	ויקינתונים (CC0)	L81888
שמץ	2	ויקינתונים (CC0)	L219740
קרטוב	2	ויקינתונים (CC0)	L81761
מגל	2	ויקינתונים (CC0)	L66029
סהר	2	ויקינתונים (CC0)	L79991
חרטום	2	ויקינתונים (CC0)	L65369
פסיפס	2	ויקינתונים (CC0)	L81017
רפאים	2	ויקינתונים (CC0)	L82035
נגף	2	ויקינתונים (CC0)	L214150
סועד	2	ויקינתונים (CC0)	L80032
לצון	2	ויקינתונים (CC0)	L212500
שחוק	2	ויקינתונים (CC0)	L219407
בלוי	2	ויקינתונים (CC0)	L205833
מהול	2	ויקינתונים (CC0)	L212701
זך	2	ויקינתונים (CC0)	L210446
צחור	2	ויקינתונים (CC0)	L217530
חרב	2	ויקינתונים (CC0)	L211124
שוקק	2	ויקינתונים (CC0)	L219842
הומה	2	ויקינתונים (CC0)	L207216
צחיח	2	ויקינתונים (CC0)	L217532
עקר	2	ויקינתונים (CC0)	L216291
לאה	2	ויקינתונים (CC0)	L212255
יגע	2	ויקינתונים (CC0)	L211626
נשגב	2	ויקינתונים (CC0)	L215043
נתעב	2	ויקינתונים (CC0)	L215118
חרישי	2	ויקינתונים (CC0)	L211165
ערב	2	ויקינתונים (CC0)	L216297
דהוי	2	ויקינתונים (CC0)	L206457
סמוק	2	ויקינתונים (CC0)	L215651
גוץ	2	ויקינתונים (CC0)	L206124
תמיר	2	ויקינתונים (CC0)	L220275
שדוף	2	ויקינתונים (CC0)	L219249
עבש	2	ויקינתונים (CC0)	L215894
הדור	2	ויקינתונים (CC0)	L206972
ססגוני	2	ויקינתונים (CC0)	L215721
קפץ ידו	2	ספריא · נחלת הכלל	Shoel uMeshiv Mahadura I 3:200:1 (Lemberg, 1865-1890 [he])
מוסר כליות	2	⚠ דרוש מקור	LeNevukhei HaTekufah 2:1:27 (Merkaz Shapira, 2014 [he])	⚠ ההוכחה הוסרה · ספריא נחלת-הכלל · מהדורה 2014 · אומת חי מול ספריא: אין בספריא אף מהדורה עברית בנחלת הכלל שאינה מ-1929 ואילך · הגרסאות שנמצאו: Merkaz Shapira, 2014 · הטענה הקודמת: ספריא · נחלת הכלל / LeNevukhei HaTekufah 2:1:27 (Merkaz Shapira, 2014 [he])
מפח נפש	2	ספריא · נחלת הכלל	Melekhet Shelomoh on Mishnah Rosh Hashanah 2:6:6 (Mishnah, ed. Romm, Vilna 1913 [he])
ירד לסוף דעתו	2	ספריא · נחלת הכלל	Prisha, Choshen Mishpat 290:10:1 (Tur Choshen Mishpat: Vilna, 1923 [he])
עמד על טיבו	2	ספריא · נחלת הכלל	Torat HaBayit HaAroch, The Fifth House, The Second Gate 1 (Gerlitz edition, published by Oraita [he])
העלה חרס בידו	2	ספריא · נחלת הכלל	Havot Yair 215:8 (Chavot Yair, Lemberg, 1896 [he])
לא טמן ידו בצלחת	2	ספריא · נחלת הכלל	Sefer HeArukh, Letter Shin 159 (Sefer HeArukh, Lublin 1883 [he])
מן השפה ולחוץ	2	ספריא · נחלת הכלל	Ohr HaChammah on Zohar 1:193a:10 (Ohr Hachama, Peremyshl, 1896-1898 [he])
למראית עין	2	ספריא · נחלת הכלל	Korban Netanel on Yevamot 10:9 (Vilna Edition [he])
קשה ערף	2	ספריא · נחלת הכלל	Bekhor Shor, Exodus 33:3:2 (Bekhor Shor, Leipzig, 1856 [he])
הסמיך	2	ויקינתונים (CC0)	L208333
השעה	2	ויקינתונים (CC0)	L209036
התריע	2	ויקינתונים (CC0)	L210214
טירון	2	ויקינתונים (CC0)	L78068
תמימי דעים	2	ספריא · נחלת הכלל	Ya'arot Devash II 2:62 (1293 [he])
למצער	3	ספריא · נחלת הכלל	Malbim Beur Hamilot on Isaiah 63:18:1 (On Your Way [he])
להותו	3	ספריא · נחלת הכלל	Sefat Yeter 19 (Sefer Sefat Yeter, Warsaw 1895 [he])
בצותא	3	⚠ דרוש מקור	Hypothetica 46 (Tel Aviv, 1936 [he])	⚠ ההוכחה הוסרה · ספריא נחלת-הכלל · מהדורה 1936 · אומת חי מול ספריא: אין בספריא אף מהדורה עברית בנחלת הכלל שאינה מ-1929 ואילך · הגרסאות שנמצאו: Tel Aviv, 1936 · הטענה הקודמת: ספריא · נחלת הכלל / Hypothetica 46 (Tel Aviv, 1936 [he])
קמעה	3	ספריא · נחלת הכלל	Perush Maharzu on Bamidbar Rabbah 4:13:5 (Midrash Rabbah, Vilna, 1878 [he])
יומם	3	ויקינתונים (CC0)	L78235
סגפן	3	ויקינתונים (CC0)	L215170
פוחז	3	ויקינתונים (CC0)	L216444
ארכן	3	ויקינתונים (CC0)	L205411
צורף	3	ויקינתונים (CC0)	L217526
נפח	3	ויקינתונים (CC0)	L214851
ספן	3	ויקינתונים (CC0)	L215755
נוד	3	ויקינתונים (CC0)	L214156
התנער	3	ויקינתונים (CC0)	L209855
חפץ	3	ויקינתונים (CC0)	L211088
הסכין	3	ויקינתונים (CC0)	L208325
פצח	3	ויקינתונים (CC0)	L217087
חרץ	3	ויקינתונים (CC0)	L211178
קצף	3	ויקינתונים (CC0)	L218435
געש	3	ויקינתונים (CC0)	L206336
לבה	3	ויקינתונים (CC0)	L78556
נמוג	3	ויקינתונים (CC0)	L214686
גז	3	ויקינתונים (CC0)	L206137
חתר	3	ויקינתונים (CC0)	L211235
מש	3	ויקינתונים (CC0)	L213877
הגיח	3	ויקינתונים (CC0)	L206925
עט	3	ויקינתונים (CC0)	L216027
דאה	3	ויקינתונים (CC0)	L206412
הצליף	3	ויקינתונים (CC0)	L208671
לקה	3	ויקינתונים (CC0)	L212501
הניס	3	ויקינתונים (CC0)	L208280
בצר	3	ויקינתונים (CC0)	L491564
מסק	3	ויקינתונים (CC0)	L213561
אגר	3	ויקינתונים (CC0)	L204363
לקט	3	ויקינתונים (CC0)	L78712
קושש	3	ויקינתונים (CC0)	L218060
גנז	3	ויקינתונים (CC0)	L206314
קלח	3	ויקינתונים (CC0)	L218248
נגר	3	ויקינתונים (CC0)	L66692
השרה	3	ויקינתונים (CC0)	L209052
רקח	3	ויקינתונים (CC0)	L219128
בחש	3	ויקינתונים (CC0)	L205680
חרך	3	ויקינתונים (CC0)	L211167
לחך	3	ויקינתונים (CC0)	L212372
כרסם	3	ויקינתונים (CC0)	L212228
גמע	3	ויקינתונים (CC0)	L206300
קץ	3	ויקינתונים (CC0)	L218418
הקיץ	3	ויקינתונים (CC0)	L208804
בדה	3	ויקינתונים (CC0)	L205486
טוה	3	ויקינתונים (CC0)	L211289
שזר	3	ויקינתונים (CC0)	L219398
פלל	3	ויקינתונים (CC0)	L216770
חפה	3	ויקינתונים (CC0)	L210869
לבלב	3	ויקינתונים (CC0)	L212274
הנץ	3	ויקינתונים (CC0)	L208296
הפציע	3	ויקינתונים (CC0)	L208557
כמש	3	ויקינתונים (CC0)	L212148
קרן	3	ויקינתונים (CC0)	L218530
שדל	3	ויקינתונים (CC0)	L219478
הדיח	3	ויקינתונים (CC0)	L206976
הניא	3	ויקינתונים (CC0)	L208276
אחה	3	ויקינתונים (CC0)	L204730
טרף	3	ויקינתונים (CC0)	L211593
כתש	3	ויקינתונים (CC0)	L212254
לפת	3	ויקינתונים (CC0)	L212498
חפן	3	ויקינתונים (CC0)	L211086
האציל	3	ויקינתונים (CC0)	L206828
השית	3	ויקינתונים (CC0)	L209003
הפקיע	3	ויקינתונים (CC0)	L208564
הכיש	3	ויקינתונים (CC0)	L208114
שסע	3	ויקינתונים (CC0)	L82279
פרם	3	ויקינתונים (CC0)	L217299
הגליד	3	ויקינתונים (CC0)	L206933
צוח	3	ויקינתונים (CC0)	L217495
קונן	3	ויקינתונים (CC0)	L217954
ספד	3	ויקינתונים (CC0)	L215732
מעל	3	ויקינתונים (CC0)	L213599
סרח	3	ויקינתונים (CC0)	L215843
שמט	3	ויקינתונים (CC0)	L219719
רבץ	3	ויקינתונים (CC0)	L218637
השתרע	3	ויקינתונים (CC0)	L209197
סכם	3	ויקינתונים (CC0)	L215598
שרך	3	ויקינתונים (CC0)	L219883
השביע	3	ויקינתונים (CC0)	L208971
אצר	3	ויקינתונים (CC0)	L205285
רוה	3	ויקינתונים (CC0)	L218725
מדון	3	ויקינתונים (CC0)	L66051
מגור	3	ויקינתונים (CC0)	L78766
חיל	3	ויקינתונים (CC0)	L65246
מרך	3	ספריא · נחלת הכלל	Rashi on Leviticus 26:36:1 (On Your Way [he])	⟵ הוחלף למהדורה חופשית · אומת חי מול ספריא: «On Your Way» · רישיון Public Domain · אין בשם המהדורה שנה 1929 ואילך · הרצף «מרך» נמצא בטקסט הגרסה · הטענה הקודמת: ספריא · נחלת הכלל / Rashi on Leviticus 26:36:1 (Pentateuch with Rashi's commentary by M. Rosenbaum and A.M. Silbermann, 1929-1934 [he])
הוד	3	ויקינתונים (CC0)	L64801
פת	3	ויקינתונים (CC0)	L67587
תלם	3	ויקינתונים (CC0)	L68657
חרמש	3	ויקינתונים (CC0)	L65373
אסם	3	ויקינתונים (CC0)	L64050
גרן	3	ויקינתונים (CC0)	L76789
מוץ	3	ויקינתונים (CC0)	L212913
אזמל	3	ויקינתונים (CC0)	L63835
סדן	3	ויקינתונים (CC0)	L66933
נקיק	3	ויקינתונים (CC0)	L214961
כוך	3	ויקינתונים (CC0)	L78363
גמחה	3	ויקינתונים (CC0)	L76704
משעול	3	ויקינתונים (CC0)	L79633
בריח	3	ויקינתונים (CC0)	L64379
טרקלין	3	ויקינתונים (CC0)	L65511
פרוזדור	3	ויקינתונים (CC0)	L217188
יציע	3	ויקינתונים (CC0)	L211854
משקוף	3	ויקינתונים (CC0)	L213959
זיז	3	ויקינתונים (CC0)	L77637
חרון	3	ויקינתונים (CC0)	L65365
טרוניה	3	ויקינתונים (CC0)	L211532
דאבון	3	ויקינתונים (CC0)	L206408
זדון	3	ויקינתונים (CC0)	L65028
שגגה	3	ויקינתונים (CC0)	L219224
רהב	3	ויקינתונים (CC0)	L68049
גנונים	3	ספריא · נחלת הכלל	Yachin on Mishnah Niddah 3:12:1 (Mishnah, ed. Romm, Vilna 1913 [he])
אבוקה	3	ויקינתונים (CC0)	L63618
עששית	3	ויקינתונים (CC0)	L216365
שביב	3	ויקינתונים (CC0)	L219205
גץ	3	ויקינתונים (CC0)	L206340
עב	3	ויקינתונים (CC0)	L80454
בסתן	3	ויקינתונים (CC0)	L76380
טרשים	3	ספריא · נחלת הכלל	Etz Yosef on Vayikra Rabbah 36:2:2 (Midrash Rabbah with Etz Yosef, Warsaw, 1867 [he])
ציה	3	ויקינתונים (CC0)	L81292
אגל	3	ויקינתונים (CC0)	L74993
בליל	3	ויקינתונים (CC0)	L205848
מסכת	3	ויקינתונים (CC0)	L1363610
אגרת	3	ויקינתונים (CC0)	L63870
קלמוס	3	ספריא · נחלת הכלל	Responsa Rav Pealim, Volume III, Yoreh Deah 22:7 (Rav Pealim, Jerusalem 1901-1912 [he])
מכתם	3	ויקינתונים (CC0)	L213323
להג	3	ויקינתונים (CC0)	L78578
ניב	3	ויקינתונים (CC0)	L66750
קלסתר	3	ויקינתונים (CC0)	L218292
ארשת	3	ויקינתונים (CC0)	L205430
העויה	3	ויקיטקסט · נחלת הכלל	ימים ולילות
רקה	3	ויקינתונים (CC0)	L82069
אישון	3	ויקינתונים (CC0)	L63926
אמה	3	ויקינתונים (CC0)	L63984
זרת	3	ויקינתונים (CC0)	L210546
נפת	3	ספריא · נחלת הכלל	Sefer HeArukh, Letter Kaf 104 (Sefer HeArukh, Lublin 1883 [he])
בסר	3	ויקינתונים (CC0)	L76379
תקרבת	3	ספריא · נחלת הכלל	Mishneh Torah, Other Sources of Defilement 6:7 (Torat Emet 363 [he])
ארגמן	3	ויקינתונים (CC0)	L64098
משוט	3	ויקינתונים (CC0)	L66562
מצולה	3	ויקינתונים (CC0)	L79466
שרטון	3	ויקינתונים (CC0)	L82357
נחשול	3	ויקינתונים (CC0)	L79794
מליצה	3	ויקינתונים (CC0)	L79207
למדנות	3	ויקינתונים (CC0)	L212475
פטרונות	3	ויקינתונים (CC0)	L216659
מתק	3	ויקינתונים (CC0)	L79680
קודר	3	ויקינתונים (CC0)	L217833
צונן	3	ויקינתונים (CC0)	L217514
עקלתון	3	ויקינתונים (CC0)	L216282
דשן	3	ויקינתונים (CC0)	L206792
מרפט	3	ויקינתונים (CC0)	L213818
דלוח	3	ויקינתונים (CC0)	L206673
פעור	3	ויקינתונים (CC0)	L217066
לוט	3	ויקינתונים (CC0)	L212330
צפון	3	ויקינתונים (CC0)	L217695
כמוס	3	ויקינתונים (CC0)	L212142
שגור	3	ויקינתונים (CC0)	L219228
רהוט	3	ויקינתונים (CC0)	L218698
שחום	3	ויקינתונים (CC0)	L219405
מנמר	3	ויקינתונים (CC0)	L213461
סבוך	3	ויקינתונים (CC0)	L215135
אנוש	3	ויקינתונים (CC0)	L205076
טפל	3	ויקינתונים (CC0)	L211494
טחוב	3	ויקינתונים (CC0)	L211352
טמיר	3	ויקינתונים (CC0)	L211452
סתור	3	ויקינתונים (CC0)	L215868
גרום	3	ויקינתונים (CC0)	L206360
כהרף עין	3	ספריא · נחלת הכלל	Be'er HaGolah on Shulchan Arukh, Yoreh De'ah 266:22 (Ashlei Ravrevei: Shulchan Aruch Yoreh Deah, Lemberg, 1888 [he])
במחי יד	3	⚠ דרוש מקור	LeNevukhei HaTekufah 3:24:38 (Merkaz Shapira, 2014 [he])	⚠ ההוכחה הוסרה · ספריא נחלת-הכלל · מהדורה 2014 · אומת חי מול ספריא: אין בספריא אף מהדורה עברית בנחלת הכלל שאינה מ-1929 ואילך · הגרסאות שנמצאו: Merkaz Shapira, 2014 · הטענה הקודמת: ספריא · נחלת הכלל / LeNevukhei HaTekufah 3:24:38 (Merkaz Shapira, 2014 [he])
עוד באבו	3	ספריא · נחלת הכלל	HaKtav VeHaKabalah, Exodus 9:31:2 (HaKtav VeHaKabbalah, Frankfurt 1880 [he])
קל דעת	3	ספריא · נחלת הכלל	Midrash Sekhel Tov, Bereshit 34:4:1 (Sechel Tob, Berlin 1900-1901 [he])
כבד ראש	3	ספריא · נחלת הכלל	German Commentary on Pirkei Avot 3:13:1 (6811 [en])
כבד פה	3	ספריא · נחלת הכלל	HaKtav VeHaKabalah, Exodus 4:10:1 (HaKtav VeHaKabbalah, Frankfurt 1880 [he])
איש אשכולות	3	ויקינתונים (CC0)	L75417
בר סמכא	3	ספריא · נחלת הכלל	Penei Moshe on Jerusalem Talmud Gittin 6:2:3:15 (1536 [he])
אובד עצות	3	ספריא · נחלת הכלל	Chatam Sofer on Torah, Ha'Azinu 14 (Chatam Sofer on Torah, Bratislava, 1879-1893 [he])
עובר ארח	3	ויקינתונים (CC0)	L67175
הון עתק	3	ויקינתונים (CC0)	L64818
משאת נפש	3	ספריא · נחלת הכלל	Pri Etz Chaim, Gate of Putting Down the Head 2:9 (Pri Etz Chaim [he])
אחיזת עינים	3	⚠ דרוש מקור	BePardes HaChasidut VeHakabbalah, The Foundations of Chasidut 2:3 (Tel Aviv, 1997 [he])	⚠ ההוכחה הוסרה · ספריא נחלת-הכלל · מהדורה 1997 · אומת חי מול ספריא: אין בספריא אף מהדורה עברית בנחלת הכלל שאינה מ-1929 ואילך · הגרסאות שנמצאו: Tel Aviv, 1997 · הטענה הקודמת: ספריא · נחלת הכלל / BePardes HaChasidut VeHakabbalah, The Foundations of Chasidut 2:3 (Tel Aviv, 1997 [he])
שאר רוח	3	ספריא · נחלת הכלל	Haamek Davar on Genesis 1:2:4 (Ha'amek Davar [he])
קשה יום	3	ספריא · נחלת הכלל	Malbim Beur Hamilot on Isaiah 8:21:1 (On Your Way [he])
מוסר השכל	3	ספריא · נחלת הכלל	Etz Yosef on Shemot Rabbah 31:16:9 (Midrash Rabbah with Etz Yosef, Warsaw, 1867 [he])
שנס מתניו	3	ספריא · נחלת הכלל	Etz Yosef on Shemot Rabbah 33:5:19 (Midrash Rabbah with Etz Yosef, Warsaw, 1867 [he])
קנה מדה	3	ספריא · נחלת הכלל	Rabbeinu Chananel on Sukkah 19b:1 (Vilna Edition [he])
חוט השני	3	ספריא · נחלת הכלל	Rabbi Akiva Eiger on Shulchan Arukh, Orach Chayim 651:2 (Maginei Eretz: Shulchan Aruch Orach Chaim, Lemberg, 1893 [he])
התבשר	3	ויקינתונים (CC0)	L209368
התיר	3	ויקינתונים (CC0)	L209627
התחבט	3	ויקינתונים (CC0)	L209471
כיבד	3	ויקינתונים (CC0)	L212036
להק	3	ויקינתונים (CC0)	L65900
נבצר ממנו	3	⚠ דרוש מקור	Against Flaccus 10:10 (Tel Aviv, 1936 [he])	⚠ ההוכחה הוסרה · ספריא נחלת-הכלל · מהדורה 1936 · אומת חי מול ספריא: אין בספריא אף מהדורה עברית בנחלת הכלל שאינה מ-1929 ואילך · הגרסאות שנמצאו: Tel Aviv, 1936 · הטענה הקודמת: ספריא · נחלת הכלל / Against Flaccus 10:10 (Tel Aviv, 1936 [he])
בחדרי חדרים	3	ספריא · נחלת הכלל	Ba'er Hetev on Shulchan Arukh, Orach Chayim 301:33 (Torat Emet 357 [he])
שגעון גדלות	3	⚠ דרוש מקור	שגעון
נוח לכעוס	3	ספריא · נחלת הכלל	Pirkei Avot 5:11 (Mishnah, ed. Romm, Vilna 1913 [he])
העליל	3	ויקינתונים (CC0)	L208470
השלה	3	ויקינתונים (CC0)	L209015
שרבט	3	ויקינתונים (CC0)	L219851
חסיד	3	ויקינתונים (CC0)	L65332
נטול	3	ויקינתונים (CC0)	L214431
לא נקף אצבע	3	ויקיטקסט · נחלת הכלל	דברי ראש הממשלה נתניהו בעת נאומו בעצרת האו"ם ה-79
האריך ימים	3	ספריא · נחלת הכלל	Penei Moshe on Jerusalem Talmud Berakhot 1:6:2:2 (1536 [he])
לא כל שכן	3	ספריא · נחלת הכלל	Jastrow, Hebrew or Aramaic Abbreviations 164 (London, Luzac, 1903 [en])
יצא נשכר	3	ספריא · נחלת הכלל	Mishneh Torah, Sabbath 27:2 (Torat Emet 363 [he])
המיט	4	ויקינתונים (CC0)	L208217
אמתלה	4	ויקינתונים (CC0)	L64010
שצף	4	ויקינתונים (CC0)	L219817
הדיר רגליו	4	⚠ דרוש מקור	הדיר
כרה	4	ויקינתונים (CC0)	L212200
בטש	4	ויקינתונים (CC0)	L205693
כלה	4	ויקינתונים (CC0)	L212117
חצב	4	ויקינתונים (CC0)	L211091
סתת	4	ויקינתונים (CC0)	L80453
גלף	4	ויקינתונים (CC0)	L206216
חרט	4	ויקינתונים (CC0)	L211149
יצק	4	ויקינתונים (CC0)	L211858
התיך	4	ויקינתונים (CC0)	L209626
מרק	4	ויקינתונים (CC0)	L66552
ארג	4	ויקינתונים (CC0)	L205353
פסח	4	ויקינתונים (CC0)	L217006
קפח	4	ויקינתונים (CC0)	L218397
רדה	4	ויקינתונים (CC0)	L218672
מחה	4	ויקינתונים (CC0)	L213005
הלעיט	4	ויקינתונים (CC0)	L208190
סבא	4	ויקינתונים (CC0)	L215132
התבסם	4	ויקינתונים (CC0)	L209342
נסך	4	ויקינתונים (CC0)	L214769
תסס	4	ויקינתונים (CC0)	L220314
הבאיש	4	ויקינתונים (CC0)	L206840
נדף	4	ויקינתונים (CC0)	L214185
התיז	4	ויקינתונים (CC0)	L209570
נקוה	4	ויקינתונים (CC0)	L214948
קד	4	ויקינתונים (CC0)	L217787
סגד	4	ויקינתונים (CC0)	L215156
זקק	4	ויקינתונים (CC0)	L210441
דשדש	4	ויקינתונים (CC0)	L206791
שרבב	4	ויקינתונים (CC0)	L219849
כרכר	4	ויקינתונים (CC0)	L212225
שעט	4	ויקינתונים (CC0)	L219772
נתר	4	ויקינתונים (CC0)	L214626
חשל	4	ויקינתונים (CC0)	L210899
התרפק	4	ויקינתונים (CC0)	L210239
חשק	4	ויקינתונים (CC0)	L211220
נחם	4	ויקינתונים (CC0)	L214513
הטיח	4	ויקינתונים (CC0)	L207683
מרר	4	ויקינתונים (CC0)	L213283
התרצה	4	ויקינתונים (CC0)	L210241
התבטל	4	ויקינתונים (CC0)	L209327
רתק	4	ויקינתונים (CC0)	L218937
שבה	4	ויקינתונים (CC0)	L219198
התפרקד	4	ויקינתונים (CC0)	L210075
שכך	4	ויקינתונים (CC0)	L219637
גוע	4	ויקינתונים (CC0)	L206080
גסס	4	ויקינתונים (CC0)	L206330
נבר	4	ויקינתונים (CC0)	L214115
פשפש	4	ויקינתונים (CC0)	L217384
נחלץ	4	ויקינתונים (CC0)	L214383
כלכל	4	ויקינתונים (CC0)	L212133
פרע	4	ויקינתונים (CC0)	L217341
נשה	4	ספריא · נחלת הכלל	Rashi on Chullin 91a:19:1 (Vilna Edition [he])
חב	4	ויקינתונים (CC0)	L210553
גרף	4	ויקינתונים (CC0)	L491572
החטיא	4	ויקינתונים (CC0)	L207612
הדף	4	ויקינתונים (CC0)	L491580
נדה	4	ויקינתונים (CC0)	L66695
פלס	4	ויקינתונים (CC0)	L80930
כרך	4	ויקינתונים (CC0)	L212222
העתיק	4	ויקינתונים (CC0)	L208503
התימר	4	ויקינתונים (CC0)	L209594
הצטנף	4	ויקינתונים (CC0)	L208646
קנן	4	ויקינתונים (CC0)	L218180
דגל	4	ויקינתונים (CC0)	L206446
כונן	4	ויקינתונים (CC0)	L211999
נקב	4	ויקינתונים (CC0)	L214935
פעפע	4	ויקינתונים (CC0)	L217079
הפריח	4	ויקינתונים (CC0)	L208574
זרה	4	ויקינתונים (CC0)	L210526
נפה	4	ויקינתונים (CC0)	L66865
נצר	4	ויקינתונים (CC0)	L220572
הבזיק	4	ויקינתונים (CC0)	L206849
החוה	4	ויקינתונים (CC0)	L207605
התוה	4	ויקינתונים (CC0)	L209459
שלה	4	ויקינתונים (CC0)	L219664
משה	4	ויקינתונים (CC0)	L213889
התרושש	4	ויקינתונים (CC0)	L210200
אבחה	4	ויקינתונים (CC0)	L63624
פרצה	4	ויקינתונים (CC0)	L217354
תרפה	4	ויקינתונים (CC0)	L82635
מבוי	4	ויקינתונים (CC0)	L212574
רסן	4	ויקינתונים (CC0)	L219002
דרבן	4	ויקינתונים (CC0)	L206752
על	4	ויקינתונים (CC0)	L483531
אגן	4	ויקינתונים (CC0)	L63661
קנקן	4	ויקינתונים (CC0)	L81684
נאד	4	ויקינתונים (CC0)	L79686
שקוי	4	ויקינתונים (CC0)	L82333
מזור	4	ויקינתונים (CC0)	L212964
רטיה	4	ויקינתונים (CC0)	L218837
אדרת	4	ויקינתונים (CC0)	L63718
הינומה	4	ויקינתונים (CC0)	L77293
טלאי	4	ויקינתונים (CC0)	L65465
יריעה	4	ויקינתונים (CC0)	L65641
מרבד	4	ויקינתונים (CC0)	L66520
כסות	4	ויקינתונים (CC0)	L78467
אמתחת	4	ויקינתונים (CC0)	L75580
נבכים	4	ויקינתונים (CC0)	L214104
תואנה	4	ויקינתונים (CC0)	L82430
שלהי	4	ויקינתונים (CC0)	L491487
ערש	4	ויקינתונים (CC0)	L67330
דוי	4	ויקינתונים (CC0)	L76923
מום	4	ויקינתונים (CC0)	L66102
פלצות	4	ויקינתונים (CC0)	L216926
תזזית	4	ויקינתונים (CC0)	L220090
צחנה	4	ויקינתונים (CC0)	L81274
אפיסה	4	ויקינתונים (CC0)	L205230
נדן	4	ויקינתונים (CC0)	L66700
רמח	4	ויקינתונים (CC0)	L68081
עטרה	4	ויקינתונים (CC0)	L216036
שרביט	4	ויקינתונים (CC0)	L68498
כס	4	ויקינתונים (CC0)	L65809
רוזן	4	ויקינתונים (CC0)	L218737
נציב	4	ויקינתונים (CC0)	L214905
עלומים	4	ויקינתונים (CC0)	L216159
שיבה	4	ויקינתונים (CC0)	L82194
קמץ	4	ויקינתונים (CC0)	L218338
דפן	4	ויקינתונים (CC0)	L206647
קורה	4	ויקינתונים (CC0)	L81566
יתד	4	ויקינתונים (CC0)	L65654
גלעד	4	ויקינתונים (CC0)	L76692
מסוה	4	ויקינתונים (CC0)	L79309
צלם	4	ויקינתונים (CC0)	L67681
בבואה	4	ויקינתונים (CC0)	L76139
מאויים	4	ספריא · נחלת הכלל	Tov haLevanon, Tenth Treatise on Devotion to God 7:10 (Chovat Halevavot, Warsaw 1875 [he])
כור	4	ויקינתונים (CC0)	L65717
פיח	4	ויקינתונים (CC0)	L216715
אוד	4	ויקינתונים (CC0)	L63729
רמץ	4	ויקינתונים (CC0)	L68140
גביר	4	ויקינתונים (CC0)	L76545
פלוני	4	ויקינתונים (CC0)	L216885
קרתן	4	ספריא · נחלת הכלל	Ralbag on I Chronicles 6:61:2 (On Your Way [he])
בדלח	4	ויקינתונים (CC0)	L76157
מתת	4	ספריא · נחלת הכלל	Metzudat Zion on I Kings 13:7:2 (On Your Way [he])
תשורה	4	ויקינתונים (CC0)	L220456
רוכל	4	ויקינתונים (CC0)	L218750
כרוז	4	ויקינתונים (CC0)	L212201
חוטב	4	ויקינתונים (CC0)	L210641
אבוס	4	ויקינתונים (CC0)	L204495
שקת	4	ויקינתונים (CC0)	L82342
דיר	4	ויקינתונים (CC0)	L64708
ארוה	4	ויקינתונים (CC0)	L76003
שובך	4	ויקינתונים (CC0)	L82134
ארחה	4	ספריא · נחלת הכלל	Metzudat Zion on II Kings 25:30:1 (On Your Way [he])
בקתה	4	ויקינתונים (CC0)	L76416
פנדק	4	ויקינתונים (CC0)	L80954
אפריון	4	ויקינתונים (CC0)	L75909
מחצלת	4	ויקינתונים (CC0)	L78986
כסת	4	ויקינתונים (CC0)	L212169
פמוט	4	ויקינתונים (CC0)	L80944
מכמנים	4	ויקינתונים (CC0)	L213308
קורים	4	ספריא · נחלת הכלל	Mishnah Megillah 3:5 (Mishnah based on the Kaufmann manuscript, edited by Dan Be'eri [he])
רדוד	4	ויקינתונים (CC0)	L218673
נבוב	4	ויקינתונים (CC0)	L214080
נכאה	4	ספריא · נחלת הכלל	Shadal on Isaiah 16:7:4 (Padova, 1867 [he])
שפוף	4	ויקינתונים (CC0)	L219792
אדוק	4	ויקינתונים (CC0)	L204374
עריץ	4	ויקינתונים (CC0)	L80603
צורר	4	ויקינתונים (CC0)	L217527
יוקד	4	ויקינתונים (CC0)	L211864
חקוק	4	ויקינתונים (CC0)	L211108
רופף	4	ויקינתונים (CC0)	L218782
עבת	4	ויקינתונים (CC0)	L80458
מסרבל	4	ויקינתונים (CC0)	L213521
קלוקל	4	ויקינתונים (CC0)	L218245
נכמרו רחמיו	4	ספריא · נחלת הכלל	Etz Yosef on Bereishit Rabbah 94:8:1 (Midrash Rabbah with Etz Yosef, Warsaw, 1867 [he])
נפלו פניו	4	ספריא · נחלת הכלל	Sforno on Genesis 4:8:1 (Vocalized Edition [he])
שאט נפש	4	ספריא · נחלת הכלל	Peri Megadim on Orach Chayim, Letters 2:10 (Warsaw, 1877 [he])
ללא חת	4	ויקיטקסט · נחלת הכלל	צידה לדרך מפרשות השבוע/פרשת שמות
סמרו שערותיו	4	⚠ דרוש מקור	סמר
הרקיע שחקים	4	ספריא · נחלת הכלל	Otzar Midrashim, Maaseh Beraishit & Maaseh Merkavah, Zeh Maaseh Beraishit (Work of Creation) 7 (Otzar Midrashim, New York, 1915 [he])
שם דבר	4	⚠ דרוש מקור	Gur Aryeh on Shemot 16:3:1 (Gur Aryeh, Machon Yerushalyim, 1989-1995 [he])	⚠ ההוכחה הוסרה · ספריא נחלת-הכלל · מהדורה 1995 · אומת חי מול ספריא: אין בספריא אף מהדורה עברית בנחלת הכלל שאינה מ-1929 ואילך · הגרסאות שנמצאו: Gur Aryeh, Machon Yerushalyim, 1989-1995 · הטענה הקודמת: ספריא · נחלת הכלל / Gur Aryeh on Shemot 16:3:1 (Gur Aryeh, Machon Yerushalyim, 1989-1995 [he])
עיי חרבות	4	ויקיטקסט · נחלת הכלל	שירים (שאול טשרניחובסקי)/שירים חדשים/אהבתי כי אראה
יש מאין	4	ספריא · נחלת הכלל	Malbim Beur Hamilot on Isaiah 45:12:1 (On Your Way [he])
מקסם שוא	4	⚠ דרוש מקור	Sermons Unto My People, The Three Festivals 5:12 (Derashot El Ami, Jerusalem 1936 [he])	⚠ ההוכחה הוסרה · ספריא נחלת-הכלל · מהדורה 1936 · אומת חי מול ספריא: אין בספריא אף מהדורה עברית בנחלת הכלל שאינה מ-1929 ואילך · הגרסאות שנמצאו: Derashot El Ami, Jerusalem 1936 · הטענה הקודמת: ספריא · נחלת הכלל / Sermons Unto My People, The Three Festivals 5:12 (Derashot El Ami, Jerusalem 1936 [he])
תלוי על בלימה	4	ספריא · נחלת הכלל	Chelkat Mechokek on Job 26:7:1 (Chelkat Mechokek, Warsaw 1876 [he])
שכוח אל	4	ויקינתונים (CC0)	L219622
עולה על גדותיו	4	ספריא · נחלת הכלל	Meshekh Chokhmah, Miketz 8 (Riga, 1927 [he])
צר עין	4	ספריא · נחלת הכלל	Korban HaEdah on Jerusalem Talmud Pesachim 7:8:3:2 (1536 [he])
בר חלוף	4	ספריא · נחלת הכלל	Yachin on Mishnah Sanhedrin 10:5:1 (Mishnah, ed. Romm, Vilna 1913 [he])
נושא כלים	4	ספריא · נחלת הכלל	Metzudat David on I Samuel 16:21:1 (On Your Way [he])
אבד עליו הכלח	4	ויקיטקסט · נחלת הכלל	מדינת היהודים/פתח דבר
יצא בשן ועין	4	ספריא · נחלת הכלל	Or HaChaim on Exodus 21:7:6 (Vocalized Edition [he])
כמוצא שלל רב	4	ספריא · נחלת הכלל	Ohr Ne'erav, Appendix The Introductory Material 2:20 (Or Neerav, Furth 1701. [he])
הגדיש את הסאה	4	ויקיטקסט · נחלת הכלל	על בן-עמי
יצא מגדרו	4	ספריא · נחלת הכלל	Perush Maharzu on Ruth Rabbah 2:3:9 (Midrash Rabbah, Vilna, 1878 [he])
נחבא אל הכלים	4	ספריא · נחלת הכלל	Avi Ezer, Leviticus 2:5:1 (Avi Ezer [he])
התרה	4	ויקינתונים (CC0)	L210182
הדביר	4	ויקינתונים (CC0)	L206954
כבש	4	ויקינתונים (CC0)	L211945
מצר	4	ויקינתונים (CC0)	L79493
בזק	4	ויקינתונים (CC0)	L205669
למותר	4	ספריא · נחלת הכלל	Kessef Mishneh on Mishneh Torah, Sheqel Dues 2:3:2 (Torat Emet 363 [he])
בא על שכרו	4	ספריא · נחלת הכלל	Haamek Davar on Genesis 2:14:1 (Ha'amek Davar [he])
איתן בדעתו	4	ספריא · נחלת הכלל	Avodat HaMelekh on Mishneh Torah, Foreign Worship and Customs of the Nations 1:3:1 (Friedberg Edition [he])
סיקל	4	ויקינתונים (CC0)	L215571
ינקות	4	ויקינתונים (CC0)	L65613
מגלם	4	ספריא · נחלת הכלל	Mishneh Torah, Foundations of the Torah 4:7 (Torat Emet 363 [he])
לא ידע את נפשו	4	ספריא · נחלת הכלל	Sefer HaYashar (midrash), Book of Genesis, Lech Lecha 2 (Sefer HaYashar, Livorno 1870 [he])
רחץ בנקיון כפיו	4	ספריא · נחלת הכלל	Beit Yosef, Orach Chayim 25:1:1 (Tur Orach Chaim, Vilna, 1923 [he])
שם נפשו בכפו	4	ספריא · נחלת הכלל	The Book of Maccabees II 14:43 (43747 [he])
פשט ידו	4	ספריא · נחלת הכלל	Rashi on Shabbat 5a:17:2 (Vilna Edition [he])
תהא אשר תהא	4	ספריא · נחלת הכלל	Metzudat David on Job 5:24:1 (On Your Way [he])
הקשה ערפו	4	ספריא · נחלת הכלל	Malbim on Jeremiah 38:28:1 (On Your Way [he])
חיש	5	ויקינתונים (CC0)	L492081
אט	5	ויקינתונים (CC0)	L75267
דומם	5	ויקינתונים (CC0)	L206514
בפרהסיה	5	ויקיטקסט · נחלת הכלל	רמב"ם הלכות עבדים א ה
בצנעה	5	ספריא · נחלת הכלל	Ya'arot Devash II 9:14 (1293 [he])
בחשאי	5	ספריא · נחלת הכלל	Turei Zahav on Shulchan Arukh, Orach Chayim 61:5 (Maginei Eretz: Shulchan Aruch Orach Chaim, Lemberg, 1893 [he])
בעתות	5	ספריא · נחלת הכלל	Pat Lechem, Eighth Treatise on Examining the Soul 2:4 (Chovat Halevavot, Warsaw 1875 [he])
קברניט	5	ויקינתונים (CC0)	L81429
נוגש	5	ויקינתונים (CC0)	L214155
ישיש	5	ויקינתונים (CC0)	L78325
טף	5	ויקינתונים (CC0)	L65487
זאטוט	5	ויקינתונים (CC0)	L77584
קנדס	5	ויקינתונים (CC0)	L217934
אפיקורוס	5	ויקינתונים (CC0)	L205236
צלח	5	ויקינתונים (CC0)	L217617
מלל	5	ויקינתונים (CC0)	L213379
עלעל	5	ויקינתונים (CC0)	L216169
נשף	5	ויקינתונים (CC0)	L215089
ארה	5	ויקינתונים (CC0)	L205366
תעתע	5	ויקינתונים (CC0)	L220340
טשטש	5	ויקינתונים (CC0)	L211604
לבן	5	ויקינתונים (CC0)	L212278
לפף	5	ויקינתונים (CC0)	L212445
גלל	5	ויקינתונים (CC0)	L206276
משש	5	ויקינתונים (CC0)	L213286
גשש	5	ויקינתונים (CC0)	L76816
רקע	5	ויקינתונים (CC0)	L219138
שעה	5	ויקינתונים (CC0)	L219769
שפד	5	ויקינתונים (CC0)	L219577
העפיל	5	ויקינתונים (CC0)	L208487
הגלה	5	ויקינתונים (CC0)	L206932
עקד	5	ויקינתונים (CC0)	L216264
הסה	5	ויקינתונים (CC0)	L207937
הקשה	5	ויקינתונים (CC0)	L208851
זלף	5	ספריא · נחלת הכלל	Chokhmat Shlomo on Sanhedrin 48a:7 (Vilna Edition [he])
גחן	5	ויקינתונים (CC0)	L206167
בתר	5	ויקינתונים (CC0)	L205815
פכה	5	ויקינתונים (CC0)	L216744
קרש	5	ויקינתונים (CC0)	L67993
השיא	5	ויקינתונים (CC0)	L208994
נועץ	5	ויקינתונים (CC0)	L214283
התגודד	5	ויקינתונים (CC0)	L209380
התערה	5	ויקינתונים (CC0)	L209974
נטמע	5	ויקינתונים (CC0)	L214446
סר	5	ויקינתונים (CC0)	L215831
הפשיל	5	ויקינתונים (CC0)	L208583
אזר	5	ויקינתונים (CC0)	L204634
חגר	5	ויקינתונים (CC0)	L210592
התנגח	5	ויקינתונים (CC0)	L209800
סלף	5	ויקינתונים (CC0)	L215492
געה	5	ויקינתונים (CC0)	L206332
צהל	5	ויקינתונים (CC0)	L217489
שרץ	5	ויקינתונים (CC0)	L219891
תפח	5	ויקינתונים (CC0)	L220353
פרכס	5	ויקינתונים (CC0)	L217294
שלשל	5	ויקינתונים (CC0)	L219703
נפץ	5	ויקינתונים (CC0)	L214874
התפעם	5	ויקינתונים (CC0)	L210048
הבליג	5	ויקינתונים (CC0)	L206871
הפריש	5	ויקינתונים (CC0)	L208579
נואש	5	ויקינתונים (CC0)	L214217
מצה	5	ויקינתונים (CC0)	L66471
סחף	5	ויקינתונים (CC0)	L215341
עגן	5	ויקינתונים (CC0)	L215913
קנה	5	ויקינתונים (CC0)	L218350
אחו	5	ויקינתונים (CC0)	L75253
ניר	5	ויקינתונים (CC0)	L79842
תירוש	5	ויקינתונים (CC0)	L82482
ציץ	5	ויקינתונים (CC0)	L67666
חוח	5	ויקינתונים (CC0)	L77748
חיץ	5	ויקינתונים (CC0)	L65259
שוחה	5	ויקינתונים (CC0)	L82142
תפת	5	ויקינתונים (CC0)	L82559
ישימון	5	ויקינתונים (CC0)	L211908
שרב	5	ויקינתונים (CC0)	L68497
זרזיף	5	ויקינתונים (CC0)	L77670
אדוה	5	ויקינתונים (CC0)	L489740
דק	5	ויקינתונים (CC0)	L206727
הבל	5	ויקינתונים (CC0)	L64775
נימה	5	ויקינתונים (CC0)	L79825
בדל	5	ויקינתונים (CC0)	L64174
תושיה	5	ספריא · נחלת הכלל	Shadal on Isaiah 28:29:1 (Padova, 1867 [he])
תם	5	ויקינתונים (CC0)	L220260
אמש	5	ויקינתונים (CC0)	L491502
מועקה	5	ויקינתונים (CC0)	L212901
טרדה	5	ויקינתונים (CC0)	L211520
אושה	5	ויקינתונים (CC0)	L75234
צריח	5	ויקינתונים (CC0)	L67720
קיטון	5	ויקינתונים (CC0)	L81615
קיתון	5	ויקינתונים (CC0)	L81636
גיגית	5	ויקינתונים (CC0)	L206182
נזם	5	ויקינתונים (CC0)	L214347
עדי	5	ויקינתונים (CC0)	L67166
רגב	5	ויקינתונים (CC0)	L81899
טיט	5	ויקינתונים (CC0)	L78052
פור	5	ויקינתונים (CC0)	L67380
אשיה	5	ויקינתונים (CC0)	L205433
עגה	5	ויקינתונים (CC0)	L215900
נפתולים	5	ויקינתונים (CC0)	L214892
רז	5	ויקינתונים (CC0)	L218803
דיוקן	5	ויקינתונים (CC0)	L491173
חטם	5	ויקינתונים (CC0)	L65164
לע	5	ויקינתונים (CC0)	L78699
מלתעות	5	ספריא · נחלת הכלל	Machberet Menachem, Letter Lamed 53:2 (Mahberet Menahem, London, 1854. [he])
טפר	5	ויקינתונים (CC0)	L65432
פרסה	5	ויקינתונים (CC0)	L67560
פלומה	5	ויקינתונים (CC0)	L80901
פאה	5	ויקינתונים (CC0)	L67347
ירכתים	5	ויקינתונים (CC0)	L78321
שפולים	5	ויקינתונים (CC0)	L82307
ספיח	5	ויקינתונים (CC0)	L215748
נשך	5	ויקינתונים (CC0)	L215062
מהמורות	5	ספריא · נחלת הכלל	Korban HaEdah on Jerusalem Talmud Moed Katan 1:6:3:2 (1536 [he])
חתחתים	5	ויקינתונים (CC0)	L211229
תלאות	5	⚠ דרוש מקור	Menorat HaMaor, iv; On Humility, Developing Humility 21 (Menorat HaMaor, Alnakawa, H.G. Enelow ed. N.Y. 1929-1934 [he])	⚠ ההוכחה הוסרה · ספריא נחלת-הכלל · מהדורה 1934 · אומת חי מול ספריא: אין בספריא אף מהדורה עברית בנחלת הכלל שאינה מ-1929 ואילך · הגרסאות שנמצאו: Menorat HaMaor, Alnakawa, H.G. Enelow ed. N.Y. 1929-1934 · הטענה הקודמת: ספריא · נחלת הכלל / Menorat HaMaor, iv; On Humility, Developing Humility 21 (Menorat HaMaor, Alnakawa, H.G. Enelow ed. N.Y. 1929-1934 [he])
אספסוף	5	ויקינתונים (CC0)	L205173
גזמה	5	ויקינתונים (CC0)	L206085
זוטות	5	ויקינתונים (CC0)	L210377
צפוד	5	ויקינתונים (CC0)	L217693
מהוה	5	ויקינתונים (CC0)	L212700
נאלח	5	ויקינתונים (CC0)	L214052
שחוח	5	ויקינתונים (CC0)	L219403
מאלף	5	ויקינתונים (CC0)	L65998
הניח את דעתו	5	⚠ דרוש מקור	Shem MiShmuel, Vayakhel 13:4 (Sefer Shem Mishmuel, Piotrkow, 1927-1934 [he])	⚠ ההוכחה הוסרה · ספריא נחלת-הכלל · מהדורה 1934 · אומת חי מול ספריא: אין בספריא אף מהדורה עברית בנחלת הכלל שאינה מ-1929 ואילך · הגרסאות שנמצאו: Sefer Shem Mishmuel, Piotrkow, 1927-1934 · הטענה הקודמת: ספריא · נחלת הכלל / Shem MiShmuel, Vayakhel 13:4 (Sefer Shem Mishmuel, Piotrkow, 1927-1934 [he])
הוליך שולל	5	⚠ דרוש מקור	Sermons Unto My People, Chanuka, Purim, and Special Shabbatot 11:90 (Derashot El Ami, Jerusalem 1936 [he])	⚠ ההוכחה הוסרה · ספריא נחלת-הכלל · מהדורה 1936 · אומת חי מול ספריא: אין בספריא אף מהדורה עברית בנחלת הכלל שאינה מ-1929 ואילך · הגרסאות שנמצאו: Derashot El Ami, Jerusalem 1936 · הטענה הקודמת: ספריא · נחלת הכלל / Sermons Unto My People, Chanuka, Purim, and Special Shabbatot 11:90 (Derashot El Ami, Jerusalem 1936 [he])
הקל ראש	5	ספריא · נחלת הכלל	Alshekh on Torah, Leviticus 10:1:11 (Torat Moshe, Warsaw, 1875 [he])
מן הפח אל הפחת	5	⚠ דרוש מקור	Sermons Unto My People, The High Holidays 7:39 (Derashot El Ami, Jerusalem 1936 [he])	⚠ ההוכחה הוסרה · ספריא נחלת-הכלל · מהדורה 1936 · אומת חי מול ספריא: אין בספריא אף מהדורה עברית בנחלת הכלל שאינה מ-1929 ואילך · הגרסאות שנמצאו: Derashot El Ami, Jerusalem 1936 · הטענה הקודמת: ספריא · נחלת הכלל / Sermons Unto My People, The High Holidays 7:39 (Derashot El Ami, Jerusalem 1936 [he])
אפס קצהו	5	⚠ דרוש מקור	Sermons Unto My People, Chanuka, Purim, and Special Shabbatot 15:65 (Derashot El Ami, Jerusalem 1936 [he])	⚠ ההוכחה הוסרה · ספריא נחלת-הכלל · מהדורה 1936 · אומת חי מול ספריא: אין בספריא אף מהדורה עברית בנחלת הכלל שאינה מ-1929 ואילך · הגרסאות שנמצאו: Derashot El Ami, Jerusalem 1936 · הטענה הקודמת: ספריא · נחלת הכלל / Sermons Unto My People, Chanuka, Purim, and Special Shabbatot 15:65 (Derashot El Ami, Jerusalem 1936 [he])
טפין טפין	5	ספריא · נחלת הכלל	Maggid Mishneh on Mishneh Torah, Forbidden Intercourse 9:6:3 (ToratEmet [he])
אין אונים	5	ספריא · נחלת הכלל	Ibn Ezra on Isaiah 40:29:1 (Ibn Ezra on Isaiah, by M. Friedlander; Society of Hebrew Literature, London 1877 [he])
תמול שלשום	5	ספריא · נחלת הכלל	Kitzur Ba'al HaTurim on Exodus 5:8:1 (On Your Way [he])
עול ימים	5	ספריא · נחלת הכלל	Mechokekei Yehudah; Karnei Ohr, Genesis 33:15:1 (Piotrkow, 1907-1911 [he])
שאר בשר	5	ספריא · נחלת הכלל	Korban HaEdah on Jerusalem Talmud Sanhedrin 7:7:4:2 (1536 [he])
רחב יד	5	ספריא · נחלת הכלל	Rashi on Chullin 134b:14:2 (Vilna Edition [he])
ארך אפים	5	ויקינתונים (CC0)	L76029
חמור סבר	5	ספריא · נחלת הכלל	Rashbam on Bava Batra 78a:4:3 (Vilna Edition [he])
נים ולא נים	5	ספריא · נחלת הכלל	Tosafot on Niddah 63a:4:1 (Vilna Edition [he])
עתיק יומין	5	ספריא · נחלת הכלל	Sha'arei Orah, Tenth Gate, First Sefirah 90 (Shaarei Orah, grimoar [he])
שד ושבר	5	ספריא · נחלת הכלל	Machberet Menachem, Introduction 190 (Mahberet Menahem, London, 1854. [he])
מן הכח אל הפעל	5	ספריא · נחלת הכלל	Efodi on Guide for the Perplexed, Part 2 4:12 (Warsaw, 1872 [he])
מחוז חפצו	5	ספריא · נחלת הכלל	HaKtav VeHaKabalah, Genesis 18:1:3 (HaKtav VeHaKabbalah, Frankfurt 1880 [he])
במרוצת הזמן	5	⚠ דרוש מקור	Against Flaccus 21:3 (Tel Aviv, 1936 [he])	⚠ ההוכחה הוסרה · ספריא נחלת-הכלל · מהדורה 1936 · אומת חי מול ספריא: אין בספריא אף מהדורה עברית בנחלת הכלל שאינה מ-1929 ואילך · הגרסאות שנמצאו: Tel Aviv, 1936 · הטענה הקודמת: ספריא · נחלת הכלל / Against Flaccus 21:3 (Tel Aviv, 1936 [he])
פרשת דרכים	5	ספריא · נחלת הכלל	Rashi on Sotah 21a:13:1 (Vilna Edition [he])
רע הגזרה	5	ספריא · נחלת הכלל	Ibn Ezra on Isaiah 27:9:1 (Ibn Ezra on Isaiah, by M. Friedlander; Society of Hebrew Literature, London 1877 [he])
עמוד התוך	5	ספריא · נחלת הכלל	Matnot Kehunah on Shemot Rabbah 15:22:9 (Midrash Rabbah, Vilna, 1878 [he])
אבן בחן	5	ויקינתונים (CC0)	L1352733
מטבע לשון	5	ויקינתונים (CC0)	L66195
בעל שעור קומה	5	ספריא · נחלת הכלל	Otzar Midrashim, Shiur Komah 1:1 (Otzar Midrashim, New York, 1915 [he])
נשוא פנים	5	ספריא · נחלת הכלל	Rashi on Sotah 40a:7:2 (Vilna Edition [he])
רב פעלים	5	ספריא · נחלת הכלל	Minchat Shai on Proverbs 5:6:1 (Minchat Shai [he])
קבל עליו את הדין	5	ספריא · נחלת הכלל	Marpeh la'Nefesh, Tenth Treatise on Devotion to God 4:3 (Chovat Halevavot, Warsaw 1875 [he])
דבר והפוכו	5	ספריא · נחלת הכלל	Malbim Beur Hamilot on Isaiah 5:6:3 (On Your Way [he])
לא דבים ולא יער	5	ספריא · נחלת הכלל	Ein Yaakov, Sotah 9:6 (Daat [he])
דן לכף זכות	5	ספריא · נחלת הכלל	Shenei Luchot HaBerit, Torah Shebikhtav, Sefer Vayikra, Torah Ohr, Kedoshim 42 (Shenei Luchot HaBrit, based on Amsterdam, 1698 ed. Part III [he])
לפנים משורת הדין	5	ספריא · נחלת הכלל	Chidushei Agadot on Avodah Zarah 4b:7 (Vilna Edition [he])
יצא ידי חובה	5	⚠ דרוש מקור	Arvei Nachal, Miketz 1:38 (Arvei Nachal, Jerusalem, 1991 [he])	⚠ ההוכחה הוסרה · ספריא נחלת-הכלל · מהדורה 1991 · אומת חי מול ספריא: אין בספריא אף מהדורה עברית בנחלת הכלל שאינה מ-1929 ואילך · הגרסאות שנמצאו: Arvei Nachal, Jerusalem, 1991 · הטענה הקודמת: ספריא · נחלת הכלל / Arvei Nachal, Miketz 1:38 (Arvei Nachal, Jerusalem, 1991 [he])
עובר לסוחר	5	ספריא · נחלת הכלל	Gra's Nuschah on Avot D'Rabbi Natan 13:3:3 (Talmud Bavli, Vilna 1883 ed. [he])
שוה לכל נפש	5	ספריא · נחלת הכלל	Korban HaEdah on Jerusalem Talmud Shabbat 3:3:13:7 (1536 [he])
לחם חקו	5	ספריא · נחלת הכלל	Ralbag on I Kings 11:18:2 (On Your Way [he])
קצו של יוד	5	ויקיטקסט · נחלת הכלל	ליקוטי הלכות/חושן משפט/הלכות גניבה
מלא פיו מים	5	ספריא · נחלת הכלל	Shulchan Arukh, Yoreh De'ah 135:10 (Ashlei Ravrevei: Shulchan Aruch Yoreh Deah, Lemberg, 1888 [he])
לשון המאזנים	5	ספריא · נחלת הכלל	Zera Kodesh, On Torah, Vayera 6 (1405 [he])
קרן זוית	5	ספריא · נחלת הכלל	Chatam Sofer on Shulchan Arukh, Orach Chayim 440:1 (Maginei Eretz: Shulchan Aruch Orach Chaim, Lemberg, 1893 [he])
עמד בפרץ	5	ספריא · נחלת הכלל	Perush Maharzu on Ruth Rabbah, Petichta 1:55 (Midrash Rabbah, Vilna, 1878 [he])
אחר כבוד	5	ספריא · נחלת הכלל	Matnot Kehunah on Vayikra Rabbah 9:2:1 (Midrash Rabbah, Vilna, 1878 [he])
בחצי פה	5	⚠ דרוש מקור	Sha'arei Torat Eretz Yisrael on Jerusalem Talmud Pesachim 5:5:4:1 (Jerusalem, 1940 [he])	⚠ ההוכחה הוסרה · ספריא נחלת-הכלל · מהדורה 1940 · אומת חי מול ספריא: אין בספריא אף מהדורה עברית בנחלת הכלל שאינה מ-1929 ואילך · הגרסאות שנמצאו: Jerusalem, 1940 · הטענה הקודמת: ספריא · נחלת הכלל / Sha'arei Torat Eretz Yisrael on Jerusalem Talmud Pesachim 5:5:4:1 (Jerusalem, 1940 [he])
ביד רמה	5	ספריא · נחלת הכלל	Netinah LaGer, Numbers 15:30:1 (Vilna, 1876 [he])
באין רואים	5	ספריא · נחלת הכלל	Machatzit HaShekel on Orach Chayim 55:14:2 (Maginei Eretz: Shulchan Aruch Orach Chaim, Lemberg, 1893, Vol 1 [he])
בין השמשות	5	ויקינתונים (CC0)	L76275
לעת מצא	5	ספריא · נחלת הכלל	Torah Temimah on Psalms 32:6:1 (On Your Way [he])
נחלת הכלל	5	ספריא · נחלת הכלל	Akeidat Yitzchak 23:1:8 (Akeidat Yitzchak, Pressburg 1849 [he])
נכסי צאן ברזל	5	ספריא · נחלת הכלל	Chelkat Mechokek 66:39 (Vilna, 1876 [he])
יגיע כפיו	5	⚠ דרוש מקור	Meiri on Psalms 128:2:1 (Jerusalem, 1936 [he])	⚠ ההוכחה הוסרה · ספריא נחלת-הכלל · מהדורה 1936 · אומת חי מול ספריא: אין בספריא אף מהדורה עברית בנחלת הכלל שאינה מ-1929 ואילך · הגרסאות שנמצאו: Jerusalem, 1936 · הטענה הקודמת: ספריא · נחלת הכלל / Meiri on Psalms 128:2:1 (Jerusalem, 1936 [he])
הלך רוח	5	ספריא · נחלת הכלל	Minchat Shai on Micah 2:10:1 (Minchat Shai [he])
עדן ועדנים	5	ספריא · נחלת הכלל	Beur HaRe'em on Midrash Lekach Tov, Deuteronomy, Vayeilech 24 (Midrash Lekach Tov on Torah, Vilna 1884 [he])
עשה ימים כלילות	5	ספריא · נחלת הכלל	Rosh on Moed Katan 3:63:1 (Vilna Edition [he])
ערב רב	5	ספריא · נחלת הכלל	Mikdash Melekh on Zohar 3:237b:1 (Zholkva, 1864 [he])
למגנת לבו	5	ויקיטקסט · נחלת הכלל	יהודה ליב גורדון
אליה וקוץ בה	5	⚠ דרוש מקור	Hegyonot El Ami, Volume II, Chayei Sara 20:22 (Antwerp, 1933-1936 [he])	⚠ ההוכחה הוסרה · ספריא נחלת-הכלל · מהדורה 1936 · אומת חי מול ספריא: אין בספריא אף מהדורה עברית בנחלת הכלל שאינה מ-1929 ואילך · הגרסאות שנמצאו: Antwerp, 1933-1936 · הטענה הקודמת: ספריא · נחלת הכלל / Hegyonot El Ami, Volume II, Chayei Sara 20:22 (Antwerp, 1933-1936 [he])
לאמתו של דבר	5	⚠ דרוש מקור	Sermons Unto My People, Chanuka, Purim, and Special Shabbatot 16:23 (Derashot El Ami, Jerusalem 1936 [he])	⚠ ההוכחה הוסרה · ספריא נחלת-הכלל · מהדורה 1936 · אומת חי מול ספריא: אין בספריא אף מהדורה עברית בנחלת הכלל שאינה מ-1929 ואילך · הגרסאות שנמצאו: Derashot El Ami, Jerusalem 1936 · הטענה הקודמת: ספריא · נחלת הכלל / Sermons Unto My People, Chanuka, Purim, and Special Shabbatot 16:23 (Derashot El Ami, Jerusalem 1936 [he])
אמרי שפר	5	ספריא · נחלת הכלל	Abarbanel on Torah, Genesis 49:1:7 (Torah Commentary of Yitzchak Abarbanel, Warsaw 1862 [he])
דברי טעם	5	ספריא · נחלת הכלל	Chafetz Chaim on Sifra, Tazria Parashat Negaim, Chapter 6 7:9 (Wikisource [he])
דברי בלע	5	⚠ דרוש מקור	Meiri on Psalms 52:6:1 (Jerusalem, 1936 [he])	⚠ ההוכחה הוסרה · ספריא נחלת-הכלל · מהדורה 1936 · אומת חי מול ספריא: אין בספריא אף מהדורה עברית בנחלת הכלל שאינה מ-1929 ואילך · הגרסאות שנמצאו: Jerusalem, 1936 · הטענה הקודמת: ספריא · נחלת הכלל / Meiri on Psalms 52:6:1 (Jerusalem, 1936 [he])
כזית	5	ספריא · נחלת הכלל	Rashi on Zevachim 30b:17:1 (Vilna Edition [he])
עשרת מונים	5	ספריא · נחלת הכלל	Da'at Zekenim on Genesis 31:7:1 (daat zekenim [he])
עד בלי די	5	ספריא · נחלת הכלל	Imrei Binah, Part I; Oseh Pele 3:31 (Imrei Binah, Jerusalem 1908 [he])
כחוט השערה	5	ספריא · נחלת הכלל	Notes and Corrections on Midrash Lekach Tov, Exodus 15:94 (Midrash Lekach Tov on Torah, Vilna 1884 [he])
בדמי ימיו	5	ספריא · נחלת הכלל	Tzav VeZeruz 17:1 (Ring. II 431 [he])
הכה גלים	5	ספריא · נחלת הכלל	Machberet Menachem, Introduction 79 (Mahberet Menahem, London, 1854. [he])
קפא על שמריו	5	⚠ דרוש מקור	נח על זרי דפנה
בוסס	5	ויקינתונים (CC0)	L205602
מצביא	5	ויקינתונים (CC0)	L213674
דלפון	5	ויקינתונים (CC0)	L77051
התבשם	5	ויקינתונים (CC0)	L209366
יצא מכליו	5	ויקיטקסט · נחלת הכלל	החטא ועונשו (ברנר)/חלק שלישי/פרק V
סר חינו	5	לפי מילה: ויקינתונים · צורה (CC0) + ויקינתונים · כתיב מלא/חסר (CC0)	סר=L215831 חינו=L207124
גשם זלעפות	5	ספריא · נחלת הכלל	Abarbanel on Torah, Genesis 7:1:1 (Torah Commentary of Yitzchak Abarbanel, Warsaw 1862 [he])
הלך שבי	5	ויקיטקסט · נחלת הכלל	מלבי"ם על ישעיהו טו ז
מסעד	5	ויקינתונים (CC0)	L213555
ביכר	5	ויקינתונים (CC0)	L205760
הרנין	5	ויקינתונים (CC0)	L208914
לא ידע שבעה	5	ספריא · נחלת הכלל	Teshuvot HaRosh 8:16:3 (She'elot u'Teshuvot haRosh, Vilna, 1881 [he])
עד לשד עצמותיו	5	ויקיטקסט · נחלת הכלל	יומן ירושלים (ארלוזורוב)/יוני 1932
בעקיפין	6	ספריא · נחלת הכלל	Etz Yosef on Shemot Rabbah 9:3:8 (Midrash Rabbah with Etz Yosef, Warsaw, 1867 [he])
במישרין	6	ויקיטקסט · נחלת הכלל	פקודת מס הכנסה
נמק	6	ויקינתונים (CC0)	L214717
התנון	6	ויקינתונים (CC0)	L209821
כעכע	6	ספריא · נחלת הכלל	Sefer HeArukh, Letter Kaf 243 (Sefer HeArukh, Lublin 1883 [he])
בחל	6	ויקינתונים (CC0)	L205674
שקץ	6	ויקינתונים (CC0)	L82341
הפליא	6	ויקינתונים (CC0)	L208536
המיר	6	ויקינתונים (CC0)	L208219
סוכך	6	ויקינתונים (CC0)	L215232
התאונן	6	ויקינתונים (CC0)	L209229
התפלפל	6	ויקינתונים (CC0)	L210034
התברך	6	ויקינתונים (CC0)	L209360
התרונן	6	ויקינתונים (CC0)	L210190
שש	6	ויקינתונים (CC0)	L219897
סלסל	6	ויקינתונים (CC0)	L215635
גחך	6	ויקינתונים (CC0)	L206200
משל	6	ויקינתונים (CC0)	L213934
לכד	6	ויקינתונים (CC0)	L212460
לן	6	ויקינתונים (CC0)	L212479
נשר	6	ויקינתונים (CC0)	L215096
לגם	6	ויקינתונים (CC0)	L212297
סרג	6	ויקינתונים (CC0)	L215838
נטף	6	ויקינתונים (CC0)	L214448
רטט	6	ויקינתונים (CC0)	L218834
צבט	6	ויקינתונים (CC0)	L217454
התנאה	6	ויקינתונים (CC0)	L209793
השחיז	6	ויקינתונים (CC0)	L208984
משובה	6	ויקינתונים (CC0)	L79599
דיצה	6	ויקינתונים (CC0)	L206651
ישע	6	ויקינתונים (CC0)	L211917
מבטחים	6	ספריא · נחלת הכלל	Ma'avar Yabbok, Siftei Tzedek 7:331 (Vilna, 1860 [he])
ערבוביה	6	ויקינתונים (CC0)	L216300
אנדרלמוסיה	6	ויקינתונים (CC0)	L205067
צמרמרת	6	ויקינתונים (CC0)	L81352
שועה	6	ויקינתונים (CC0)	L219769
פיוט	6	ויקינתונים (CC0)	L80817
חרוז	6	ויקינתונים (CC0)	L211135
מובאה	6	ויקינתונים (CC0)	L212730
בליעל	6	ספריא · נחלת הכלל	HaKtav VeHaKabalah, Deuteronomy 15:9:3 (HaKtav VeHaKabbalah, Frankfurt 1880 [he])
סוגר	6	ויקינתונים (CC0)	L215211
מחוש	6	ויקינתונים (CC0)	L213024
חטוטרת	6	ויקינתונים (CC0)	L210749
גלעין	6	ויקינתונים (CC0)	L206279
תרדמה	6	ויקינתונים (CC0)	L68747
מגבעת	6	ויקינתונים (CC0)	L78755
כתנת	6	ויקינתונים (CC0)	L65725
אבזם	6	ויקינתונים (CC0)	L63619
לולאה	6	ויקינתונים (CC0)	L78614
בטנה	6	ויקינתונים (CC0)	L491141
תך	6	ויקינתונים (CC0)	L220209
פשתן	6	ויקינתונים (CC0)	L81196
מלמלה	6	ויקינתונים (CC0)	L213382
אהיל	6	ויקינתונים (CC0)	L75047
שדה	6	ויקינתונים (CC0)	L68234
הדום	6	ויקינתונים (CC0)	L77176
דרגש	6	ויקינתונים (CC0)	L77120
כלאים	6	ויקינתונים (CC0)	L78409
שעטנז	6	ויקינתונים (CC0)	L82294
נזיד	6	ויקינתונים (CC0)	L66729
רקיק	6	ויקינתונים (CC0)	L219135
סלת	6	ויקינתונים (CC0)	L80259
יוחסין	6	ויקינתונים (CC0)	L211668
אילן	6	ויקינתונים (CC0)	L63890
אימה	6	ויקינתונים (CC0)	L63894
קטל	6	ויקינתונים (CC0)	L218082
מאכלת	6	ויקינתונים (CC0)	L65997
פגיון	6	ויקינתונים (CC0)	L67352
גיא	6	ויקינתונים (CC0)	L64490
מחשכים	6	ספריא · נחלת הכלל	Bechinat Olam 4:8 (Bechinat Olam, Vilna 1879 [he])
אשמרת	6	ויקינתונים (CC0)	L64137
רעות	6	ויקינתונים (CC0)	L82027
מלתחה	6	ויקינתונים (CC0)	L79216
אפרכסת	6	ויקינתונים (CC0)	L75914
מוגף	6	ספריא · נחלת הכלל	Rashi on Zevachim 55b:6:1 (Vilna Edition [he])
תלוש	6	ויקינתונים (CC0)	L220246
מגאל	6	ויקינתונים (CC0)	L212608
מחפיר	6	ויקינתונים (CC0)	L213054
מרוד	6	ויקינתונים (CC0)	L213809
מסעף	6	ויקינתונים (CC0)	L79328
גמר אמר	6	ספריא · נחלת הכלל	Machberet Menachem, Letter Gimel 46:2 (Mahberet Menahem, London, 1854. [he])
חכך בדעתו	6	⚠ דרוש מקור	חכך ידיו בהנאה
שם לאל	6	ספריא · נחלת הכלל	Yefeh To'ar on Bereshit Rabbah 82:3:1 (Midrash Rabbah, Vilna, 1878 [he])
קבע מסמרות	6	⚠ דרוש מקור	Darkhei Moshe (Amiel), Derekh HaKodesh, Shmatta 1 7:6 (Darkhei Moshe, Jerusalem 1998-2000 [he])	⚠ ההוכחה הוסרה · ספריא נחלת-הכלל · מהדורה 2000 · אומת חי מול ספריא: אין בספריא אף מהדורה עברית בנחלת הכלל שאינה מ-1929 ואילך · הגרסאות שנמצאו: Darkhei Moshe, Jerusalem 1998-2000 · הטענה הקודמת: ספריא · נחלת הכלל / Darkhei Moshe (Amiel), Derekh HaKodesh, Shmatta 1 7:6 (Darkhei Moshe, Jerusalem 1998-2000 [he])
תהה על קנקנו	6	ויקיטקסט · נחלת הכלל	ספר הבדיחה והחידוד/קבלנים, בורסקאים וספסרים; סוחרים וסרסורים; חנוונים ותגרנים; קונים ומוכרים
משענת קנה רצוץ	6	ספריא · נחלת הכלל	Bechinat Olam 8:15 (Bechinat Olam, Vilna 1879 [he])
חסר כל	6	ספריא · נחלת הכלל	Etz Yosef on Vayikra Rabbah 3:6:8 (Midrash Rabbah with Etz Yosef, Warsaw, 1867 [he])
בן לויה	6	ספריא · נחלת הכלל	Tosafot on Bekhorot 47a:15:1 (Vilna Edition [he])
בת קול	6	ספריא · נחלת הכלל	Rashi on Yevamot 14a:2:1 (Vilna Edition [he])
בת צחוק	6	ספריא · נחלת הכלל	Responsa Rav Pealim, Volume III, Even HaEzer 5:15 (Rav Pealim, Jerusalem 1901-1912 [he])
בבת עין	6	ויקינתונים (CC0)	L76145
בן טפוחיו	6	לפי מילה: ויקינתונים · צורה (CC0) + ויקינתונים · כתיב מלא/חסר (CC0)	בן=L64310 טפוחיו=L211321
כליל השלמות	6	ויקיטקסט · נחלת הכלל	קדמות היהודים - נגד אפיון
הדריך מנוחתו	6	לפי מילה: ויקינתונים · צורה (CC0)	הדריך=L206990 מנוחתו=L66350
פרק על	6	ויקינתונים (CC0)	L217356
טמן לו פח	6	ספריא · נחלת הכלל	Beit Elohim, Shaar HaTeshuvah 9:17 (Warsaw, 1872 [he])
הרעיש עולמות	6	⚠ דרוש מקור	Hegyonot El Ami, Volume II, Vayera 18:61 (Antwerp, 1933-1936 [he])	⚠ ההוכחה הוסרה · ספריא נחלת-הכלל · מהדורה 1936 · אומת חי מול ספריא: אין בספריא אף מהדורה עברית בנחלת הכלל שאינה מ-1929 ואילך · הגרסאות שנמצאו: Antwerp, 1933-1936 · הטענה הקודמת: ספריא · נחלת הכלל / Hegyonot El Ami, Volume II, Vayera 18:61 (Antwerp, 1933-1936 [he])
פח יקוש	6	ספריא · נחלת הכלל	Metzudat Zion on Psalms 9:16:1 (On Your Way [he])
דרך המלך	6	ספריא · נחלת הכלל	Yachin on Mishnah Bava Batra 6:41:1 (Mishnah, ed. Romm, Vilna 1913 [he])
בטל בששים	6	ספריא · נחלת הכלל	Pitchei Teshuva on Shulchan Arukh, Yoreh De'ah 134:3 (Ashlei Ravrevei: Shulchan Aruch Yoreh Deah, Lemberg, 1888 [he])
יקר המציאות	6	ספריא · נחלת הכלל	Shem HaGedolim, Maarekhet Sefarim, Letter Dalet 31:1 (Podgorze, 1905 (Wikisource edition) [he])
פיק ברכים	6	ספריא · נחלת הכלל	Rashi on Megillah 14b:2:2 (Vilna Edition [he])
שתי וערב	6	ספריא · נחלת הכלל	Korban HaEdah on Jerusalem Talmud Moed Katan 1:8:3:1 (1536 [he])
נכנס בעבי הקורה	6	ספריא · נחלת הכלל	Rashi on Genesis 14:5:2 (On Your Way [he])	⟵ הוחלף למהדורה חופשית · אומת חי מול ספריא: «On Your Way» · רישיון Public Domain · אין בשם המהדורה שנה 1929 ואילך · הרצף «נכנס בעבי הקורה» נמצא בטקסט הגרסה · הטענה הקודמת: ספריא · נחלת הכלל / Rashi on Genesis 14:5:2 (Pentateuch with Rashi's commentary by M. Rosenbaum and A.M. Silbermann, 1929-1934 [he])
ארץ גזרה	6	ספריא · נחלת הכלל	Reggio on Torah, Leviticus 16:22:2 (Vienna, 1821 [he])
עז נפש	6	ספריא · נחלת הכלל	The Antiquities of the Jews 1:4:2 (Yemei am olam, trans. Kalman Schulman. Vilna, 1886 [he])
עזות מצח	6	ספריא · נחלת הכלל	Alshekh on Torah, Exodus 27:1:2 (Torat Moshe, Warsaw, 1875 [he])
גס רוח	6	ספריא · נחלת הכלל	Devash LeFi, Letter Gimel 1 (Livorno, 1801 [he])
דרך ארץ	6	ויקינתונים (CC0)	L64753
שוה נפש	6	ספריא · נחלת הכלל	Korban HaEdah on Jerusalem Talmud Shabbat 3:3:13:7 (1536 [he])
מדה כנגד מדה	6	⚠ דרוש מקור	Hegyonot El Ami, Volume I, Yom Kippur 45:12 (Antwerp, 1933-1936 [he])	⚠ ההוכחה הוסרה · ספריא נחלת-הכלל · מהדורה 1936 · אומת חי מול ספריא: אין בספריא אף מהדורה עברית בנחלת הכלל שאינה מ-1929 ואילך · הגרסאות שנמצאו: Antwerp, 1933-1936 · הטענה הקודמת: ספריא · נחלת הכלל / Hegyonot El Ami, Volume I, Yom Kippur 45:12 (Antwerp, 1933-1936 [he])
כיד המלך	6	ספריא · נחלת הכלל	Torah Temimah on Esther 1:7:5 (Torah Temimah, Vilna, 1904 [he])
קורת גג	6	ויקיטקסט · נחלת הכלל	תקנות הבטחת הכנסה
אבן שואבת	6	ספריא · נחלת הכלל	Rashi on Avodah Zarah 44a:15:3 (Vilna Edition [he])
גלת הכותרת	6	ויקיטקסט · נחלת הכלל	אהוביך אהבוך
בגפו	6	ספריא · נחלת הכלל	Sha'ar HaPesukim, Parashat Mishpatim 3 (Shaar HaPesukim [he])
במפגיע	6	ויקינתונים (CC0)	L492003
בעליל	6	ויקינתונים (CC0)	L492008
בוש	6	ויקינתונים (CC0)	L205645
הסכית	6	ויקינתונים (CC0)	L208326
הפליג ב	6	ויקינתונים (CC0)	L208537
התמוגג	6	ויקינתונים (CC0)	L209719
התנכר	6	ויקינתונים (CC0)	L209844
כיחד	6	ויקינתונים (CC0)	L212052
לדידו	6	ספריא · נחלת הכלל	Peri Megadim on Orach Chayim, Mishbezot Zahav 66:4:1 (Warsaw, 1877 [he])	⟵ אומת חי · המהדורה שכבר צוטטה · אומת חי מול ספריא: «Warsaw, 1877» · רישיון Public Domain · אין בשם המהדורה שנה 1929 ואילך · הרצף «לדידו» נמצא בטקסט הגרסה · הטענה הקודמת: ספריא · נחלת הכלל / Peri Megadim on Orach Chayim, Mishbezot Zahav 66:4:1 (Warsaw, 1877 [he])
קורט	6	ויקינתונים (CC0)	L218034
קושיה	6	ויקינתונים (CC0)	L81827
בגלופין	6	ספריא · נחלת הכלל	Siddur Ashkenaz, Shabbat, Third Meal, Atkinu 4 (Daat Siddur Ashkenaz [he])
אמודאי	6	ויקינתונים (CC0)	L75530
אמד	6	ויקינתונים (CC0)	L204998
גדה	6	ויקינתונים (CC0)	L64443
נחיל	6	ויקינתונים (CC0)	L79782
פמליה	6	ויקינתונים (CC0)	L80945
סנגור	6	ויקינתונים (CC0)	L80288
קטגור	6	ויקינתונים (CC0)	L81591
בדימוס	6	ויקינתונים (CC0)	L491977
הוקיר רגליו	6	ויקיטקסט · נחלת הכלל	פקודת פשיטת הרגל
גזרה	6	ויקינתונים (CC0)	L64485
דרוך	6	ויקינתונים (CC0)	L206762
הגיף	6	ויקינתונים (CC0)	L206928
ההין	6	ויקינתונים (CC0)	L206994
האמיר	6	ויקינתונים (CC0)	L206820
הלם	6	ויקינתונים (CC0)	L208182
כביר	6	ויקינתונים (CC0)	L211941
כחש	6	ויקינתונים (CC0)	L78397
מחוה	6	ספריא · נחלת הכלל	Chidushei Agadot on Megillah 16a:16 (Vilna Edition [he])
משל ברוחו	6	⚠ דרוש מקור	Shem MiShmuel, Yitro 4:22 (Sefer Shem Mishmuel, Piotrkow, 1927-1934 [he])	⚠ ההוכחה הוסרה · ספריא נחלת-הכלל · מהדורה 1934 · אומת חי מול ספריא: אין בספריא אף מהדורה עברית בנחלת הכלל שאינה מ-1929 ואילך · הגרסאות שנמצאו: Sefer Shem Mishmuel, Piotrkow, 1927-1934 · הטענה הקודמת: ספריא · נחלת הכלל / Shem MiShmuel, Yitro 4:22 (Sefer Shem Mishmuel, Piotrkow, 1927-1934 [he])
סכר	6	ויקינתונים (CC0)	L215605
עלום	6	ויקינתונים (CC0)	L216158
ענף	6	ויקינתונים (CC0)	L216211
פשה	6	ויקינתונים (CC0)	L217371
רדיד	6	ויקינתונים (CC0)	L218682
רכס	6	ויקינתונים (CC0)	L218961
רובד	6	ויקינתונים (CC0)	L218706
תגרן	6	ויקינתונים (CC0)	L82422
ביעף	6	ויקינתונים (CC0)	L492000
גלב	6	ויקינתונים (CC0)	L76634
הקניט	6	ויקינתונים (CC0)	L208818
השתיר	6	ויקינתונים (CC0)	L209116
הטיל מורא	6	ספריא · נחלת הכלל	Romemot El on Psalms 33:8:1 (Romemot El, Warsaw 1875 [he])
מחלצות	6	ויקינתונים (CC0)	L213043
סכל	6	ויקינתונים (CC0)	L215597
שרלטן	6	ויקינתונים (CC0)	L219885
תדיר	6	ויקינתונים (CC0)	L219987
שמחה לאיד	6	ספריא · נחלת הכלל	Romemot El on Psalms 68:4:1 (Romemot El, Warsaw 1875 [he])
הסתודד	6	ויקינתונים (CC0)	L208373
בלן	6	ויקינתונים (CC0)	L205857
דורון	6	ויקינתונים (CC0)	L64669
סומא	6	ויקינתונים (CC0)	L215259
איטר	6	ויקינתונים (CC0)	L204739
פרקדן	6	ויקינתונים (CC0)	L492070
הלבין פנים	6	ספריא · נחלת הכלל	Ritva on Ketubot 68a:1 (Chiddushei haRitva, Munkatch, 1908. [he])
נקי כפים	6	ספריא · נחלת הכלל	Matnot Kehunah on Bereshit Rabbah 59:5:3 (Midrash Rabbah, Vilna, 1878 [he])
עשה שמות	6	⚠ דרוש מקור	Sermons Unto My People, Chanuka, Purim, and Special Shabbatot 1:64 (Derashot El Ami, Jerusalem 1936 [he])	⚠ ההוכחה הוסרה · ספריא נחלת-הכלל · מהדורה 1936 · אומת חי מול ספריא: אין בספריא אף מהדורה עברית בנחלת הכלל שאינה מ-1929 ואילך · הגרסאות שנמצאו: Derashot El Ami, Jerusalem 1936 · הטענה הקודמת: ספריא · נחלת הכלל / Sermons Unto My People, Chanuka, Purim, and Special Shabbatot 1:64 (Derashot El Ami, Jerusalem 1936 [he])
שמאי	6	ויקינתונים (CC0)	L82252
יצוע	6	ויקינתונים (CC0)	L78297
מקשה	6	ויקינתונים (CC0)	L79527
זבן	6	ויקינתונים (CC0)	L77592
מתרס	6	ויקינתונים (CC0)	L79685
נקפו לבו	6	ספריא · נחלת הכלל	Rashi on Keritot 24a:8:2 (Vilna Edition [he])
פצירה	6	ויקינתונים (CC0)	L67512
קמור	6	ויקינתונים (CC0)	L218320
שרפרף	6	ויקינתונים (CC0)	L68511
אורלוגין	6	ויקינתונים (CC0)	L204591
כתת רגליו	6	ספריא · נחלת הכלל	Em LaMikra, Genesis 5:24:4 (Livorno, 1862-1863 [he])
התפלש	6	ויקינתונים (CC0)	L210037
רתמה	6	ויקינתונים (CC0)	L219173
גבב	6	ויקינתונים (CC0)	L206168
השתנק	6	ויקינתונים (CC0)	L209158
ראותן	6	ויקינתונים (CC0)	L218588
כברה	6	ויקינתונים (CC0)	L78342
עפרה	6	ויקינתונים (CC0)	L67290
שררה	6	ויקינתונים (CC0)	L219895
קיבורת	6	ויקינתונים (CC0)	L67857
עגלון	6	ויקינתונים (CC0)	L80467
פוזמק	6	ויקינתונים (CC0)	L216442
חשבונייה	6	ויקינתונים (CC0)	L211193
מכוש	6	ויקינתונים (CC0)	L213305
שבכה	6	ויקינתונים (CC0)	L82102
זמירות	6	ספריא · נחלת הכלל	Chidushei Agadot on Eruvin 18b:8 (Vilna Edition [he])
נתן עינו בכוס	6	ספריא · נחלת הכלל	Ba'alei HaNefesh, Sha'ar HaKedushah 14 (Vilna, 1911 [he])
קלס	7	ויקינתונים (CC0)	L218287
הריע	7	ויקינתונים (CC0)	L208901
ארר	7	ספריא · נחלת הכלל	Korban HaEdah on Jerusalem Talmud Sotah 2:2:6:2 (1536 [he])
דלק	7	ויקינתונים (CC0)	L206682
מחץ	7	ויקינתונים (CC0)	L213055
נתש	7	ספריא · נחלת הכלל	Sefer HeArukh, Letter Nun 324 (Sefer HeArukh, Lublin 1883 [he])
דש	7	ויקינתונים (CC0)	L206789
השתלח	7	ויקינתונים (CC0)	L209141
השטין	7	ספריא · נחלת הכלל	Shulchan Arukh, Orach Chayim 35:1 (Torat Emet 363 [he])
זלג	7	ויקינתונים (CC0)	L210458
שותת	7	ויקינתונים (CC0)	L219922
זב	7	ויקינתונים (CC0)	L210335
כהה	7	ויקינתונים (CC0)	L211957
כשל	7	ויקינתונים (CC0)	L212240
שזף	7	ויקינתונים (CC0)	L219397
קבץ	7	ויקינתונים (CC0)	L218116
נטע	7	ויקינתונים (CC0)	L214447
הוריש	7	ויקינתונים (CC0)	L207438
עברה	7	ויקינתונים (CC0)	L215887
משטמה	7	ויקינתונים (CC0)	L213921
פדות	7	ויקינתונים (CC0)	L216413
צור	7	ויקינתונים (CC0)	L67638
כף	7	ויקינתונים (CC0)	L65816
צלמות	7	ויקינתונים (CC0)	L67682
שבט	7	ויקינתונים (CC0)	L68209
לביא	7	ויקינתונים (CC0)	L65888
עיט	7	ויקינתונים (CC0)	L80515
סנונית	7	ויקינתונים (CC0)	L67077
צבי	7	ויקינתונים (CC0)	L67605
צפעוני	7	ויקינתונים (CC0)	L81381
פרד	7	ויקינתונים (CC0)	L67532
קדקד	7	ספריא · נחלת הכלל	Pri Etz Chaim, Gate of the Recitation of the Shema 28:10 (Pri Etz Chaim [he])
גלגלת	7	ויקינתונים (CC0)	L64527
גו	7	ויקינתונים (CC0)	L64450
לשד	7	ויקינתונים (CC0)	L65976
שכם	7	ויקינתונים (CC0)	L68367
חלין	7	ויקינתונים (CC0)	L77829
דראון	7	ויקינתונים (CC0)	L77115
חלאה	7	ויקינתונים (CC0)	L210916
סחי	7	ויקינתונים (CC0)	L80055
אשפתות	7	ספריא · נחלת הכלל	Binyan Yehoshua on Avot D'Rabbi Natan 35:2:13 (Talmud Bavli, Vilna 1883 ed. [he])
תבל	7	ויקינתונים (CC0)	L68546
כסיל	7	ויקינתונים (CC0)	L212162
סכל	7	ויקינתונים (CC0)	L215597
בער	7	ויקינתונים (CC0)	L491562
חזיז	7	ויקינתונים (CC0)	L77774
זיק	7	ויקינתונים (CC0)	L210440
דלף	7	ויקינתונים (CC0)	L206681
מרזב	7	ויקינתונים (CC0)	L66531
פרגוד	7	ויקינתונים (CC0)	L217139
אביר	7	ויקינתונים (CC0)	L1347804
אשף	7	ויקינתונים (CC0)	L205440
בדחן	7	ויקינתונים (CC0)	L205491
באור	7	ויקינתונים (CC0)	L76127
קנוניה	7	ויקינתונים (CC0)	L81677
רפש	7	ויקינתונים (CC0)	L219079
צפיחית	7	ויקינתונים (CC0)	L217705
חרות	7	ויקינתונים (CC0)	L211143
נלוז	7	ויקינתונים (CC0)	L214669
מזהיר	7	ויקינתונים (CC0)	L212970
כלתה נפשו	7	ספריא · נחלת הכלל	Bechinat Olam 6:2 (Bechinat Olam, Vilna 1879 [he])
ביתר שאת	7	ספריא · נחלת הכלל	Tzror HaMor on Song of Songs 7:13:3 (Alshich on Five Megillot, Warsaw, 1862 [he])
עדי עד	7	ספריא · נחלת הכלל	Metzudat Zion on Isaiah 65:18:2 (On Your Way [he])
בקש את נפשו	7	ספריא · נחלת הכלל	HaKtav VeHaKabalah, Deuteronomy 29:18:2 (HaKtav VeHaKabbalah, Frankfurt 1880 [he])
אבדו עשתונותיו	7	ספריא · נחלת הכלל	Metzudat Zion on Job 12:5:2 (On Your Way [he])
יפה נפש	7	ספריא · נחלת הכלל	Yachin on Mishnah Chagigah 1:39:1 (Mishnah, ed. Romm, Vilna 1913 [he])
כאיש אחד	7	ספריא · נחלת הכלל	Metzudat David on Judges 20:11:2 (On Your Way [he])
ידו על העליונה	7	ספריא · נחלת הכלל	Rabbeinu Chananel on Bava Metzia 49b:5 (Vilna Edition [he])
קצרה רוחו	7	ספריא · נחלת הכלל	Reggio on Torah, Exodus 6:12:1 (Vienna, 1821 [he])
כלו כל הקצין	7	⚠ דרוש מקור	Hegyonot El Ami, Volume I, Rosh Hashanah 4:9 (Antwerp, 1933-1936 [he])	⚠ ההוכחה הוסרה · ספריא נחלת-הכלל · מהדורה 1936 · אומת חי מול ספריא: אין בספריא אף מהדורה עברית בנחלת הכלל שאינה מ-1929 ואילך · הגרסאות שנמצאו: Antwerp, 1933-1936 · הטענה הקודמת: ספריא · נחלת הכלל / Hegyonot El Ami, Volume I, Rosh Hashanah 4:9 (Antwerp, 1933-1936 [he])
ירד לטמיון	7	⚠ דרוש מקור	Ben Yehoyada on Sanhedrin 110a:5 (Senlake edition 2019 based on Ben Yehoyada, Jerusalem, 1897 [he])	⚠ ההוכחה הוסרה · ספריא נחלת-הכלל · מהדורה 2019 · אומת חי מול ספריא: אין בספריא אף מהדורה עברית בנחלת הכלל שאינה מ-1929 ואילך · הגרסאות שנמצאו: Senlake edition 2019 based on Ben Yehoyada, Jerusalem, 1897 · הטענה הקודמת: ספריא · נחלת הכלל / Ben Yehoyada on Sanhedrin 110a:5 (Senlake edition 2019 based on Ben Yehoyada, Jerusalem, 1897 [he])
עלה בידו	7	ספריא · נחלת הכלל	Rash MiShantz on Mishnah Terumot 4:1:4 (Talmud Bavli, Vilna, 1880. [he])
השיגה ידו	7	ספריא · נחלת הכלל	Reggio on Torah, Leviticus 25:49:4 (Vienna, 1821 [he])
לא מצא ידיו ורגליו	7	ספריא · נחלת הכלל	Rashi on Yevamot 77b:23:2 (Vilna Edition [he])
אין לאל ידו	7	ספריא · נחלת הכלל	Metzudat David on Jeremiah 48:30:2 (On Your Way [he])
דבר דבור על אפניו	7	ספריא · נחלת הכלל	Shem Tov on Guide for the Perplexed, Prefatory Remarks 28 (Warsaw, 1872 [he])
כדת וכדין	7	ספריא · נחלת הכלל	Hagahot She'erit Tzion 64:2 (Podgorze, 1905 (Wikisource edition) [he])
מצות אנשים מלמדה	7	ספריא · נחלת הכלל	Mesillat Yesharim, Introduction 38 (Sefaria Vocalized Edition [he])
מס שפתים	7	⚠ דרוש מקור	ערך: מס שפתים
קול קורא במדבר	7	⚠ דרוש מקור	Sermons Unto My People, The High Holidays 16:30 (Derashot El Ami, Jerusalem 1936 [he])	⚠ ההוכחה הוסרה · ספריא נחלת-הכלל · מהדורה 1936 · אומת חי מול ספריא: אין בספריא אף מהדורה עברית בנחלת הכלל שאינה מ-1929 ואילך · הגרסאות שנמצאו: Derashot El Ami, Jerusalem 1936 · הטענה הקודמת: ספריא · נחלת הכלל / Sermons Unto My People, The High Holidays 16:30 (Derashot El Ami, Jerusalem 1936 [he])
אטם אזניו	7	ספריא · נחלת הכלל	The War of the Jews 1:16:4 (The Jewish Wars, trans. Y.N. Simhoni, Warsaw, 1923 [he])
העלים עין	7	ספריא · נחלת הכלל	Metzudat David on Jeremiah 14:9:3 (On Your Way [he])
נר לרגליו	7	⚠ דרוש מקור	Sermons Unto My People, Chanuka, Purim, and Special Shabbatot 19:10 (Derashot El Ami, Jerusalem 1936 [he])	⚠ ההוכחה הוסרה · ספריא נחלת-הכלל · מהדורה 1936 · אומת חי מול ספריא: אין בספריא אף מהדורה עברית בנחלת הכלל שאינה מ-1929 ואילך · הגרסאות שנמצאו: Derashot El Ami, Jerusalem 1936 · הטענה הקודמת: ספריא · נחלת הכלל / Sermons Unto My People, Chanuka, Purim, and Special Shabbatot 19:10 (Derashot El Ami, Jerusalem 1936 [he])
כברת דרך	7	ספריא · נחלת הכלל	Etz Yosef on Bereishit Rabbah 82:10:6 (Midrash Rabbah with Etz Yosef, Warsaw, 1867 [he])
הרי חשך	7	ספריא · נחלת הכלל	Etz Yosef on Bamidbar Rabbah 16:25:10 (Midrash Rabbah with Etz Yosef, Warsaw, 1867 [he])
מהמסד ועד הטפחות	7	ספריא · נחלת הכלל	The Antiquities of the Jews 11:4:6 (42184 [he])
פורט על נימי לבו	7	לפי מילה: ויקינתונים · צורה (CC0)	פורט=L216563 נימי=L214545 לבו=L212400
בר לבב	7	ספריא · נחלת הכלל	Tov haLevanon, Third Treatise on Service of God 10:28 (Chovat Halevavot, Warsaw 1875 [he])
נשא ונתן	7	ספריא · נחלת הכלל	Rif Sanhedrin 12a:1 (Vilna Edition [he])
עמד על המקח	7	ספריא · נחלת הכלל	Shita Mekubetzet on Bava Metzia 108b:23 (Warsaw, 1901 [he])
יצא שכרו בהפסדו	7	ספריא · נחלת הכלל	Yachin on Pirkei Avot 5:84:1 (Mishnah, ed. Romm, Vilna 1913 [he])
עשה חיל	7	ספריא · נחלת הכלל	Otzar Midrashim, Sefer Tagin ('Crowns') 26:43 (Otzar Midrashim, New York, 1915 [he])
עולה על כלנה	7	ספריא · נחלת הכלל	Pele Yoetz 331:8 (Torat Emet [he])
כיוצא בזה	7	ספריא · נחלת הכלל	Shita Mekubetzet on Berakhot 60a:2:1 (Shita Mekubetzet [he])
הגיעו מים עד נפש	7	ספריא · נחלת הכלל	The War of the Jews 3:7:27 (The Jewish Wars, trans. Y.N. Simhoni, Warsaw, 1923 [he])
הטה שכם	7	⚠ דרוש מקור	ערך: הטה שכם
נשא בעל	7	ספריא · נחלת הכלל	Kisse Rahamim on Tractate Soferim 9:7:1 (Kisse Rahamim, Livorno, 1803 [he])
עמד לימינו	7	ספריא · נחלת הכלל	Malbim on I Kings 2:2:1 (On Your Way [he])
סמך ידיו על	7	ספריא · נחלת הכלל	Kli Yakar on Numbers 27:18:3 (Vocalized Edition [he])
לא הניד עפעף	7	⚠ דרוש מקור	הניד
נורא הוד	7	ספריא · נחלת הכלל	Metzudat David on Job 37:22:2 (On Your Way [he])
שובה לב	7	ספריא · נחלת הכלל	Ephod Bad on Pesach Haggadah, Nirtzah, Chad Gadya 6:1 (Haggadah Ephod Bad, Warsaw, 1872 [he])
דלת העם	7	ספריא · נחלת הכלל	Bekhor Shor, Exodus 15:5:2 (Bekhor Shor, Leipzig, 1856 [he])
שועי הארץ	7	ספריא · נחלת הכלל	Minchat Kenaot, Correspondence 55:2 (Minhat Kenaot, Pressburg, 1838. [he])
איד	7	ויקינתונים (CC0)	L75288
בעלמא	7	ויקינתונים (CC0)	L492009
בין המצרים	7	ספריא · נחלת הכלל	Palgei Mayim on Lamentations 1:3:4 (Alshich on Five Megillot, Warsaw, 1862 [he])
בין השיטין	7	ספריא · נחלת הכלל	Rashi on Menachot 30b:2:1 (Vilna Edition [he])
חפוי ראש	7	ספריא · נחלת הכלל	Shadal on Isaiah 25:7:2 (Padova, 1867 [he])
טכס עצה	7	לפי מילה: ויקיטקסט · נחלת הכלל + ויקינתונים · צורה (CC0)	טכס=שושן סודות אות רפא עצה=L67294
יושב קרנות	7	ספריא · נחלת הכלל	Rashi on Kiddushin 25a:3:2 (Vilna Edition [he])
כמטחוי קשת	7	ספריא · נחלת הכלל	Ralbag Beur HaMilot on Torah, Genesis 21:16:1 (Ralbag on Torah, Venice, 1547 [he])
מטת סדום	7	⚠ דרוש מקור	Hegyonot El Ami, Volume II, Vayera 15:15 (Antwerp, 1933-1936 [he])	⚠ ההוכחה הוסרה · ספריא נחלת-הכלל · מהדורה 1936 · אומת חי מול ספריא: אין בספריא אף מהדורה עברית בנחלת הכלל שאינה מ-1929 ואילך · הגרסאות שנמצאו: Antwerp, 1933-1936 · הטענה הקודמת: ספריא · נחלת הכלל / Hegyonot El Ami, Volume II, Vayera 15:15 (Antwerp, 1933-1936 [he])
נס לחו	7	ספריא · נחלת הכלל	Chelkat Mechokek on Job 17:7:1 (Chelkat Mechokek, Warsaw 1876 [he])
עיר	7	ויקינתונים (CC0)	L67229
ציקן	7	ויקינתונים (CC0)	L217562
שדוד	7	ויקינתונים (CC0)	L219242
שפת	7	ויקינתונים (CC0)	L219816
שבלת	7	ויקינתונים (CC0)	L68219
שכוי	7	ויקינתונים (CC0)	L82215
תרוד	7	ויקינתונים (CC0)	L82580
תוגה	7	ויקינתונים (CC0)	L68565
הזה	7	ויקינתונים (CC0)	L207556
הדס	7	ויקינתונים (CC0)	L64796
סנט	7	ויקינתונים (CC0)	L215699
נהי	7	ספריא · נחלת הכלל	Malbim Beur Hamilot on Ezekiel 27:32:1 (On Your Way [he])
חת	7	ויקינתונים (CC0)	L65396
יוגב	7	ויקינתונים (CC0)	L78223
כבודה	7	ויקינתונים (CC0)	L211934
כישור	7	ויקינתונים (CC0)	L212097
פלך	7	ויקינתונים (CC0)	L67464
מחרחר ריב	7	ספריא · נחלת הכלל	Rash MiShantz on Mishnah Oktzin 3:11:2 (Talmud Bavli, Vilna, 1880. [he])
מלק	7	ויקינתונים (CC0)	L213390
משכית	7	ויקינתונים (CC0)	L79621
מגלב	7	ויקינתונים (CC0)	L78770
עולל	7	ויקינתונים (CC0)	L215964
צפיר	7	ויקינתונים (CC0)	L81377
שנתות	7	ספריא · נחלת הכלל	Tosafot on Menachot 87b:21:1 (Vilna Edition [he])
אחוז תזזית	7	לפי מילה: ויקינתונים · צורה (CC0)	אחוז=L204643 תזזית=L220090
גושפנקה	7	ויקינתונים (CC0)	L64478
דיוטה	7	ויקינתונים (CC0)	L76983
הבריח	7	ויקינתונים (CC0)	L206891
חגר	7	ויקינתונים (CC0)	L210592
הכה על חטא	7	ספריא · נחלת הכלל	Pesikta Rabbati 29:1 (OYW [he])
הלך אימים	7	ספריא · נחלת הכלל	The War of the Jews 6:2:6 (The Jewish Wars, trans. Y.N. Simhoni, Warsaw, 1923 [he])
השליך אחרי גוו	7	ספריא · נחלת הכלל	Noda BiYehudah II, Even HaEzer 62:3 (Noda Bi-Yehudah Part II; Warsaw, 1880 [he])
הזם	7	ויקינתונים (CC0)	L207578
כפיר	7	ויקינתונים (CC0)	L65823
זבורית	7	ויקינתונים (CC0)	L77590
עדית	7	ויקינתונים (CC0)	L80485
חלה את פניו	7	ספריא · נחלת הכלל	The Antiquities of the Jews 1:18:7 (Yemei am olam, trans. Kalman Schulman. Vilna, 1886 [he])
חוק	7	ויקינתונים (CC0)	L65199
טפסר	7	ויקינתונים (CC0)	L78124
כפן	7	ויקינתונים (CC0)	L710821
יצהר	7	ויקינתונים (CC0)	L78295
יגור	7	ויקינתונים (CC0)	L220470
ישב על המדוכה	7	ויקיטקסט · נחלת הכלל	חבלי לשון
כפת	7	ויקינתונים (CC0)	L212195
מדשן ענג	7	לפי מילה: ויקינתונים · צורה (CC0)	מדשן=L206664 ענג=L216094
מעשה	7	ויקינתונים (CC0)	L66441
מט לנפל	7	ויקיטקסט · נחלת הכלל	שירים (שאול טשרניחובסקי)/שירים/ברית-מילה (מחיי היהודים בטבריה)
ממגורה	7	ויקינתונים (CC0)	L79219
משכוכית	7	ויקינתונים (CC0)	L79620
מרית	7	ויקינתונים (CC0)	L66537
מרה שחורה	7	ספריא · נחלת הכלל	Yachin on Mishnah Shabbat 2:49:1 (Mishnah, ed. Romm, Vilna 1913 [he])
מוג לב	7	⚠ דרוש מקור	Sermons Unto My People, Chanuka, Purim, and Special Shabbatot 15:22 (Derashot El Ami, Jerusalem 1936 [he])	⚠ ההוכחה הוסרה · ספריא נחלת-הכלל · מהדורה 1936 · אומת חי מול ספריא: אין בספריא אף מהדורה עברית בנחלת הכלל שאינה מ-1929 ואילך · הגרסאות שנמצאו: Derashot El Ami, Jerusalem 1936 · הטענה הקודמת: ספריא · נחלת הכלל / Sermons Unto My People, Chanuka, Purim, and Special Shabbatot 15:22 (Derashot El Ami, Jerusalem 1936 [he])
משכל ראשון	7	ויקיטקסט · נחלת הכלל	שירים (שאול טשרניחובסקי)/ראי אדמה/שלשה חוחולים שהלכו
נצרך	7	ויקינתונים (CC0)	L220573
נפיל	7	ויקינתונים (CC0)	L66870
סרהב	7	ספריא · נחלת הכלל	Sefer HeArukh, Letter Samekh 407 (Sefer HeArukh, Lublin 1883 [he])
עזובה	7	ויקינתונים (CC0)	L216022
ערדל	7	ויקינתונים (CC0)	L80598
עלה נדף	7	⚠ דרוש מקור	Gur Aryeh on Vayikra 26:36:2 (Gur Aryeh, Machon Yerushalyim, 1989-1995 [he])	⚠ ההוכחה הוסרה · ספריא נחלת-הכלל · מהדורה 1995 · אומת חי מול ספריא: אין בספריא אף מהדורה עברית בנחלת הכלל שאינה מ-1929 ואילך · הגרסאות שנמצאו: Gur Aryeh, Machon Yerushalyim, 1989-1995 · הטענה הקודמת: ספריא · נחלת הכלל / Gur Aryeh on Vayikra 26:36:2 (Gur Aryeh, Machon Yerushalyim, 1989-1995 [he])
עוקר הרים	7	ספריא · נחלת הכלל	Rashi on Bava Kamma 109b:8:4 (Vilna Edition [he])
פה מפיק מרגליות	7	ספריא · נחלת הכלל	Beit Aharon, Title 5 (Beit Aharon, Brody, 1875. [he])
פסח על שתי הסעפים	7	⚠ דרוש מקור	Rashi on Exodus 12:13:3 (Pentateuch with Rashi's commentary by M. Rosenbaum and A.M. Silbermann, 1929-1934 [he])	⚠ ההוכחה הוסרה · ספריא נחלת-הכלל · מהדורה 1934 · אומת חי מול ספריא: יש בספריא 1 מהדורה עברית חופשית, והערך אינו מופיע בטקסט שלה · הגרסאות שנמצאו: Pentateuch with Rashi's commentary by M. Rosenbaum and A.M. Silbermann, 1929-1934 | Rashi Chumash, Metsudah Publications, 2009 | On Your Way · הטענה הקודמת: ספריא · נחלת הכלל / Rashi on Exodus 12:13:3 (Pentateuch with Rashi's commentary by M. Rosenbaum and A.M. Silbermann, 1929-1934 [he])
צחצוח חרבות	7	ספריא · נחלת הכלל	Rashi on Sotah 42b:1:2 (Vilna Edition [he])
לפרקים	7	⚠ דרוש מקור	Talmud Eser HaSefirot, Section III, List of Answers on Terminology 66:1 (Jerusalem, 1956-1966 [he])	⚠ ההוכחה הוסרה · ספריא נחלת-הכלל · מהדורה 1966 · אומת חי מול ספריא: אין בספריא אף מהדורה עברית בנחלת הכלל שאינה מ-1929 ואילך · הגרסאות שנמצאו: Jerusalem, 1956-1966 · הטענה הקודמת: ספריא · נחלת הכלל / Talmud Eser HaSefirot, Section III, List of Answers on Terminology 66:1 (Jerusalem, 1956-1966 [he])
קוטל קנים	7	ויקיטקסט · נחלת הכלל	פרוזה (ביאליק)/איש הסִפּוּן
קרנס	7	ספריא · נחלת הכלל	Sefer HeArukh, Letter Kof 555 (Sefer HeArukh, Lublin 1883 [he])
רחים	7	ויקינתונים (CC0)	L81970
שחקה לו השעה	7	ספריא · נחלת הכלל	The War of the Jews 2:11:4 (The Jewish Wars, trans. Y.N. Simhoni, Warsaw, 1923 [he])
שוה בנפשו	7	⚠ דרוש מקור	Beur Reuven on Bava Kamma 85a:1 (Beur Reuven, New York 1955 [he])	⚠ ההוכחה הוסרה · ספריא נחלת-הכלל · מהדורה 1955 · אומת חי מול ספריא: אין בספריא אף מהדורה עברית בנחלת הכלל שאינה מ-1929 ואילך · הגרסאות שנמצאו: Beur Reuven, New York 1955 · הטענה הקודמת: ספריא · נחלת הכלל / Beur Reuven on Bava Kamma 85a:1 (Beur Reuven, New York 1955 [he])
לאשורו	7	ויקינתונים (CC0)	L492030
מרך לב	7	ספריא · נחלת הכלל	The War of the Jews 3:3:2 (The Jewish Wars, trans. Y.N. Simhoni, Warsaw, 1923 [he])
עשה נפשות	7	ספריא · נחלת הכלל	Sha'arei Kedusha, Part 2 7:9 (Shaarei Kedusha [he])
פתחון פה	7	⚠ דרוש מקור	Netivot Olam, Netiv Hatshuva 4:15 (Netivot Olam, Netiv Hateshuva, with footnotes and annotations by Rabbi Yehoshua D. Hartman, Machon Yerushalyim, 1997 [he])	⚠ ההוכחה הוסרה · ספריא נחלת-הכלל · מהדורה 1997 · אומת חי מול ספריא: אין בספריא אף מהדורה עברית בנחלת הכלל שאינה מ-1929 ואילך · הגרסאות שנמצאו: Netivot Olam, Netiv Hateshuva, with footnotes and annotations by Rabbi Yehoshua D. Hartman, Machon Yerushalyim, 1997 · הטענה הקודמת: ספריא · נחלת הכלל / Netivot Olam, Netiv Hatshuva 4:15 (Netivot Olam, Netiv Hateshuva, with footnotes and annotations by Rabbi Yehoshua D. Hartman, Machon Yerushalyim, 1997 [he])
בחטף	7	ספריא · נחלת הכלל	Minchat Shai on Daniel 7:4:3 (Minchat Shai [he])
בלום	7	ויקינתונים (CC0)	L205835
בולמוס	7	ויקינתונים (CC0)	L205584
מהוקצע	7	ויקינתונים (CC0)	L212705
מפסלת	7	ויקינתונים (CC0)	L79419
נקבה	7	ויקינתונים (CC0)	L66880
אצעדה	7	ויקינתונים (CC0)	L75930
אספלנית	7	ויקינתונים (CC0)	L75826
בכר	7	ויקינתונים (CC0)	L64287
ביבר	7	ויקינתונים (CC0)	L76238
גדיד	7	ויקינתונים (CC0)	L76564
מזווה	7	ויקינתונים (CC0)	L78920
סייס	7	ויקינתונים (CC0)	L215461
התודה	7	ויקינתונים (CC0)	L209455
חברבורה	7	ויקינתונים (CC0)	L210577
כורם	7	ויקינתונים (CC0)	L78388
עמד מלכת	7	ספריא · נחלת הכלל	Masat Moshe on Esther 7:7:1 (Alshich on Five Megillot, Warsaw, 1862 [he])
תאב	8	ויקינתונים (CC0)	L219924
נחה	8	⚠ דרוש מקור	Derekh Chayyim 4:17:12 (Derech Chaim, with footnotes and annotations by Rabbi Yehoshua D. Hartman, Machon Yerushalyim, 2005-2010 [he])	⚠ ההוכחה הוסרה · ספריא נחלת-הכלל · מהדורה 2010 · אומת חי מול ספריא: אין בספריא אף מהדורה עברית בנחלת הכלל שאינה מ-1929 ואילך · הגרסאות שנמצאו: Derech Chaim, with footnotes and annotations by Rabbi Yehoshua D. Hartman, Machon Yerushalyim, 2005-2010 · הטענה הקודמת: ספריא · נחלת הכלל / Derekh Chayyim 4:17:12 (Derech Chaim, with footnotes and annotations by Rabbi Yehoshua D. Hartman, Machon Yerushalyim, 2005-2010 [he])
התחסד	8	ויקינתונים (CC0)	L209525
התחנחן	8	ויקינתונים (CC0)	L209517
התרפס	8	ויקינתונים (CC0)	L210237
פאר	8	ויקינתונים (CC0)	L67351
בעט	8	ויקינתונים (CC0)	L205900
שפר	8	ויקינתונים (CC0)	L219813
יאה	8	ויקינתונים (CC0)	L211605
היתכן	8	ספריא · נחלת הכלל	Mechokekei Yehudah; Yahel Ohr, Exodus 16:106:1 (Piotrkow, 1907-1911 [he])
שרעפים	8	ספריא · נחלת הכלל	Sha'ar HaPesukim, Book of Psalms 151 (Shaar HaPesukim [he])
חטר	8	ויקינתונים (CC0)	L65231
רשף	8	ויקינתונים (CC0)	L219155
מבוע	8	ויקינתונים (CC0)	L212576
מזח	8	ויקינתונים (CC0)	L66142
צי	8	ויקינתונים (CC0)	L67643
שחת	8	ויקינתונים (CC0)	L219432
מעצור	8	ויקינתונים (CC0)	L213610
אכסדרה	8	ויקינתונים (CC0)	L75431
גזוזטרה	8	ויקינתונים (CC0)	L64481
גב	8	ויקינתונים (CC0)	L64417
שפן	8	ויקינתונים (CC0)	L82322
מך	8	ויקינתונים · צורה (CC0)	L78868
דך	8	ויקינתונים · צורה (CC0)	L206554
דומה ש	8	⚠ דרוש מקור	Sermons Unto My People, The High Holidays 23:2 (Derashot El Ami, Jerusalem 1936 [he])	⚠ ההוכחה הוסרה · ספריא נחלת-הכלל · מהדורה 1936 · אומת חי מול ספריא: אין בספריא אף מהדורה עברית בנחלת הכלל שאינה מ-1929 ואילך · הגרסאות שנמצאו: Derashot El Ami, Jerusalem 1936 · הטענה הקודמת: ספריא · נחלת הכלל / Sermons Unto My People, The High Holidays 23:2 (Derashot El Ami, Jerusalem 1936 [he])
כמדמה	8	ספריא · נחלת הכלל	Chayei Moharan 247:1 (OYW [he])
מן הסתם	8	ספריא · נחלת הכלל	Rashi on Pesachim 87a:4:1 (Vilna Edition [he])
הסביר לו פנים	8	ספריא · נחלת הכלל	Rashi on Zevachim 102a:11:1 (Vilna Edition [he])
העלה על נס	8	ספריא · נחלת הכלל	Haamek Davar on Leviticus 9:24:1 (Sefer Torat Elohim, Vilna 1879 [he])
עבודת פרך	8	ספריא · נחלת הכלל	Korban HaEdah on Jerusalem Talmud Kiddushin 1:2:28:4 (1536 [he])
משלח יד	8	ויקינתונים (CC0)	L66587
איש זרוע	8	ספריא · נחלת הכלל	Bechinat Olam 5:15 (Bechinat Olam, Vilna 1879 [he])
בן חורין	8	ספריא · נחלת הכלל	Rashi on Gittin 40b:2:1 (Vilna Edition [he])
בא בימים	8	ספריא · נחלת הכלל	Midrash Tanchuma Buber, Chayei Sara 6:2 (Midrash Tanhuma haKadum veHaYashan, S. Buber, 1885 [he])
משנה זהירות	8	ספריא · נחלת הכלל	Sha'ar Ruach HaKodesh 63:1 (Jerusalem, 1863 [he])
קר רוח	8	ספריא · נחלת הכלל	Likutei Moharan 60:3:9 (Likutei Moharan - rabenubook.com [he])
ישוב הדעת	8	ספריא · נחלת הכלל	Rashi on Bava Metzia 107b:7:4 (Vilna Edition [he])
אצה לו הדרך	8	ספריא · נחלת הכלל	Abarbanel on Torah, Numbers 14:11:16 (Torah Commentary of Yitzchak Abarbanel, Warsaw 1862 [he])
טעם לפגם	8	ספריא · נחלת הכלל	Shulchan Arukh, Yoreh De'ah 122:1 (Ashlei Ravrevei: Shulchan Aruch Yoreh Deah, Lemberg, 1888 [he])
חובק עולם	8	ויקיטקסט · נחלת הכלל	אברהם גוטליב על משלי יד
מועד לפרענות	8	לפי מילה: ויקינתונים · צורה (CC0) + ויקיטקסט · נחלת הכלל	מועד=L207302 לפרענות=רש"י מנוקד על המקרא/ספר במדבר/יט
כלה ונחרצה	8	ספריא · נחלת הכלל	Ibn Ezra on Daniel 9:25:3 (Ibn Ezra on Daniel - Daat [he])
ארץ לא זרועה	8	ספריא · נחלת הכלל	Likutei Moharan, Part II 5:17:2 (Likutei Moharan Tinyana - rabenubook.com [he])
אחרית דבר	8	ספריא · נחלת הכלל	Perush Maharzu on Shemot Rabbah 6:2:7 (Midrash Rabbah, Vilna, 1878 [he])
שנות דור	8	ספריא · נחלת הכלל	Malbim on Deuteronomy 32:7:2 (Mikraei Kodesh, Vilna, 1891 [he])
הרהיב עז	8	⚠ דרוש מקור	Shem MiShmuel, Lech Lecha 7:10 (Sefer Shem Mishmuel, Piotrkow, 1927-1934 [he])	⚠ ההוכחה הוסרה · ספריא נחלת-הכלל · מהדורה 1934 · אומת חי מול ספריא: אין בספריא אף מהדורה עברית בנחלת הכלל שאינה מ-1929 ואילך · הגרסאות שנמצאו: Sefer Shem Mishmuel, Piotrkow, 1927-1934 · הטענה הקודמת: ספריא · נחלת הכלל / Shem MiShmuel, Lech Lecha 7:10 (Sefer Shem Mishmuel, Piotrkow, 1927-1934 [he])
חרף נפשו	8	ספריא · נחלת הכלל	Hadar Zekenim on Torah, Leviticus 19:20:1 (Livorno, 1840 [he])
דחה בשתי ידים	8	⚠ דרוש מקור	Beur Reuven on Bava Kamma 4b:7 (Beur Reuven, New York 1955 [he])	⚠ ההוכחה הוסרה · ספריא נחלת-הכלל · מהדורה 1955 · אומת חי מול ספריא: אין בספריא אף מהדורה עברית בנחלת הכלל שאינה מ-1929 ואילך · הגרסאות שנמצאו: Beur Reuven, New York 1955 · הטענה הקודמת: ספריא · נחלת הכלל / Beur Reuven on Bava Kamma 4b:7 (Beur Reuven, New York 1955 [he])
הסיח את הדעת	8	ספריא · נחלת הכלל	Eliyah Rabbah on Shulchan Arukh, Orach Chayim 110:12 (Eliya Rabba, Sulzbach 1757 [he])
ראשו ורבו	8	ספריא · נחלת הכלל	Mishneh Torah, Red Heifer 13:11 (Torat Emet 363 [he])
בלב ונפש	8	⚠ דרוש מקור	Teshuvot Rabbi Akiva Eiger HaChadashot 31:9 (Budapest, 1938 [he])	⚠ ההוכחה הוסרה · ספריא נחלת-הכלל · מהדורה 1938 · אומת חי מול ספריא: אין בספריא אף מהדורה עברית בנחלת הכלל שאינה מ-1929 ואילך · הגרסאות שנמצאו: Budapest, 1938 · הטענה הקודמת: ספריא · נחלת הכלל / Teshuvot Rabbi Akiva Eiger HaChadashot 31:9 (Budapest, 1938 [he])
בכל מאודו	8	ספריא · נחלת הכלל	Chidushei Agadot on Shabbat 56a:28 (Vilna Edition [he])
בכל רמ"ח אבריו	8	ספריא · נחלת הכלל	Devarim Tovim on Ecclesiastes 12:14:1 (Alshich on Five Megillot, Warsaw, 1862 [he])
חבל ארץ	8	ויקיטקסט · נחלת הכלל	מלבי"ם על יחזקאל מז טז
עיר ואם	8	ספריא · נחלת הכלל	Matnot Kehunah on Eichah Rabbah 1:31:4 (Midrash Rabbah, Vilna, 1878 [he])
העלה ארוכה	8	ספריא · נחלת הכלל	Rashi on Leviticus 13:18:2 (On Your Way [he])	⟵ הוחלף למהדורה חופשית · אומת חי מול ספריא: «On Your Way» · רישיון Public Domain · אין בשם המהדורה שנה 1929 ואילך · הרצף «העלה ארוכה» נמצא בטקסט הגרסה · הטענה הקודמת: ספריא · נחלת הכלל / Rashi on Leviticus 13:18:2 (Pentateuch with Rashi's commentary by M. Rosenbaum and A.M. Silbermann, 1929-1934 [he])
אין זאת כי אם	8	⚠ דרוש מקור	Mishnat Rabbi Eliezer 6:27 (New York, 1934 [he])	⚠ ההוכחה הוסרה · ספריא נחלת-הכלל · מהדורה 1934 · אומת חי מול ספריא: אין בספריא אף מהדורה עברית בנחלת הכלל שאינה מ-1929 ואילך · הגרסאות שנמצאו: New York, 1934 · הטענה הקודמת: ספריא · נחלת הכלל / Mishnat Rabbi Eliezer 6:27 (New York, 1934 [he])
אצטלה	8	ויקינתונים (CC0)	L75926
אורים ותמים	8	ויקינתונים (CC0)	L75224
באבו	8	ספריא · נחלת הכלל	Ralbag on Job 8:12:1 (On Your Way [he])
הבליע	8	ויקינתונים (CC0)	L206874
הגיה	8	ויקינתונים (CC0)	L491578
הכה שרש	8	ספריא · נחלת הכלל	Shadal on Isaiah 1:6:4 (Padova, 1867 [he])
התיק	8	ספריא · נחלת הכלל	Penei Moshe on Jerusalem Talmud Shabbat 16:2:2:2 (1536 [he])
הקהיל	8	ויקינתונים (CC0)	L208794
יורה	8	ויקינתונים (CC0)	L65571
מסאב	8	ויקינתונים (CC0)	L213501
מלא תכונה	8	⚠ דרוש מקור	Sermons Unto My People, Chanuka, Purim, and Special Shabbatot 22:65 (Derashot El Ami, Jerusalem 1936 [he])	⚠ ההוכחה הוסרה · ספריא נחלת-הכלל · מהדורה 1936 · אומת חי מול ספריא: אין בספריא אף מהדורה עברית בנחלת הכלל שאינה מ-1929 ואילך · הגרסאות שנמצאו: Derashot El Ami, Jerusalem 1936 · הטענה הקודמת: ספריא · נחלת הכלל / Sermons Unto My People, Chanuka, Purim, and Special Shabbatot 22:65 (Derashot El Ami, Jerusalem 1936 [he])
מסך	8	ויקינתונים (CC0)	L213541
נאלם	8	ויקינתונים (CC0)	L214053
צדיה	8	ספריא · נחלת הכלל	Metzudat Zion on Ezekiel 13:18:6 (On Your Way [he])
צרוף	8	ויקינתונים (CC0)	L217728
קיקיוני	8	ויקינתונים (CC0)	L218208
קובע	8	ויקינתונים (CC0)	L217825
שגיון	8	ויקינתונים (CC0)	L82110
שחון	8	ויקינתונים (CC0)	L219406
שוחר	8	ויקינתונים (CC0)	L219303
תעודת עניות	8	ויקיטקסט · נחלת הכלל	תקנות לביצוע אמנת האג (הפרוצדורה האזרחית)
תלי תלים	8	ספריא · נחלת הכלל	Matnot Kehunah on Vayikra Rabbah 19:1:2 (Midrash Rabbah, Vilna, 1878 [he])
תכריכים	8	ספריא · נחלת הכלל	Teshuvot Rabbi Akiva Eiger Tinyana 17:2 (Vienna, 1889 [he])
אבן נגף	8	ויקינתונים (CC0)	L1352738
אבן הראשה	8	ויקינתונים (CC0)	L63637
אספקלריה	8	ויקינתונים (CC0)	L75834
ארח	8	ויקינתונים (CC0)	L76012
בחרוק שנים	8	ויקיטקסט · נחלת הכלל	פרוזה (ביאליק)/אריה "בעל גוף"
בכפיפה אחת	8	ספריא · נחלת הכלל	Turei Zahav on Shulchan Arukh, Even HaEzer 44:3 (Apei Ravrevei: Shulchan Aruch Even HaEzer, Lemberg, 1886 [he])
בלתי נדלה	8	ויקיטקסט · נחלת הכלל	בדרך לא סלולה/ירושלים
בצר לו	8	ספריא · נחלת הכלל	Metzudat David on II Chronicles 15:4:1 (On Your Way [he])
השליך נפשו מנגד	8	ספריא · נחלת הכלל	Haflaah on Ketubot 103b:3 (Sefer Hafla'ah, Lemberg, 1860 [he])
התגלע	8	ויקינתונים (CC0)	L209403
החיש	8	ויקינתונים (CC0)	L207617
הלך בדרך כל בשר	8	ספריא · נחלת הכלל	Divrei Yirmiyahu on Mishneh Torah, Rest on a Holiday 5:4:1 (Friedberg Edition [he])
הפך את עורו	8	ספריא · נחלת הכלל	Halakhot Ketanot, Part II 212:1 (Krakow, 1897 [he])
חסר פניות	8	ויקיטקסט · נחלת הכלל	חוק הבוררות המסחרית הבין-לאומית
חסן	8	ויקינתונים (CC0)	L77889
כל אימת ש	8	ספריא · נחלת הכלל	Rif Halakhot Ketanot (Menachot) 8b:1 (Vilna Edition [he])
משבר	8	ויקינתונים (CC0)	L79593
מימים ימימה	8	ספריא · נחלת הכלל	Kitzur Ba'al HaTurim on Exodus 13:10:2 (On Your Way [he])
מני אז	8	ספריא · נחלת הכלל	Rashash on Bekhorot 20a:3 (Vilna Edition [he])
נבכי נפשו	8	לפי מילה: ויקינתונים · צורה (CC0)	נבכי=L214104 נפשו=L214889
נער חצנו	8	ספריא · נחלת הכלל	Rambam on Mishnah Shabbat 1:4:1 (Vilna edition [he])
נעתקו מלים מפיו	8	⚠ דרוש מקור	Darkhei Moshe (Amiel), Introduction 4 (Darkhei Moshe, Jerusalem 1998-2000 [he])	⚠ ההוכחה הוסרה · ספריא נחלת-הכלל · מהדורה 2000 · אומת חי מול ספריא: אין בספריא אף מהדורה עברית בנחלת הכלל שאינה מ-1929 ואילך · הגרסאות שנמצאו: Darkhei Moshe, Jerusalem 1998-2000 · הטענה הקודמת: ספריא · נחלת הכלל / Darkhei Moshe (Amiel), Introduction 4 (Darkhei Moshe, Jerusalem 1998-2000 [he])
נחתום	8	ויקינתונים (CC0)	L214422
פשר	8	ויקינתונים (CC0)	L67585
פכר את ידיו	8	ספריא · נחלת הכלל	Lechem Mishneh on Mishneh Torah, Prayer and the Priestly Blessing 5:5:1 (ToratEmet [he])
פריץ	8	ויקינתונים (CC0)	L81144
קלות ראש	8	ספריא · נחלת הכלל	Korban HaEdah on Jerusalem Talmud Megillah 3:3:3:1 (1536 [he])
שריר וקים	8	⚠ דרוש מקור	Shulchan Arukh, Choshen Mishpat 44:9 (Torat Emet 363 [he])	⚠ ההוכחה הוסרה · הקאש מחזיר «שגיאה» לרפרנס הזה · לא רישיון נקי · אומת חי מול ספריא: יש בספריא 1 מהדורה עברית חופשית, והערך אינו מופיע בטקסט שלה · הגרסאות שנמצאו: Shulhan Arukh, Hoshen ha-Mishpat, Lemberg, 1898 | Torat Emet 363 | Torat Emet Freeware Shulchan Aruch · הטענה הקודמת: ספריא · נחלת הכלל / Shulchan Arukh, Choshen Mishpat 44:9 (Torat Emet 363 [he])
תנה את צרותיו	8	לפי מילה: ויקינתונים · צורה (CC0)	תנה=L215116 צרותיו=L67715
דש בעקביו	8	⚠ דרוש מקור	Shem MiShmuel, Eikev 4:8 (Sefer Shem Mishmuel, Piotrkow, 1927-1934 [he])	⚠ ההוכחה הוסרה · ספריא נחלת-הכלל · מהדורה 1934 · אומת חי מול ספריא: אין בספריא אף מהדורה עברית בנחלת הכלל שאינה מ-1929 ואילך · הגרסאות שנמצאו: Sefer Shem Mishmuel, Piotrkow, 1927-1934 · הטענה הקודמת: ספריא · נחלת הכלל / Shem MiShmuel, Eikev 4:8 (Sefer Shem Mishmuel, Piotrkow, 1927-1934 [he])
העתיר	8	ויקינתונים (CC0)	L208504
משובת נעורים	8	⚠ דרוש מקור	משובה
נפל על אזנים ערלות	8	ויקיטקסט · נחלת הכלל	הספרות והסופר העברי
עמד מנגד	8	ספריא · נחלת הכלל	Havot Yair 66:7 (Chavot Yair, Lemberg, 1896 [he])
זרה מלח על הפצעים	8	⚠ דרוש מקור	ערך: זרה מלח על הפצעים
הפליא את מכותיו	8	ספריא · נחלת הכלל	Kli Yakar on Numbers 25:14:1 (On Your Way [he])
יד רוחצת יד	8	ויקיטקסט · נחלת הכלל	חבל נחלתו יד סב
כבד לשון	8	ספריא · נחלת הכלל	Haamek Davar on Exodus 4:12:2 (Sefer Torat Elohim, Vilna 1879 [he])
מליץ ישר	8	ויקיטקסט · נחלת הכלל	אמונים כגהו מתוך בהו
נחמה פורתא	8	⚠ דרוש מקור	Justice in the Jewish State according to the Torah 17:12 (Tel Aviv, 1936 [he])	⚠ ההוכחה הוסרה · ספריא נחלת-הכלל · מהדורה 1936 · אומת חי מול ספריא: אין בספריא אף מהדורה עברית בנחלת הכלל שאינה מ-1929 ואילך · הגרסאות שנמצאו: Tel Aviv, 1936 · הטענה הקודמת: ספריא · נחלת הכלל / Justice in the Jewish State according to the Torah 17:12 (Tel Aviv, 1936 [he])
קשר לו כתרים	8	ספריא · נחלת הכלל	Peri Tzadik, Rosh Chodesh Elul 1:2 (Pri Tzaddik, Lublin, 1901 [he])
בית מרזח	8	ויקינתונים (CC0)	L76311
הקדיח	8	ויקינתונים (CC0)	L208702
עגמת נפש	8	ספריא · נחלת הכלל	Prisha, Orach Chayim 151:7:1 (Tur Orach Chaim, Vilna, 1923 [he])
סגלה	8	ויקינתונים (CC0)	L79978
הלה	8	ויקינתונים (CC0)	L489991
תהפוכות	8	ספריא · נחלת הכלל	Shadal on Deuteronomy 32:20:3 (Shadal first edition, Padua 1871 [he])
מקלעת	8	ויקינתונים (CC0)	L213765
נדח	8	ויקינתונים (CC0)	L214490
התנוסס	8	ויקינתונים (CC0)	L209823
עד מהרה	8	ספריא · נחלת הכלל	Metzudat David on Psalms 147:15:2 (On Your Way [he])
על נקלה	8	ויקינתונים (CC0)	L214965
דבה	8	ויקינתונים (CC0)	L76825
פריך	8	ויקינתונים (CC0)	L217266
ערוגה	8	ויקינתונים (CC0)	L80599
אברה	8	ויקינתונים (CC0)	L63651
נכלים	8	ספריא · נחלת הכלל	Rashi on Genesis 37:18:1 (On Your Way [he])	⟵ הוחלף למהדורה חופשית · אומת חי מול ספריא: «On Your Way» · רישיון Public Domain · אין בשם המהדורה שנה 1929 ואילך · הרצף «נכלים» נמצא בטקסט הגרסה · הטענה הקודמת: ספריא · נחלת הכלל / Rashi on Genesis 37:18:1 (Pentateuch with Rashi's commentary by M. Rosenbaum and A.M. Silbermann, 1929-1934 [he])
אבה	8	ויקינתונים (CC0)	L204315
הואיל	8	ויקינתונים (CC0)	L207001
נקעה נפשו	8	ויקיטקסט · נחלת הכלל	דורות הראשונים/כרך ב/פרק לו
רחש כבוד	8	⚠ דרוש מקור	כבוד
נצר לשונו	8	לפי מילה: ויקינתונים · צורה (CC0) + ויקינתונים · כתיב מלא/חסר (CC0)	נצר=L208693 לשונו=L208194
קצרה ידו	8	ספריא · נחלת הכלל	Metzudat David on Psalms 77:12:1 (On Your Way [he])
נפל דבר	8	ספריא · נחלת הכלל	Metzudat David on Isaiah 48:6:2 (On Your Way [he])
פרי הלולים	8	ספריא · נחלת הכלל	Nineteen Letters 1:8 (Iggerot Tzfun, Vilna 1890 [he])
השכם והערב	8	ספריא · נחלת הכלל	Etz Yosef on Ruth Rabbah 2:20:3 (Midrash Rabbah, with Etz Yosef, Warsaw, 1867 [he])
בין הערבים	8	ספריא · נחלת הכלל	Rabbeinu Chananel on Pesachim 59a:1 (Vilna Edition [he])
אישון לילה	8	ספריא · נחלת הכלל	Malbim on Psalms 58:9:1 (On Your Way [he])
מאור פנים	8	ספריא · נחלת הכלל	Notes and Corrections on Midrash Aggadah, Numbers 6:14 (Midrash Aggadah, ed. Buber, Vienna, 1894. [he])
ברב עם	8	ספריא · נחלת הכלל	Rashi on Pesachim 64b:15:2 (Vilna Edition [he])
גרדום	8	ויקינתונים (CC0)	L76756
ברדס	8	ויקינתונים (CC0)	L205931
מחתה	8	ויקינתונים (CC0)	L78995
דחי	8	ספריא · נחלת הכלל	Rabbeinu Gershom on Taanit 28b:2 (Vilna Edition [he])
פעה	8	ויקינתונים (CC0)	L217062
חלכאי	8	ספריא · Tanach with Nikkud (Public Domain)	Psalms 10:10 · «חֵלְכָּאִים»
פיד	8	ספריא · נחלת הכלל	Netinah LaGer, Exodus 8:19:1 (Vilna, 1876 [he])
סד	8	ויקינתונים (CC0)	L215176
רש	8	ויקינתונים (CC0)	L219141
שחל	8	ויקינתונים (CC0)	L219417
יערה	8	ויקינתונים (CC0)	L211832
ליש	8	ויקינתונים (CC0)	L78687
טלף	8	ויקינתונים (CC0)	L78087
יצול	8	ויקינתונים (CC0)	L78296
נחשתים	8	ויקינתונים (CC0)	L79797
פדחת	8	ויקינתונים (CC0)	L80664
שביס	8	ויקינתונים (CC0)	L219207
קנוקנת	8	ויקינתונים (CC0)	L81678
צלין	8	ויקינתונים (CC0)	L81332
קבס	8	ויקינתונים (CC0)	L217776
קרדם	8	ויקינתונים (CC0)	L81745
זרד	8	ויקינתונים (CC0)	L77666
אמיר	8	ויקינתונים (CC0)	L75545
פארה	8	ויקינתונים (CC0)	L80641
דבלה	8	ויקינתונים (CC0)	L76841
מבדוק	8	ויקינתונים (CC0)	L78738
מחבצה	8	⚠ דרוש מקור	חבוץ
שדמה	8	ויקינתונים (CC0)	L82122
מכמרת	8	ויקינתונים (CC0)	L79157
קסת	8	ויקינתונים (CC0)	L67925
מורג	8	ויקינתונים (CC0)	L78902
לסטים	8	ויקינתונים (CC0)	L65967
חך	8	ויקינתונים (CC0)	L65268
בלדר	8	ויקינתונים (CC0)	L76338
כבשן	8	ויקינתונים (CC0)	L78344
עבוט	8	ויקינתונים (CC0)	L67148
תרן	8	ויקינתונים (CC0)	L82612
נשיא	8	ויקינתונים (CC0)	L215054
נוקד	8	ויקינתונים (CC0)	L214300
ספר	8	ויקינתונים (CC0)	L215776
שתדלן	8	ויקינתונים (CC0)	L219899
שכלתן	8	ויקינתונים (CC0)	L219642
הכלים	8	ויקינתונים (CC0)	L208120
חבוט	8	ויקינתונים (CC0)	L210555
מצועצע	8	ויקינתונים (CC0)	L213693
ארכה	8	ויקינתונים (CC0)	L76043
אבניים	8	ויקינתונים (CC0)	L204339
אכסניה	8	ויקינתונים (CC0)	L75432
אצטבה	8	ויקינתונים (CC0)	L75920
ברא	8	ויקינתונים (CC0)	L491566
בשויון נפש	8	⚠ דרוש מקור	Sermons Unto My People, The High Holidays 32:48 (Derashot El Ami, Jerusalem 1936 [he])	⚠ ההוכחה הוסרה · ספריא נחלת-הכלל · מהדורה 1936 · אומת חי מול ספריא: אין בספריא אף מהדורה עברית בנחלת הכלל שאינה מ-1929 ואילך · הגרסאות שנמצאו: Derashot El Ami, Jerusalem 1936 · הטענה הקודמת: ספריא · נחלת הכלל / Sermons Unto My People, The High Holidays 32:48 (Derashot El Ami, Jerusalem 1936 [he])
התערטל	8	ויקינתונים (CC0)	L209976
זרה חול בעיניו	8	ספריא · נחלת הכלל	Shenei Luchot HaBerit, Shaar HaOtiyot, Shetikah 12 (Shenei Luchot HaBrit, based on Amsterdam, 1698 ed. Part I [he])
חציר	8	ויקינתונים (CC0)	L77915
עומד בעינו	8	ספריא · נחלת הכלל	Tosafot Rid on Avodah Zarah Third Recension 39a:1 (Tosafot Rid, Lemberg, 1861  [he])
על אפו ועל חמתו	8	ספריא · נחלת הכלל	Shadal on Exodus 22:16:1 (Shadal first edition, Padua 1871 [he])
פריטה	8	ויקינתונים (CC0)	L217262
פשט יד	8	ספריא · נחלת הכלל	Beur HaRadal on Pirkei DeRabbi Eliezer 26:14 (Warsaw, 1852 [he])
רך לבב	8	⚠ דרוש מקור	Shem MiShmuel, Bo 3:4 (Sefer Shem Mishmuel, Piotrkow, 1927-1934 [he])	⚠ ההוכחה הוסרה · ספריא נחלת-הכלל · מהדורה 1934 · אומת חי מול ספריא: אין בספריא אף מהדורה עברית בנחלת הכלל שאינה מ-1929 ואילך · הגרסאות שנמצאו: Sefer Shem Mishmuel, Piotrkow, 1927-1934 · הטענה הקודמת: ספריא · נחלת הכלל / Shem MiShmuel, Bo 3:4 (Sefer Shem Mishmuel, Piotrkow, 1927-1934 [he])
מלח	9	ויקינתונים (CC0)	L66302
נאקה	9	ויקינתונים (CC0)	L66676
סהרורי	9	ויקינתונים (CC0)	L215191
חרוש	9	ויקינתונים (CC0)	L211141
אדרה	9	ויקינתונים (CC0)	L75038
ארכבה	9	ויקינתונים (CC0)	L76042
אשמאי	9	ויקינתונים (CC0)	L205438
אונקיה	9	ויקינתונים (CC0)	L75149
ליברה	9	ויקינתונים (CC0)	L78651
קב	9	ויקינתונים (CC0)	L217756
איפה	9	ויקינתונים (CC0)	L63914
אוטוקרטיה	9	ויקינתונים (CC0)	L63754
בלתי אמצעי	9	ספריא · נחלת הכלל	Sforno on Genesis 17:7:1 (Vocalized Edition [he])
גבן	9	ויקינתונים (CC0)	L76548
גדם	9	ויקינתונים (CC0)	L206056
חפתים	9	⚠ דרוש מקור	חפת
חט	9	ויקינתונים (CC0)	L77782
לבירינת	9	ויקינתונים (CC0)	L78560
להד"ם	9	ויקיטקסט · נחלת הכלל	תהלים צט/ניקוד
מטרונה	9	ויקינתונים (CC0)	L79038
פיתום	9	ויקינתונים (CC0)	L80869
קצרנות	9	ויקינתונים (CC0)	L81730
אניגמה	9	⚠ דרוש מקור	תעלומה
אשתקד	9	ויקינתונים (CC0)	L491986
אדרבה	9	ויקינתונים (CC0)	L492106
אוב	9	ויקינתונים (CC0)	L75051
טומן בחבו	9	⚠ דרוש מקור	פשוט
בנפשו הדבר	9	⚠ דרוש מקור	Sha'arei HaYichud VeEmunah, Second Gate 38:2 (Jerusalem, 1990 [he])	⚠ ההוכחה הוסרה · ספריא נחלת-הכלל · מהדורה 1990 · אומת חי מול ספריא: אין בספריא אף מהדורה עברית בנחלת הכלל שאינה מ-1929 ואילך · הגרסאות שנמצאו: Jerusalem, 1990 · הטענה הקודמת: ספריא · נחלת הכלל / Sha'arei HaYichud VeEmunah, Second Gate 38:2 (Jerusalem, 1990 [he])
בקש על נפשו	9	ספריא · נחלת הכלל	Matnot Kehunah on Bereshit Rabbah 91:8:2 (Midrash Rabbah, Vilna, 1878 [he])
גדיל	9	ויקינתונים (CC0)	L76565
גמר עליו את ההלל	9	ספריא · נחלת הכלל	Turei Zahav on Shulchan Arukh, Orach Chayim 489:11 (Maginei Eretz: Shulchan Aruch Orach Chaim, Lemberg, 1893 [he])
דברי חלקות	9	ספריא · נחלת הכלל	Ibn Ezra on Isaiah 30:10:4 (Ibn Ezra on Isaiah, by M. Friedlander; Society of Hebrew Literature, London 1877 [he])
דחה אותו בקש	9	ספריא · נחלת הכלל	Me'irat Einayim on Shulchan Arukh, Choshen Mishpat 176:21 (Shulhan Arukh, Hoshen ha-Mishpat; Lemberg, 1898 [he])
הסתופף בצלו	9	ספריא · נחלת הכלל	Shoshanat HaAmakim on Song of Songs 2:3:1 (Alshich on Five Megillot, Warsaw, 1862 [he])
הצמית	9	ויקינתונים (CC0)	L208680
הסיר את הלוט	9	לפי מילה: ויקינתונים · צורה (CC0) + ויקינתונים · כתיב מלא/חסר (CC0)	הסיר=L208322 הלוט=L207198
האפיל	9	ויקינתונים (CC0)	L206823
החשה	9	ויקינתונים (CC0)	L207665
וירטואוז	9	ויקינתונים (CC0)	L210298
זלזל	9	ויקינתונים (CC0)	L210461
יצא חוצץ	9	ספריא · נחלת הכלל	Ritva on Rosh Hashanah 27b:15 (Chiddushei HaRitva, Konigsberg, 1858. [he])
יצא לשוח	9	ספריא · נחלת הכלל	Beit Elohim, Shaar HaTefilah 14:6 (Warsaw, 1872 [he])
ללא כחל וסרק	9	ויקיטקסט · נחלת הכלל	מרכז הפרשה ביהושע שופטים/פרשה י"א
למשעי	9	ויקינתונים (CC0)	L492047
למפרע	9	ויקינתונים (CC0)	L492045
לפני ולפנים	9	ספריא · נחלת הכלל	Rashi on Shevuot 13b:5:2 (Vilna Edition [he])
לוט בערפל	9	ויקיטקסט · נחלת הכלל	צידה לדרך מפרשות השבוע/פרשת כי תשא
משובב נפש	9	ספריא · נחלת הכלל	Nishmat Chayyim, Fourth Treatise 7:3 (Warsaw, 1876 [he])
מגדנות	9	ספריא · נחלת הכלל	Rashi on Ketubot 73b:9:4 (Vilna Edition [he])
מינות	9	ויקינתונים (CC0)	L213205
נדבך	9	ויקינתונים (CC0)	L79714
נטש	9	ויקינתונים (CC0)	L214457
נקרה	9	ויקינתונים (CC0)	L214984
ספק את כפיו	9	ספריא · נחלת הכלל	Abarbanel on Torah, Numbers 23:13:2 (Torah Commentary of Yitzchak Abarbanel, Warsaw 1862 [he])
סעד את לבו	9	⚠ דרוש מקור	Shem MiShmuel, Vayera 6:4 (Sefer Shem Mishmuel, Piotrkow, 1927-1934 [he])	⚠ ההוכחה הוסרה · ספריא נחלת-הכלל · מהדורה 1934 · אומת חי מול ספריא: אין בספריא אף מהדורה עברית בנחלת הכלל שאינה מ-1929 ואילך · הגרסאות שנמצאו: Sefer Shem Mishmuel, Piotrkow, 1927-1934 · הטענה הקודמת: ספריא · נחלת הכלל / Shem MiShmuel, Vayera 6:4 (Sefer Shem Mishmuel, Piotrkow, 1927-1934 [he])
עבדקן	9	ויקינתונים (CC0)	L80456
עועים	9	ספריא · נחלת הכלל	Ibn Ezra on Isaiah 19:14:2 (Ibn Ezra on Isaiah, by M. Friedlander; Society of Hebrew Literature, London 1877 [he])
עפר	9	ויקינתונים (CC0)	L67289
פנכה	9	ויקינתונים (CC0)	L80971
צוער	9	ויקינתונים (CC0)	L81257
צור מחצבתו	9	⚠ דרוש מקור	Hegyonot El Ami, Volume I, Yom Kippur 43:8 (Antwerp, 1933-1936 [he])	⚠ ההוכחה הוסרה · ספריא נחלת-הכלל · מהדורה 1936 · אומת חי מול ספריא: אין בספריא אף מהדורה עברית בנחלת הכלל שאינה מ-1929 ואילך · הגרסאות שנמצאו: Antwerp, 1933-1936 · הטענה הקודמת: ספריא · נחלת הכלל / Hegyonot El Ami, Volume I, Yom Kippur 43:8 (Antwerp, 1933-1936 [he])
קסרקטין	9	ויקינתונים (CC0)	L81694
קרוץ	9	ויקינתונים (CC0)	L218476
רעמה	9	ויקינתונים (CC0)	L82032
רבץ לפתחו	9	לפי מילה: ויקינתונים · צורה (CC0) + ויקיטקסט · נחלת הכלל	רבץ=L218637 לפתחו=מלבי"ם על תהלים קה כ
מרצע	9	ויקינתונים (CC0)	L79560
שרירות לב	9	ספריא · נחלת הכלל	Likutei Moharan 25:4:18 (Likutei Moharan - rabenubook.com [he])
תולדה	9	ויקינתונים (CC0)	L68579
אנקדוטה	9	ויקינתונים (CC0)	L205123
אינהרנטי	9	ויקינתונים (CC0)	L204805
איש מדון	9	ויקינתונים (CC0)	L75419
אשכר	9	ויקינתונים (CC0)	L76086
זבד	9	ויקינתונים (CC0)	L77585
אבנט	9	ויקינתונים (CC0)	L63640
אברך	9	ויקינתונים (CC0)	L228531
אפסר	9	ויקינתונים (CC0)	L75897
אחז את השור בקרניו	9	ספריא · נחלת הכלל	Arukh HaShulchan, Choshen Mishpat 405:8 (Aruch HaShulchan, Choshen Mishpat. Vilna 1923-29 [he])
אריח	9	ויקינתונים (CC0)	L64114
אריס	9	ויקינתונים (CC0)	L205391
אשיות	9	ספריא · נחלת הכלל	Ezra ben Solomon on Song of Songs 2:5:1 (Chamesh Megillot, Warsaw 1875 [he])
בלי משים	9	ספריא · נחלת הכלל	Rav Peninim on Proverbs 21:12:4 (Rav Peninim, Warsaw 1876 [he])
בלתי נלאה	9	ספריא · נחלת הכלל	Torat HaOlah, Part Two 16:4 (Torat HaOlah, based on Prague, 1570 and Lemberg, 1858 editions  [he])
דוברה	9	ויקינתונים (CC0)	L76913
הלין	9	ויקינתונים (CC0)	L208180
השליך יהבו על	9	⚠ דרוש מקור	Ohr HaChammah on Zohar 2:22a:37 (Ohr Hachama, Peremyshl, 1896-1898 [he])	⚠ ההוכחה הוסרה · הקאש מחזיר «שגיאת רשת» לרפרנס הזה · לא רישיון נקי · אומת חי מול ספריא: יש בספריא 1 מהדורה עברית חופשית, והערך אינו מופיע בטקסט שלה · הגרסאות שנמצאו: Ohr Hachama, Peremyshl, 1896-1898 · הטענה הקודמת: ספריא · נחלת הכלל / Ohr HaChammah on Zohar 2:22a:37 (Ohr Hachama, Peremyshl, 1896-1898 [he])
התקשט בנוצות זרים	9	לפי מילה: ויקינתונים · צורה (CC0) + ויקיטקסט · נחלת הכלל	התקשט=L210160 בנוצות=מלבי"ם על תהלים קג ה זרים=L65102
היה בעוכריו	9	ספריא · נחלת הכלל	Metzudat David on Job 32:13:1 (On Your Way [he])
הולך בתלם	9	ספריא · נחלת הכלל	HaKtav VeHaKabalah, Genesis 25:8:1 (HaKtav VeHaKabbalah, Frankfurt 1880 [he])
הדרכה מנוחתו	9	לפי מילה: ויקינתונים · צורה (CC0)	הדרכה=L64799 מנוחתו=L66350
חגוים	9	ספריא · נחלת הכלל	Minchat Shai on Ezekiel 48:19:1 (Minchat Shai [he])
חיל ורעדה	9	ספריא · נחלת הכלל	Metzudat Zion on Psalms 77:11:1 (On Your Way [he])	⟵ אומת חי · המהדורה שכבר צוטטה · אומת חי מול ספריא: «On Your Way» · רישיון Public Domain · אין בשם המהדורה שנה 1929 ואילך · הרצף «חיל ורעדה» נמצא בטקסט הגרסה · הטענה הקודמת: ספריא · נחלת הכלל / Metzudat Zion on Psalms 77:11:1 (On Your Way [he])
חכלילי	9	ויקינתונים (CC0)	L210911
יורד ים	9	ויקינתונים (CC0)	L78248
כלונס	9	ויקינתונים (CC0)	L78416
כחו יפה	9	ספריא · נחלת הכלל	Perush Maharzu on Bereshit Rabbah 50:2:6 (Midrash Rabbah, Vilna, 1878 [he])
לאלתר	9	ספריא · נחלת הכלל	Rashi on Ketubot 12a:2:2 (Vilna Edition [he])
לסרוגין	9	ספריא · נחלת הכלל	Nimukei Yosef on Bava Kamma 19a:1 (Vilna Edition [he])
לבה את היצרים	9	⚠ דרוש מקור	ערך: לבה את היצרים
מכרכם	9	ויקינתונים (CC0)	L213304
משכבר הימים	9	ספריא · נחלת הכלל	Torah Temimah on Lamentations 2:8:1 (Torah Temimah, Vilna, 1904 [he])
מדמנה	9	ויקינתונים (CC0)	L212683
מחמל נפשו	9	ספריא · נחלת הכלל	The Antiquities of the Jews 1:13:1 (Yemei am olam, trans. Kalman Schulman. Vilna, 1886 [he])
נחר	9	ויקינתונים (CC0)	L214403
נוח לבריות	9	ספריא · נחלת הכלל	Rashi on Taanit 16a:17:3 (Vilna Edition [he])
נפך	9	ויקינתונים (CC0)	L79882
סמוך על שלחנו	9	ספריא · נחלת הכלל	Teshuvot haRashba Meyuchas LehaRamban 213:1 (Warsaw 1883 [he])
ערכאה	9	ויקינתונים (CC0)	L80611
עמיל	9	ויקינתונים (CC0)	L216181
שם פעמיו	9	ספריא · נחלת הכלל	The Book of Maccabees I 5:34 (43747 [he])
פזור נפש	9	⚠ דרוש מקור	Shem MiShmuel, Ki Tavo 7:21 (Sefer Shem Mishmuel, Piotrkow, 1927-1934 [he])	⚠ ההוכחה הוסרה · ספריא נחלת-הכלל · מהדורה 1934 · אומת חי מול ספריא: אין בספריא אף מהדורה עברית בנחלת הכלל שאינה מ-1929 ואילך · הגרסאות שנמצאו: Sefer Shem Mishmuel, Piotrkow, 1927-1934 · הטענה הקודמת: ספריא · נחלת הכלל / Shem MiShmuel, Ki Tavo 7:21 (Sefer Shem Mishmuel, Piotrkow, 1927-1934 [he])
פרדוקס	9	ויקינתונים (CC0)	L67533
פורק על	9	ויקינתונים (CC0)	L216587
צבה	9	ויקינתונים (CC0)	L217449
קבל עם ועדה	9	ויקיטקסט · נחלת הכלל	מושב יעד - סיפורים ואנקדוטות/עליה לקרקע
קרם עור וגידים	9	ויקיטקסט · נחלת הכלל	לאורה של תורה/שמות
קונדסות	9	ויקינתונים (CC0)	L217935
רבבה	9	ויקינתונים (CC0)	L68033
עלתה קרנו	9	⚠ דרוש מקור	קרן
שכיב מרע	9	ספריא · נחלת הכלל	Mishnah Bava Batra 9:6 (Torat Emet 357 [he])
שת לבו	9	ספריא · נחלת הכלל	Alshekh on Torah, Exodus 9:19:2 (Torat Moshe, Warsaw, 1875 [he])
שומה	9	ויקינתונים (CC0)	L82150
תמוכין	9	ספריא · נחלת הכלל	Yesod VeShoresh HaAvodah, Shaar HaKollel 3:40 (Warsaw, 1875 [he])
תער	9	ויקינתונים (CC0)	L82534
ספורדי	9	ויקינתונים (CC0)	L215741
לקוני	9	ויקינתונים (CC0)	L212506
קוהרנטי	9	ויקינתונים (CC0)	L217835
לטנטי	9	ויקינתונים (CC0)	L212396
אמפירי	9	ויקינתונים (CC0)	L205023
אסקפה נדרסת	9	⚠ דרוש מקור	ערך: אסקפה נדרסת
עינים טרוטות	9	ספריא · נחלת הכלל	Hafla'ah ShebaArakhin on Sefer HeArukh, Letter Tet 52 (Sefer HeArukh, Lublin 1883 [he])
חדל אישים	9	ספריא · נחלת הכלל	Teshuvot HaRosh 2:14:14 (She'elot u'Teshuvot haRosh, Vilna, 1881 [he])
חזות קשה	9	ספריא · נחלת הכלל	Kuntres Peleitat Sefarim, Letter Chet 17:1 (Podgorze, 1905 (Wikisource edition) [he])
חזון נפרץ	9	ספריא · נחלת הכלל	Metzudat David on I Samuel 3:1:3 (On Your Way [he])
כצנינים בעיניו	9	ויקיטקסט · נחלת הכלל	על הדרך
שבעה מונים	9	ספריא · נחלת הכלל	Shulchan Arukh, Yoreh De'ah 375:4 (Ashlei Ravrevei: Shulchan Aruch Yoreh Deah, Lemberg, 1888 [he])
אחת דתו	9	ספריא · נחלת הכלל	Second Version of Ibn Ezra on Esther 4:11:2 (Ibn Ezra's Commentary on the Book of Esther, London, 1850. [he])
בהן צדק	9	ספריא · נחלת הכלל	Otzar Midrashim, Sefer Yetzirah 4:9 (Otzar Midrashim, New York, 1915 [he])
אכזב	9	ויקינתונים (CC0)	L204905
חלום באספמיא	9	ספריא · נחלת הכלל	Sod Yesharim, The Eighth Day of Pesach 24:8 (Sod Yesharim, Warsaw 1902-1908 [he])
בלאט	9	ספריא · נחלת הכלל	Metzudat David on Judges 4:21:2 (On Your Way [he])
חריט	9	ויקינתונים (CC0)	L77944
ענבל	9	ויקינתונים (CC0)	L67271
קוף המחט	9	ספריא · A dictionary of the Talmud, London, 1927 (Public Domain)	A Dictionary of the Talmud, חֲרִיר
שבשבת	9	ויקינתונים (CC0)	L82107
עלי	9	ויקינתונים (CC0)	L216085
קת	9	ויקינתונים (CC0)	L81862
טפח	9	ויקינתונים (CC0)	L211485
דיה	9	ויקינתונים (CC0)	L64679
זרזיר	9	ויקינתונים (CC0)	L65104
עלה בקנה אחד	9	ספריא · נחלת הכלל	Or HaChaim on Numbers 18:3:15 (Vocalized Edition [he])
גילדה	9	ויקינתונים (CC0)	L76620
מנשר	9	ויקינתונים (CC0)	L79300
גלימה	9	ויקינתונים (CC0)	L76673
בית נכות	9	ספריא · נחלת הכלל	Toratan shel Rishonim, Title Page 1 (Toratan shel Rishonim, Frankfurt am Main, 1881 [he])
מוך	9	ויקינתונים (CC0)	L78868
דפתר	9	ויקינתונים (CC0)	L77095
אמרה	9	ויקינתונים (CC0)	L75575
זולתן	9	ספריא · נחלת הכלל	Ezra ben Solomon on Song of Songs 2:2:2 (Chamesh Megillot, Warsaw 1875 [he])
סנורים	9	ספריא · נחלת הכלל	Machberet Menachem, Letter Samekh 40:1 (Mahberet Menahem, London, 1854. [he])
עוית	9	ויקינתונים (CC0)	L80493
חכירה	9	ויקינתונים (CC0)	L210909
קולן	9	ויקינתונים (CC0)	L67797
מלקחים	9	ספריא · נחלת הכלל	Rashi on Exodus 35:14:1 (On Your Way [he])	⟵ הוחלף למהדורה חופשית · אומת חי מול ספריא: «On Your Way» · רישיון Public Domain · אין בשם המהדורה שנה 1929 ואילך · הרצף «מלקחים» נמצא בטקסט הגרסה · הטענה הקודמת: ספריא · נחלת הכלל / Rashi on Exodus 35:14:1 (Pentateuch with Rashi's commentary by M. Rosenbaum and A.M. Silbermann, 1929-1934 [he])
רכב	9	ויקינתונים (CC0)	L218939
תיתורה	9	⚠ דרוש מקור	ערך: תיתורה
כלים שלובים	9	ויקיטקסט · נחלת הכלל	ערך: כלים שלובים
ידו על התחתונה	9	ספריא · נחלת הכלל	Mishnah Bava Metzia 6:2 (Torat Emet 357 [he])
מאין כמוהו	9	ספריא · נחלת הכלל	Metzudat David on Jeremiah 30:7:2 (On Your Way [he])
סדקית	9	ויקינתונים (CC0)	L79988
על קצה המזלג	9	⚠ דרוש מקור	ערך: על קצה המזלג
החזיר עטרה לישנה	9	לפי מילה: ויקינתונים · צורה (CC0) + ויקינתונים · כתיב מלא/חסר (CC0)	החזיר=L207609 עטרה=L216036 לישנה=L212520
אין עליו עוררין	9	ספריא · נחלת הכלל	Ran on Ketubot 11a:8 (Vilna Edition [he])
סיח	9	ויקינתונים (CC0)	L215455
אותיות קדוש לבנה	9	⚠ דרוש מקור	Ben Yehoyada on Bava Batra 75b:2 (Senlake edition 2019 based on Ben Yehoyada, Jerusalem, 1897 [he])	⚠ ההוכחה הוסרה · ספריא נחלת-הכלל · מהדורה 2019 · אומת חי מול ספריא: אין בספריא אף מהדורה עברית בנחלת הכלל שאינה מ-1929 ואילך · הגרסאות שנמצאו: Senlake edition 2019 based on Ben Yehoyada, Jerusalem, 1897 · הטענה הקודמת: ספריא · נחלת הכלל / Ben Yehoyada on Bava Batra 75b:2 (Senlake edition 2019 based on Ben Yehoyada, Jerusalem, 1897 [he])
מרבק	9	ספריא · נחלת הכלל	Malbim Beur Hamilot on Jeremiah 46:21:1 (On Your Way [he])
התעתד	9	ויקינתונים (CC0)	L209988
בן דמותו	9	ספריא · נחלת הכלל	Tzror HaMor on Torah, Genesis 8:9:3 (Tzeror Hamor, Warsaw, 1879 [he])
לבלר	9	ויקינתונים (CC0)	L78561
שריג	9	ויקינתונים (CC0)	L219863
סמדר	9	ויקינתונים (CC0)	L80264
חנט	9	ויקינתונים (CC0)	L211030
אל נכון	9	ויקינתונים (CC0)	L214634
אסדה	9	ויקינתונים (CC0)	L75779
עד הלום	9	ספריא · נחלת הכלל	Perush Maharzu on Ruth Rabbah 5:6:2 (Midrash Rabbah, Vilna, 1878 [he])
אנה ואנה	9	ספריא · נחלת הכלל	Minchat Shai on II Kings 5:25:2 (Minchat Shai [he])
ארכוף	9	ויקינתונים (CC0)	L76044
יש דברים בגו	9	⚠ דרוש מקור	Sermons Unto My People, Chanuka, Purim, and Special Shabbatot 17:100 (Derashot El Ami, Jerusalem 1936 [he])	⚠ ההוכחה הוסרה · ספריא נחלת-הכלל · מהדורה 1936 · אומת חי מול ספריא: אין בספריא אף מהדורה עברית בנחלת הכלל שאינה מ-1929 ואילך · הגרסאות שנמצאו: Derashot El Ami, Jerusalem 1936 · הטענה הקודמת: ספריא · נחלת הכלל / Sermons Unto My People, Chanuka, Purim, and Special Shabbatot 17:100 (Derashot El Ami, Jerusalem 1936 [he])
ברסקי	9	ויקינתונים (CC0)	L205638
אזוטרי	9	ויקינתונים (CC0)	L204619
אפילוג	9	ויקינתונים (CC0)	L75881
פרולוג	9	ויקינתונים (CC0)	L81087
הדוניזם	9	ויקינתונים (CC0)	L64792
ארכיפלג	9	ויקינתונים (CC0)	L64117
ארכאי	9	ויקינתונים (CC0)	L205399
קתדרה	9	ויקינתונים (CC0)	L81863
פלצור	9	ויקינתונים (CC0)	L80937
תתרן	9	ויקינתונים (CC0)	L220468
אימום	9	ספריא · נחלת הכלל	German Commentary on Mishnah Kelim 26:4:19 (6811 [en])
אבן משחזת	9	ויקינתונים (CC0)	L63639
בלית בררה	9	⚠ דרוש מקור	ערך: בלית בררה
בלשנות	9	ויקינתונים (CC0)	L64306
דקדקן	9	ויקינתונים (CC0)	L206732
חזר לסורו	9	ספריא · נחלת הכלל	Tosafot Rabbi Akiva Eiger on Mishnah Nedarim 9:3:3 (Vilna, 1908-1909 [he])
חרף את נפשו	9	ספריא · נחלת הכלל	The War of the Jews 1:17:6 (The Jewish Wars, trans. Y.N. Simhoni, Warsaw, 1923 [he])
לרועץ	9	⚠ דרוש מקור	Hegyonot El Ami, Volume I, Yom Kippur 36:12 (Antwerp, 1933-1936 [he])	⚠ ההוכחה הוסרה · ספריא נחלת-הכלל · מהדורה 1936 · אומת חי מול ספריא: אין בספריא אף מהדורה עברית בנחלת הכלל שאינה מ-1929 ואילך · הגרסאות שנמצאו: Antwerp, 1933-1936 · הטענה הקודמת: ספריא · נחלת הכלל / Hegyonot El Ami, Volume I, Yom Kippur 36:12 (Antwerp, 1933-1936 [he])
מלקוש	9	ויקינתונים (CC0)	L213391
מפליא מכותיו	9	לפי מילה: ויקינתונים · צורה (CC0) + ויקינתונים · כתיב מלא/חסר (CC0)	מפליא=L208536 מכותיו=L207155
נבול	9	ויקינתונים (CC0)	L214083
נשבר מטה לחמו	9	⚠ דרוש מקור	מטה לחם
פלבל	9	ויקיטקסט · נחלת הכלל	פרוזה (ביאליק)/ספיח — "ואני מפלבל בעיני"
צרות עין	9	ספריא · נחלת הכלל	Etz Yosef on Devarim Rabbah 6:8:3 (Midrash Rabbah with Etz Yosef, Warsaw, 1867 [he])
קו פרשת המים	9	ספריא · נחלת הכלל	Rashi on Chullin 141a:14:2 (Vilna Edition [he])
קולר	9	ויקינתונים (CC0)	L81492
שטח תחנוניו	9	לפי מילה: ויקינתונים · צורה (CC0)	שטח=L219438 תחנוניו=L68612
שנוי במחלקת	9	ספריא · נחלת הכלל	Kisse Rahamim on Tractate Soferim 3:13:6 (Kisse Rahamim, Livorno, 1803 [he])
שנס	9	ויקינתונים (CC0)	L219564
שנע	9	ויקינתונים (CC0)	L219565
תחם	9	ויקינתונים (CC0)	L220133
הלשין	9	ויקינתונים (CC0)	L208194
סאה	10	ויקינתונים (CC0)	L79959
חלמיש	10	ויקינתונים (CC0)	L65290
גזבר	10	ויקינתונים (CC0)	L64480
ולד	10	ויקינתונים (CC0)	L210308
נזר	10	ויקינתונים (CC0)	L79780
דביר	10	ויקינתונים (CC0)	L489952
קמאי	10	ויקינתונים (CC0)	L218313
מלוא חפניו	10	ספריא · נחלת הכלל	Yachin on Mishnah Yoma 4:38:1 (Mishnah, ed. Romm, Vilna 1913 [he])
ראם	10	ויקינתונים (CC0)	L68016
חלד	10	ויקינתונים (CC0)	L65278
הלך סחור סחור	10	ספריא · נחלת הכלל	Targum Jonathan on Ezekiel 41:10 (Mikraot Gedolot [he])
אין בו מתם	10	ספריא · נחלת הכלל	Ibn Ezra on Isaiah 1:6:2 (Ibn Ezra on Isaiah, by M. Friedlander; Society of Hebrew Literature, London 1877 [he])
על לא עול בכפו	10	⚠ דרוש מקור	Ben Yehoyada on Avodah Zarah 18a:2 (Senlake edition 2019 based on Ben Yehoyada, Jerusalem, 1897 [he])	⚠ ההוכחה הוסרה · ספריא נחלת-הכלל · מהדורה 2019 · אומת חי מול ספריא: אין בספריא אף מהדורה עברית בנחלת הכלל שאינה מ-1929 ואילך · הגרסאות שנמצאו: Senlake edition 2019 based on Ben Yehoyada, Jerusalem, 1897 · הטענה הקודמת: ספריא · נחלת הכלל / Ben Yehoyada on Avodah Zarah 18a:2 (Senlake edition 2019 based on Ben Yehoyada, Jerusalem, 1897 [he])
כחמר ביד היוצר	10	ספריא · נחלת הכלל	Machberet Menachem, Letter Tzadi 58:3 (Mahberet Menahem, London, 1854. [he])
עד חרמה	10	ספריא · נחלת הכלל	Targum Jonathan on Deuteronomy 1:44 (Targum Jonathan on Deuteronomy [he])
נול	10	ויקינתונים (CC0)	L79753
לג	10	ויקינתונים (CC0)	L1457751
רעלה	10	ויקינתונים (CC0)	L82030
מטלל	10	ספריא · נחלת הכלל	Sefer HeArukh, Letter Tet 84 (Sefer HeArukh, Lublin 1883 [he])	⟵ אומת חי · המהדורה שכבר צוטטה · אומת חי מול ספריא: «Sefer HeArukh, Lublin 1883» · רישיון Public Domain · אין בשם המהדורה שנה 1929 ואילך · הרצף «מטלל» נמצא בטקסט הגרסה · הטענה הקודמת: ספריא · נחלת הכלל / Sefer HeArukh, Letter Tet 84 (Sefer HeArukh, Lublin 1883 [he])
הלה	10	ויקינתונים (CC0)	L489991
תבן	10	ויקינתונים (CC0)	L219965
סח	10	ויקינתונים · צורה (CC0)	L207281
חזיון	10	ויקינתונים (CC0)	L210794
אם הדרך	10	ויקינתונים (CC0)	L75515
מבוי סתום	10	ספריא · נחלת הכלל	Rif Eruvin 3a:3 (Vilna Edition [he])
אות ומופת	10	⚠ דרוש מקור	Mishnat Rabbi Eliezer 6:20 (New York, 1934 [he])	⚠ ההוכחה הוסרה · ספריא נחלת-הכלל · מהדורה 1934 · אומת חי מול ספריא: אין בספריא אף מהדורה עברית בנחלת הכלל שאינה מ-1929 ואילך · הגרסאות שנמצאו: New York, 1934 · הטענה הקודמת: ספריא · נחלת הכלל / Mishnat Rabbi Eliezer 6:20 (New York, 1934 [he])
קלשון	10	ויקינתונים (CC0)	L218309
מזמרה	10	ויקינתונים (CC0)	L78935
נוטריקון	10	ויקינתונים (CC0)	L79739
אתון	10	ויקינתונים (CC0)	L64147
ברקאי	10	ויקינתונים (CC0)	L76463
סביל	10	ויקינתונים (CC0)	L215142
הקש	10	ויקינתונים (CC0)	L77436
סריס	10	ויקינתונים (CC0)	L80443
נסתם הגולל	10	ספריא · נחלת הכלל	Nimukei Yosef on Moed Katan 18a:8 (Vilna Edition [he])
הלך רכיל	10	ספריא · נחלת הכלל	Rashi on Ketubot 45b:12:3 (Vilna Edition [he])
שיג ושיח	10	ויקיטקסט · נחלת הכלל	החלטת בית המשפט המחוזי ירושלים ת"פ 67104-01-20 - 29 יוני 2023
נפסד	10	ויקינתונים (CC0)	L214868
כמר	10	ויקינתונים (CC0)	L65709
ענבר	10	ויקינתונים (CC0)	L67272
אזוב	10	ויקינתונים (CC0)	L63832
ערש דוי	10	ספריא · נחלת הכלל	Torah Temimah on Psalms 41:4:1 (On Your Way [he])
כסס	10	ויקינתונים (CC0)	L212165
נגלה אבן מעל לבו	10	ספריא · נחלת הכלל	Maggid Devarav leYaakov 99:2 (Maggid Devarav leYa'akov, Koretz, 1781 [he])
בוקק	10	ויקינתונים (CC0)	L205616
ידעוני	10	ויקינתונים (CC0)	L211735
זלות	10	ספריא · נחלת הכלל	Radak on Psalms 12:9:2 (13210 [he])
הכצעקתה	10	ויקינתונים (CC0)	L492226
גזרה שוה	10	⚠ דרוש מקור	Beur Reuven on Bava Kamma 5a:16 (Beur Reuven, New York 1955 [he])	⚠ ההוכחה הוסרה · ספריא נחלת-הכלל · מהדורה 1955 · אומת חי מול ספריא: אין בספריא אף מהדורה עברית בנחלת הכלל שאינה מ-1929 ואילך · הגרסאות שנמצאו: Beur Reuven, New York 1955 · הטענה הקודמת: ספריא · נחלת הכלל / Beur Reuven on Bava Kamma 5a:16 (Beur Reuven, New York 1955 [he])
נמנו וגמרו	10	ספריא · נחלת הכלל	Etz Yosef on Kohelet Rabbah 9:17:1:2 (Midrash Rabbah, with Etz Yosef, Warsaw, 1867 [he])
כרה אזנו	10	לפי מילה: ויקינתונים · צורה (CC0)	כרה=L212200 אזנו=L204728
לעג לרש	10	ספריא · נחלת הכלל	Beur HaGra on Shulchan Arukh, Yoreh De'ah 368:2 (Ashlei Ravrevei: Shulchan Aruch Yoreh Deah, Lemberg, 1888 [he])
מסית ומדיח	10	ספריא · נחלת הכלל	Tov haLevanon, Seventh Treatise on Repentance 9:37 (Chovat Halevavot, Warsaw 1875 [he])
אצבעון	10	ויקינתונים (CC0)	L64078
מרבץ	10	ויקינתונים (CC0)	L213795
כפח	10	ספריא · נחלת הכלל	Mishnah Menachot 5:9 (Torat Emet 357 [he])
חישור	10	ויקינתונים (CC0)	L210898
דיותה	10	ויקינתונים (CC0)	L64687
הפיס דעתו	10	ספריא · נחלת הכלל	Alshekh on Torah, Deuteronomy 31:22:1 (Torat Moshe, Warsaw, 1875 [he])
חרץ לשון	10	ספריא · נחלת הכלל	Midrash Sekhel Tov, Shemot 11:7:1 (Sechel Tob, Berlin 1900-1901 [he])
לא שזפתו עין	10	ספריא · נחלת הכלל	Ibn Ezra on Song of Songs 1:6:2 (Ibn Ezra's commentary on the Canticles [he])
איפה ואיפה	10	ספריא · נחלת הכלל	Otzar Midrashim, Sefer Tagin ('Crowns') 20:68 (Otzar Midrashim, New York, 1915 [he])
בכי תמרורים	10	ויקינתונים (CC0)	L76332
בערה חמתו	10	ספריא · נחלת הכלל	Torah Temimah on Esther 1:12:2 (Torah Temimah, Vilna, 1904 [he])
הצר צעדיו	10	לפי מילה: ויקינתונים · צורה (CC0)	הצר=L208693 צעדיו=L67704
הלך עמו בקרי	10	ספריא · נחלת הכלל	Ya'arot Devash II 6:35 (1293 [he])
בראש חוצות	10	ספריא · נחלת הכלל	Tzidkat HaTzadik 45:1 (Tzidkat HaTzadick, Lublin, 1913 [he])
על מי מנוחות	10	ספריא · נחלת הכלל	Metzudat Zion on II Chronicles 32:22:1 (On Your Way [he])
עקב בצד אגודל	10	ספריא · נחלת הכלל	Mevo HaShearim 10:16 (Hakhsharat haAkhrakhim, 16. Ring. 11-432 [he])
על כרעי תרנגולת	10	⚠ דרוש מקור	על כרעי תרנגלת
קנה (לו) שביתה	10	ספריא · נחלת הכלל	Penei Moshe on Jerusalem Talmud Eruvin 4:1:5:1 (1536 [he])
ארכה לו השעה	10	ספריא · נחלת הכלל	Siddur Ashkenaz, Festivals, Chanukah, Service for Lighting Chanukah Candles, Maoz Tzur 28 (Daat Siddur Ashkenaz [he])
בהנף יד	10	לפי מילה: ויקיטקסט · נחלת הכלל + ויקינתונים · צורה (CC0)	בהנף=וילהלם טל (ביאליק)/עלילה שלישית/מחזה שלישי יד=L65524
בצוק העתים	10	ספריא · נחלת הכלל	Avi Ezer, Genesis 27:46:1 (Avi Ezer [he])
בשפה רפה	10	ספריא · נחלת הכלל	Maggid Mishneh on Mishneh Torah, Fasts 5:11:1 (ToratEmet [he])
בור סוד (שאינו מאבד טפה)	10	ספריא · נחלת הכלל	Midrash Shmuel on Avot 2:8:18 (Midrash Shmuel, Warsaw, 1876 [he])
גילה את אזנו	10	ספריא · נחלת הכלל	Teshuvot HaRadbaz Volume 1 293:2 (Teshuvot HaRadbaz, Warsaw 1882 [he])
דחק את הקץ	10	ספריא · Derashot El Ami, Jerusalem 1936 (Public Domain)	Sermons Unto My People, Chanuka, Purim, and Special Shabbatot 27:44 · «נִדְחַק את הקץ»
דחק את רגליו	10	⚠ דרוש מקור	דחק
חורש מזמות	10	ויקיטקסט · נחלת הכלל	אלטנוילנד ג ג
משך בעט	10	ספריא · Beur Reuven, New York 1955 (Public Domain)	Beur Reuven on Bava Kamma, Introduction 25 · «לִמְשֹׁךְ בעט סופר»
עשבים שוטים	10	ויקיטקסט · נחלת הכלל	תקנות הזרעים (מכירה)
פושט עורות	10	ספריא · נחלת הכלל	Responsa Maharashdam, Yoreh Deah 39:1 (She'elot uTeshuvot Maharashdam, Lemberg, 1862 [he])
אבק אדם	10	⚠ דרוש מקור	Menorat HaMaor, Ohr Olam 20:3 (Menorat HaMaor, Alnakawa, H.G. Enelow ed. N.Y. 1929-1934 [he])	⚠ ההוכחה הוסרה · ספריא נחלת-הכלל · מהדורה 1934 · אומת חי מול ספריא: אין בספריא אף מהדורה עברית בנחלת הכלל שאינה מ-1929 ואילך · הגרסאות שנמצאו: Menorat HaMaor, Alnakawa, H.G. Enelow ed. N.Y. 1929-1934 · הטענה הקודמת: ספריא · נחלת הכלל / Menorat HaMaor, Ohr Olam 20:3 (Menorat HaMaor, Alnakawa, H.G. Enelow ed. N.Y. 1929-1934 [he])
איש קצוות	10	ספריא · נחלת הכלל	Shenei Luchot HaBerit, Shaar HaOtiyot, Hilchot Biah 3:32 (Shenei Luchot HaBrit, based on Amsterdam, 1698 ed. Part I [he])
אמץ את ידיו	10	ספריא · נחלת הכלל	Pele Yoetz 158:5 (Torat Emet [he])
אין ידו משגת	10	ספריא · נחלת הכלל	Shulchan Arukh, Orach Chayim 263:3 (Maginei Eretz: Shulchan Aruch Orach Chaim, Lemberg, 1893 [he])
אבן רחיים על צווארו	10	ספריא · נחלת הכלל	Ma'asai LaMelekh on Mishneh Torah, Sacrificial Procedure 1:17:2 (Friedberg Edition [he])
אורך רוח	10	ספריא · נחלת הכלל	Ritva on Eruvin 56b:1 (Chidushi HaRitva, Amsterdam, 1729 [he])
בערוב ימיו	10	ויקיטקסט · נחלת הכלל	אינטלגנציה לשבת א
בא בדברים	10	ספריא · נחלת הכלל	Divrei Rivot 160:1 (Sudilkov, 1833 [he])
באו לעמק השווה	10	⚠ דרוש מקור	ערך: באו לעמק השווה
גיס חמישי	10	⚠ דרוש מקור	ערך: גיס חמישי
חמד לצון	10	ויקיטקסט · נחלת הכלל	חשוקי חמד/בבא קמא/כו עמוד ב
חתול בשק	10	⚠ דרוש מקור	ערך: חתול בשק
ליל שמורים	10	⚠ דרוש מקור	Gevurot Hashem 38:4 (Gevurot Hashem, with footnotes and annotations by Rabbi Yehoshua D. Hartman, Machon Yerushalyim, 2015-2020 [he])	⚠ ההוכחה הוסרה · ספריא נחלת-הכלל · מהדורה 2020 · אומת חי מול ספריא: אין בספריא אף מהדורה עברית בנחלת הכלל שאינה מ-1929 ואילך · הגרסאות שנמצאו: Gevurot Hashem, with footnotes and annotations by Rabbi Yehoshua D. Hartman, Machon Yerushalyim, 2015-2020 · הטענה הקודמת: ספריא · נחלת הכלל / Gevurot Hashem 38:4 (Gevurot Hashem, with footnotes and annotations by Rabbi Yehoshua D. Hartman, Machon Yerushalyim, 2015-2020 [he])
עקר את רגליו	10	ספריא · נחלת הכלל	Rosh on Berakhot 4:16:1 (Vilna Edition [he])
קטן אמונה	10	ספריא · נחלת הכלל	Sod Yesharim, The First Night of Pesach 26:2 (Sod Yesharim, Warsaw 1902-1908 [he])
קיצץ את כנפיו	10	לפי מילה: ויקינתונים · צורה (CC0) + ויקינתונים · כתיב מלא/חסר (CC0)	קיצץ=L218203 כנפיו=L78458
דמעות שליש	10	ספריא · נחלת הכלל	Chatam Sofer on Torah, Beshalach 91 (Chatam Sofer on Torah, Bratislava, 1879-1893 [he])
תאניה ואניה	10	ספריא · נחלת הכלל	Metzudat Zion on Isaiah 29:2:3 (On Your Way [he])
הכה באצבע צרדה	10	ספריא · נחלת הכלל	Chayei Moharan 522:1 (OYW [he])
אמת מים	10	ויקינתונים (CC0)	L75579
הכביר במילים	10	לפי מילה: ויקינתונים · צורה (CC0) + ויקיטקסט · נחלת הכלל	הכביר=L208100 במילים=מצודות על ישעיהו לג יד
דמעות תנין	10	ספריא · נחלת הכלל	Megalleh Amukkot on Torah, Vayera 3 (Lublin, 1884 [he])
יחידי סגולה	10	ספריא · נחלת הכלל	Pat Lechem, Fourth Treatise on Trust 7:39 (Chovat Halevavot, Warsaw 1875 [he])
זרה אבק / חול בעיניים	10	⚠ דרוש מקור	Sermons Unto My People, Chanuka, Purim, and Special Shabbatot 19:61 (Derashot El Ami, Jerusalem 1936 [he])	⚠ ההוכחה הוסרה · ספריא נחלת-הכלל · מהדורה 1936 · אומת חי מול ספריא: אין בספריא אף מהדורה עברית בנחלת הכלל שאינה מ-1929 ואילך · הגרסאות שנמצאו: Derashot El Ami, Jerusalem 1936 · הטענה הקודמת: ספריא · נחלת הכלל / Sermons Unto My People, Chanuka, Purim, and Special Shabbatot 19:61 (Derashot El Ami, Jerusalem 1936 [he])
הקיץ הקץ	10	ספריא · נחלת הכלל	Malbim on Ezekiel 7:6:1 (On Your Way [he])
ריפה את ידיו	10	לפי מילה: ויקינתונים · צורה (CC0) + ויקינתונים · כתיב מלא/חסר (CC0)	ריפה=L218902 ידיו=L206483
בית בד	10	⚠ דרוש מקור	Lechem Shamayim on Mishnah Oholot 13:4:1 (Jerusalem, 1978 [he])	⚠ ההוכחה הוסרה · ספריא נחלת-הכלל · מהדורה 1978 · אומת חי מול ספריא: אין בספריא אף מהדורה עברית בנחלת הכלל שאינה מ-1929 ואילך · הגרסאות שנמצאו: Jerusalem, 1978 · הטענה הקודמת: ספריא · נחלת הכלל / Lechem Shamayim on Mishnah Oholot 13:4:1 (Jerusalem, 1978 [he])
בית תמחוי	10	ספריא · נחלת הכלל	Mordechai on Bava Batra 2:15 (Vilna Edition [he])
כתמול שלשום	10	ספריא · נחלת הכלל	Haamek Davar on Exodus 5:14:2 (Sefer Torat Elohim, Vilna 1879 [he])
רפיון ידים	10	ספריא · נחלת הכלל	Rashash on Arakhin 6a:1 (Vilna Edition [he])
נטה חסד	10	ספריא · נחלת הכלל	Ohr HaChammah on Zohar 2:20a:2 (Ohr Hachama, Peremyshl, 1896-1898 [he])
צביון	10	ויקינתונים (CC0)	L217455
מכורה	10	ויקינתונים (CC0)	L79149
אצטגנין	10	ויקינתונים (CC0)	L75921
לודר	10	ויקינתונים (CC0)	L78594
קופיץ	10	ויקינתונים (CC0)	L81558
זרבובית	10	ויקינתונים (CC0)	L77665
צפריר	10	ויקינתונים (CC0)	L81384
מצודד	10	ספריא · נחלת הכלל	Ohr HaChammah on Zohar 1:244a:5 (Ohr Hachama, Peremyshl, 1896-1898 [he])
אפיל	10	ויקינתונים (CC0)	L75879
אסוך	10	ויקינתונים (CC0)	L75783
אסל	10	ויקינתונים (CC0)	L75819
צרי	10	ויקינתונים (CC0)	L81397
תרגימה	10	ויקינתונים (CC0)	L82578
אבן שאין לה הופכין	10	ספריא · נחלת הכלל	Sefer HeArukh, Letter Kof 595 (Sefer HeArukh, Lublin 1883 [he])
אור יקרות	10	ספריא · נחלת הכלל	Metzudat Zion on Job 31:26:2 (On Your Way [he])
חרב פיפיות	10	ויקינתונים (CC0)	L77929
לזות שפתיים	10	ספריא · נחלת הכלל	Prisha, Even HaEzer 152:8:1 (Tur Even HaEzer, Vilna, 1923 [he])
סלע המחלוקת	10	ספריא · נחלת הכלל	Kuntres Peleitat Sefarim, Letter Dalet 4:1 (Podgorze, 1905 (Wikisource edition) [he])
שידוד מערכות	10	ספריא · נחלת הכלל	Maor VaShemesh, Vaetchanan 3 (Maor Vashemesh, Breslau, 1842 [he])
סרח עודף	10	ויקינתונים (CC0)	L80436
היינו הך	10	ספריא · נחלת הכלל	Shoel uMeshiv Mahadura VI 24:1 (Lemberg, 1865-1890 [he])
כיליון עיניים	10	⚠ דרוש מקור	ערך: כיליון עיניים
לא יסולא בפז	10	ויקיטקסט · נחלת הכלל	דו"ח מבקר המדינה/שנת 2014/מאי/פרק ג
קל רגליים	10	⚠ דרוש מקור	קל
שעת כושר	10	ספריא · נחלת הכלל	Ateret Zekenim on Shulchan Arukh, Orach Chayim 160:3 (Maginei Eretz: Shulchan Aruch Orach Chaim, Lemberg, 1893 [he])
עיר פרזות	10	⚠ דרוש מקור	Lechem Shamayim on Mishnah Ketubot 13:10:2 (Jerusalem, 1978 [he])	⚠ ההוכחה הוסרה · ספריא נחלת-הכלל · מהדורה 1978 · אומת חי מול ספריא: אין בספריא אף מהדורה עברית בנחלת הכלל שאינה מ-1929 ואילך · הגרסאות שנמצאו: Jerusalem, 1978 · הטענה הקודמת: ספריא · נחלת הכלל / Lechem Shamayim on Mishnah Ketubot 13:10:2 (Jerusalem, 1978 [he])
נחל איתן	10	ויקינתונים (CC0)	L79784
קירח מכאן ומכאן	10	⚠ דרוש מקור	קרח מכאן ומכאן
שוקת שבורה	10	ויקיטקסט · נחלת הכלל	בלבבי משכן אבנה (שוורץ)/חלק ב
עלה על שרטון	10	ויקיטקסט · נחלת הכלל	פקודת הנמלים
לבטים	10	ויקינתונים (CC0)	L212270
לצמיתות	10	ספריא · נחלת הכלל	Bekhor Shor, Leviticus 25:34:1 (Bekhor Shor, HaTzofeh LeHokhmat Yisrael VIII, Budapest, 1924 [he])
גרידא	10	ויקינתונים (CC0)	L492078
בר מינן	10	ספריא · נחלת הכלל	Shenei Luchot HaBerit, Torah Shebikhtav, Yitro, Torah Ohr 53 (Shenei Luchot HaBrit, based on Amsterdam, 1698 ed. Part III [he])
כדבעי	10	ויקינתונים (CC0)	L492020
אתרע מזלו	10	ספריא · נחלת הכלל	Responsa of Rema 75:3 (Sheelot uTeshuvut Remah, Warsaw, 1883 [he])
בוקי סריקי	10	ספריא · נחלת הכלל	Tosafot on Bava Batra 7a:4:1 (Vilna Edition [he])
בריש גלי	10	ספריא · נחלת הכלל	Zera Kodesh, On Torah, Beshalach 6 (1405 [he])
אליבא ד	10	ספריא · נחלת הכלל	Tosafot Rid on Shabbat 4b:1 (Tosafot Rid [he])
שור	10	ויקינתונים (CC0)	L68279
טס	10	ויקינתונים (CC0)	L211474
זוג	10	ויקינתונים (CC0)	L65034
חלב	10	ויקינתונים (CC0)	L210917
גבר	10	ויקינתונים (CC0)	L206038
מסה	10	ויקינתונים (CC0)	L79307
כרוב	10	ויקינתונים (CC0)	L65834
יובל	10	ויקינתונים (CC0)	L65543
ענק	10	ויקינתונים (CC0)	L67283
אחשדרפן	10	ויקינתונים (CC0)	L75266
אחלמה	10	ויקינתונים (CC0)	L63848
מורסה	10	ויקינתונים (CC0)	L78905
רחת	10	ויקינתונים (CC0)	L81975
סודר	10	ויקינתונים (CC0)	L215217
קבה	10	ויקינתונים (CC0)	L81415
אפדן	10	ויקינתונים (CC0)	L75847
כליב	10	ויקינתונים (CC0)	L78432
חלק הארי	10	ספריא · נחלת הכלל	Teshuvot haRashba part V 293:2 (Vilna, 1885 [he])
הפיל עליו את חתתו	10	ספריא · נחלת הכלל	Etz Yosef on Kohelet Rabbah 6:10:1:6 (Midrash Rabbah, with Etz Yosef, Warsaw, 1867 [he])
נטל עקצו	10	ספריא · נחלת הכלל	Mishnah Sukkah 3:6 (Torat Emet 357 [he])
בזעיר אנפין	10	ספריא · נחלת הכלל	Pri Etz Chaim, Gate of the Recitation of the Shema 23:3 (Pri Etz Chaim [he])
שירת הברבור	10	⚠ דרוש מקור	שירה
תש כחו	10	ספריא · נחלת הכלל	Rashi on Bereshit Rabbah 36:4:3 (Midrash Rabbah, Vilna, 1878 [he])
נבל את פיו	10	ספריא · נחלת הכלל	Chidushei Agadot on Yevamot 63b:8 (Vilna Edition [he])
השיב פניו ריקם	10	ספריא · נחלת הכלל	Shivchei HaBesht 21:1 (Shivchei HaBesht, Kopyst 1815 [he])
גבהות לב	10	⚠ דרוש מקור	Derekh Chayyim 3:2:14 (Derech Chaim, with footnotes and annotations by Rabbi Yehoshua D. Hartman, Machon Yerushalyim, 2005-2010 [he])	⚠ ההוכחה הוסרה · ספריא נחלת-הכלל · מהדורה 2010 · אומת חי מול ספריא: אין בספריא אף מהדורה עברית בנחלת הכלל שאינה מ-1929 ואילך · הגרסאות שנמצאו: Derech Chaim, with footnotes and annotations by Rabbi Yehoshua D. Hartman, Machon Yerushalyim, 2005-2010 · הטענה הקודמת: ספריא · נחלת הכלל / Derekh Chayyim 3:2:14 (Derech Chaim, with footnotes and annotations by Rabbi Yehoshua D. Hartman, Machon Yerushalyim, 2005-2010 [he])
בא אל קצו	10	⚠ דרוש מקור	Sermons Unto My People, The Three Festivals 14:35 (Derashot El Ami, Jerusalem 1936 [he])	⚠ ההוכחה הוסרה · ספריא נחלת-הכלל · מהדורה 1936 · אומת חי מול ספריא: אין בספריא אף מהדורה עברית בנחלת הכלל שאינה מ-1929 ואילך · הגרסאות שנמצאו: Derashot El Ami, Jerusalem 1936 · הטענה הקודמת: ספריא · נחלת הכלל / Sermons Unto My People, The Three Festivals 14:35 (Derashot El Ami, Jerusalem 1936 [he])
אין לו דורש	10	ספריא · נחלת הכלל	Shoel uMeshiv Mahadura II 2:5:5 (Lemberg, 1865-1890 [he])
אין לו זכר	10	ספריא · נחלת הכלל	Rashi on Taanit 25b:1:2 (Vilna Edition [he])
בא בצל קורתו	10	ספריא · נחלת הכלל	Responsa Chatam Sofer, Even HaEzer 2:131:35 (Pressburg, 1855-1864 [he])
בא כשמן בעצמותיו	10	ספריא · נחלת הכלל	Malbim on Psalms 109:18:1 (On Your Way [he])
היה לאל ידו	10	ספריא · נחלת הכלל	Metzudat David on II Samuel 12:11:2 (On Your Way [he])
הקביל את פניו	10	ספריא · נחלת הכלל	Darkhei Moshe, Yoreh De'ah 240:2:1 (Tur Yoreh Deah, Vilna, 1923 [he])
חשק שפתיו	10	⚠ דרוש מקור	חושק שפתים
בית מדות	10	ספריא · נחלת הכלל	Metzudat David on Jeremiah 22:14:1 (On Your Way [he])
דבר גבוהה גבוהה	10	ספריא · נחלת הכלל	Haamek Davar on Exodus 20:19:2 (Sefer Torat Elohim, Vilna 1879 [he])
דבר על לבו	10	ספריא · נחלת הכלל	Midrash Shmuel on Avot 3:7:5 (Midrash Shmuel, Warsaw, 1876 [he])
כבש את יצרו	10	ספריא · נחלת הכלל	Mesillat Yesharim 1:10 (Sefaria Vocalized Edition [he])
עקב אכילס	10	ויקינתונים (CC0)	L80580
עמד על דעתו	10	ספריא · נחלת הכלל	Yefeh To'ar on Shemot Rabbah 6:1:2 (Midrash Rabbah, Vilna, 1878 [he])
נהנתן	10	ויקינתונים (CC0)	L214207
נסרת	10	ויקינתונים (CC0)	L214757
אסיף	10	ויקינתונים (CC0)	L75813
בנקל	10	ספריא · נחלת הכלל	Likutei Moharan 56:6:1 (Likutei Moharan - rabenubook.com [he])
גבשושי	10	ויקינתונים (CC0)	L206043
גת	10	ויקינתונים (CC0)	L64591
הגיע לפרקו	10	⚠ דרוש מקור	Lechem Shamayim on Mishnah Sotah 4:4:3 (Jerusalem, 1978 [he])	⚠ ההוכחה הוסרה · ספריא נחלת-הכלל · מהדורה 1978 · אומת חי מול ספריא: אין בספריא אף מהדורה עברית בנחלת הכלל שאינה מ-1929 ואילך · הגרסאות שנמצאו: Jerusalem, 1978 · הטענה הקודמת: ספריא · נחלת הכלל / Lechem Shamayim on Mishnah Sotah 4:4:3 (Jerusalem, 1978 [he])
הכפיש	10	ויקינתונים (CC0)	L208133
הלבין את פניו	10	ספריא · נחלת הכלל	Sha'arei Teshuvah 1:44 (Sefaria Vocalized Edition [he])
הסית	10	ויקינתונים (CC0)	L208323
העלה מתהום הנשיה	10	ויקיטקסט · נחלת הכלל	תענוגות ושעשועים
הרף עין	10	ספריא · נחלת הכלל	Penei Moshe on Jerusalem Talmud Berakhot 1:1:15:2 (1536 [he])
השגה	10	ויקינתונים (CC0)	L77464
חשק את שניו	10	לפי מילה: ויקינתונים · צורה (CC0) + ויקינתונים · כתיב מלא/חסר (CC0)	חשק=L210900 שניו=L211695
ידו לא היתה משגת	10	ספריא · נחלת הכלל	Rashi on Arakhin 30b:20:1 (Vilna Edition [he])
ישר את ההדורים	10	⚠ דרוש מקור	ערך: ישר את ההדורים
לא היתה לו יד בדבר	10	ספריא · נחלת הכלל	Metzudat David on I Kings 1:26:1 (On Your Way [he])
לוליני	10	ויקינתונים (CC0)	L212342
מגדל קלפים	10	ויקיטקסט · נחלת הכלל	היום שאחרי המשבר/חלק ראשון: אפקט 'הפרפר המפוטר'
מקרזל	10	ויקינתונים (CC0)	L213745
ענג	10	ויקינתונים (CC0)	L216094
פיס	10	ויקינתונים (CC0)	L80846
פסע	10	ויקינתונים (CC0)	L217050
קצרה ידו מהושיע	10	⚠ דרוש מקור	Menorat HaMaor, xiv; On Contentment, Accounts of the pious ones 7 (Menorat HaMaor, Alnakawa, H.G. Enelow ed. N.Y. 1929-1934 [he])	⚠ ההוכחה הוסרה · ספריא נחלת-הכלל · מהדורה 1934 · אומת חי מול ספריא: אין בספריא אף מהדורה עברית בנחלת הכלל שאינה מ-1929 ואילך · הגרסאות שנמצאו: Menorat HaMaor, Alnakawa, H.G. Enelow ed. N.Y. 1929-1934 · הטענה הקודמת: ספריא · נחלת הכלל / Menorat HaMaor, xiv; On Contentment, Accounts of the pious ones 7 (Menorat HaMaor, Alnakawa, H.G. Enelow ed. N.Y. 1929-1934 [he])
תבוסתנות	10	ויקינתונים (CC0)	L219960
