יחידה	#	מילה מנוקדת	מילה	שורש	מוצא	סטטוס	מקורות	הערה
1	1	אוּלָם	אולם	אולם	טיוטה	ממתין	ויקימילון	
1	2	בְּרַם	ברם	ברם	ירושה-שונה	ממתין	ויקימילון	
1	3	שֶׁכֵּן	שכן	שכן	טיוטה	ממתין	ויקימילון	
1	4	הוֹאִיל וְ־	הואיל ו	יאל	טיוטה	ממתין		
1	5	בְּשֶׁל	בשל	בשל	טיוטה	ממתין	ויקימילון	
1	6	בְּגִין	בגין	בגין	טיוטה	ממתין	ויקימילון	
1	7	לְפִיכָךְ	לפיכך	לפיכך	טיוטה	ממתין		
1	8	אֵפוֹא	אפוא	אפוא	ירושה-שונה	ממתין	ויקימילון	
1	9	אַף שֶׁ־	אף ש	אף	טיוטה	ממתין		
1	10	הֲגַם שֶׁ־	הגם ש	הגם	ירושה-שונה	ממתין		
1	11	חֶרֶף	חרף	חרפ	טיוטה	ממתין	ויקימילון	
1	12	אִלְמָלֵא	אלמלא	אלמלא	טיוטה	ממתין	ויקימילון	
1	13	לוּלֵא	לולא	לולא	ירושה-שונה	ממתין		
1	14	לִכְאוֹרָה	לכאורה	לכאורה	טיוטה	ממתין	ויקימילון	
1	15	כִּבְיָכוֹל	כביכול	כביכול	טיוטה	ממתין	ויקימילון	
1	16	אָמְנָם	אמנם	אמנ	טיוטה	ממתין	ויקימילון	
1	17	דְּהַיְנוּ	דהינו	דהיינו	טיוטה	ממתין		
1	18	מִנֶּגֶד	מנגד	נגד	טיוטה	ממתין		
1	19	יֶתֶר עַל כֵּן	יתר על כן	יתר	טיוטה	ממתין		
1	20	אַדְּרַבָּא	אדרבא	אדרבא	טיוטה	ממתין		
1	21	עַל כָּרְחוֹ	על כרחו	כרח	טיוטה	ממתין		
1	22	בְּדִיעֲבַד	בדיעבד	דיעבד	ירושה-שונה	ממתין	ויקימילון	
1	23	לְכַתְּחִלָּה	לכתחלה	תחל	טיוטה	ממתין	ויקימילון	
1	24	פָּזִיז	פזיז	פזז	טיוטה	ממתין	ויקימילון	
1	25	נִמְהָר	נמהר	מהר	טיוטה	ממתין		
1	26	מָתוּן	מתון	מתנ	טיוטה	ממתין	ויקימילון	
1	27	וַתְרָן	ותרן	ותר	טיוטה	ממתין	ויקימילון	
1	28	דַּעְתָּן	דעתן	ידע	ירושה-שונה	ממתין		
1	29	שַׁחְצָן	שחצן	שחצ	טיוטה	ממתין	ויקימילון	
1	30	יָהִיר	יהיר	יהר	ירושה-שונה	ממתין	ויקימילון	
1	31	עָנָו	ענו	ענו	ירושה-מבוקרת	ממתין	ויקימילון	
1	32	קְפָדָן	קפדן	קפד	טיוטה	ממתין	ויקימילון	
1	33	רַשְׁלָן	רשלן	רשל	טיוטה	ממתין		
1	34	חָפוּז	חפוז	חפז	טיוטה	ממתין	ויקימילון	
1	35	נוֹעָז	נועז	עזז	טיוטה	ממתין		
1	36	הָגוּן	הגון	הגנ	טיוטה	ממתין	ויקימילון	
1	37	עִקֵּשׁ	עקש	עקש	טיוטה	ממתין	ויקימילון	
1	38	צַיְתָן	ציתן	צית	טיוטה	ממתין	ויקימילון	
1	39	כָּנוּעַ	כנוע	כנע	טיוטה	ממתין		
1	40	עוֹיֵן	עוין	עינ	טיוטה	ממתין	ויקימילון	
1	41	נִרְגָּן	נרגן	רגנ	ירושה-שונה	ממתין	ויקימילון	
1	42	רַכְרוּכִי	רכרוכי	רכך	טיוטה	ממתין	ויקימילון	
1	43	מֻפְנָם	מפנם	פנמ	טיוטה	ממתין		
1	44	מֻחְצָן	מחצן	חצנ	טיוטה	ממתין		
1	45	פַּזְרָן	פזרן	פזר	טיוטה	ממתין		
1	46	גַּרְגְּרָן	גרגרן	גרגר	ירושה-שונה	ממתין	ויקימילון	
1	47	הוֹלֵל	הולל	הלל	ירושה-שונה	ממתין	ויקימילון	
1	48	הֲפַכְפַּךְ	הפכפך	הפכ	טיוטה	ממתין	ויקימילון	
1	49	עַרְמוּמִי	ערמומי	ערמ	טיוטה	ממתין		
1	50	פֶּתִי	פתי	פתה	ירושה-שונה	ממתין	ויקימילון	
1	51	שַׁאֲנָן	שאנן	שאנ	טיוטה	ממתין	ויקימילון	
1	52	לָהוּט	להוט	להט	טיוטה	ממתין	ויקימילון	
1	53	זָעוּף	זעוף	זעפ	טיוטה	ממתין	ויקימילון	
1	54	צָבוּעַ	צבוע	צבע	טיוטה	ממתין	ויקימילון	
1	55	גַּלְמוּד	גלמוד	גלמד	ירושה-שונה	ממתין	ויקימילון	
1	56	הוֹקִיר	הוקיר	יקר	טיוטה	ממתין	ויקימילון	
1	57	זָנַח	זנח	זנח	טיוטה	ממתין	ויקימילון	
1	58	חָדַל	חדל	חדל	טיוטה	ממתין	ויקימילון	
1	59	נִכְסַף	נכסף	כספ	ירושה-שונה	ממתין		
1	60	גָּעַר	גער	גער	טיוטה	ממתין	ויקימילון	
1	61	הִתְרִיס	התריס	תרס	ירושה-שונה	ממתין		
1	62	הִפְצִיר	הפציר	פצר	ירושה-שונה	ממתין	ויקימילון	
1	63	מֵאֵן	מאן	מאנ	ירושה-שונה	ממתין	ויקימילון	
1	64	נֵאוֹת	נאות	אות	ירושה-שונה	ממתין	ויקימילון	
1	65	נַעֲתַר	נעתר	עתר	ירושה-שונה	ממתין	ויקימילון	
1	66	הִמְרָה	המרה	מרה	טיוטה	ממתין	ויקימילון	
1	67	הִתְקוֹמֵם	התקומם	קומ	טיוטה	ממתין		
1	68	הִרְהֵר	הרהר	הרהר	טיוטה	ממתין	ויקימילון	
1	69	תָּהָה	תהה	תהה	טיוטה	ממתין	ויקימילון	
1	70	הִסִּיק	הסיק	נסק	טיוטה	ממתין	ויקימילון	
1	71	הִפְרִיךְ	הפריך	פרכ	טיוטה	ממתין	ויקימילון	
1	72	אִשֵּׁשׁ	אשש	אשש	טיוטה	ממתין	ויקימילון	
1	73	הִלֵּל	הלל	הלל	ירושה-שונה	ממתין	ויקימילון	
1	74	קִטְרֵג	קטרג	קטרג	ירושה-שונה	ממתין		
1	75	סִנְגֵר	סנגר	סנגר	ירושה-שונה	ממתין	ויקימילון	
1	76	הוֹקִיעַ	הוקיע	יקע	ירושה-שונה	ממתין	ויקימילון	
1	77	הִרְתִּיעַ	הרתיע	רתע	טיוטה	ממתין	ויקימילון	
1	78	נִבְעַת	נבעת	בעת	טיוטה	ממתין	ויקימילון	
1	79	הִתְעַשֵּׁת	התעשת	עשת	ירושה-שונה	ממתין	ויקימילון	
1	80	הִסְתַּיֵּג	הסתיג	סיג	ירושה-שונה	ממתין		
1	81	צִדֵּד	צדד	צדד	ירושה-שונה	ממתין		
1	82	חָלַק עַל	חלק על	חלק	טיוטה	ממתין		
1	83	עִרְעֵר עַל	ערער על	ערר	טיוטה	ממתין		
1	84	פִּקְפֵּק	פקפק	פקפק	טיוטה	ממתין	ויקימילון	
1	85	דָּבַק	דבק	דבק	טיוטה	ממתין	ויקימילון	
1	86	עָרַק	ערק	ערק	טיוטה	ממתין	ויקימילון	
1	87	חָמַק	חמק	חמק	טיוטה	ממתין	ויקימילון	
1	88	שָׁהָה	שהה	שהה	טיוטה	ממתין	ויקימילון	
1	89	הִתְמַהְמֵהַּ	התמהמה	מהמה	טיוטה	ממתין	ויקימילון	
1	90	בּוֹשֵׁשׁ	בושש	בשש	ירושה-שונה	ממתין	ויקימילון	
1	91	הֵאִיץ	האיץ	אוצ	ירושה-מבוקרת	ממתין	ויקימילון	
1	92	הִלֵּךְ	הלך	הלכ	ירושה-שונה	ממתין	ויקימילון	
1	93	תָּעָה	תעה	תעה	ירושה-מבוקרת	ממתין	ויקימילון	
1	94	עָמַל	עמל	עמל	ירושה-שונה	ממתין	ויקימילון	
1	95	טָרַח	טרח	טרח	טיוטה	ממתין	ויקימילון	
1	96	שָׁקַד	שקד	שקד	טיוטה	ממתין	ויקימילון	
1	97	הָגָה	הגה	הגה	ירושה-שונה	ממתין	ויקימילון	
1	98	חוֹלֵל	חולל	חול	טיוטה	ממתין	ויקימילון	
1	99	הֵסֵב	הסב	סבב	ירושה-שונה	ממתין	ויקימילון	
1	100	הֵנִיב	הניב	נוב	טיוטה	ממתין		
1	101	שִׁכְלֵל	שכלל	כלל	טיוטה	ממתין	ויקימילון	
1	102	גָּרַע	גרע	גרע	ירושה-שונה	ממתין	ויקימילון	
1	103	דִּלֵּל	דלל	דלל	ירושה-שונה	ממתין	ויקימילון	
1	104	גָּדַשׁ	גדש	גדש	ירושה-שונה	ממתין	ויקימילון	
1	105	הִרְעִיף	הרעיף	רעפ	ירושה-שונה	ממתין	ויקימילון	
1	106	הִפְרִיז	הפריז	פרז	טיוטה	ממתין	ויקימילון	
1	107	הִמְעִיט	המעיט	מעט	טיוטה	ממתין		
1	108	זָקַף	זקף	זקפ	טיוטה	ממתין	ויקימילון	
1	109	גָּמַל	גמל	גמל	טיוטה	ממתין	ויקימילון	
1	110	מָחַל	מחל	מחל	ירושה-מבוקרת	ממתין	ויקימילון	
1	111	הֶחֱמִיץ	החמיץ	חמצ	טיוטה	ממתין	ויקימילון	
1	112	אָכַף	אכף	אכפ	ירושה-שונה	ממתין	ויקימילון	
1	113	זִכָּה	זכה	זכה	טיוטה	ממתין		
1	114	הִרְשִׁיעַ	הרשיע	רשע	טיוטה	ממתין	ויקימילון	
1	115	כָּפַר	כפר	כפר	ירושה-שונה	ממתין	ויקימילון	
1	116	הֵפִיחַ	הפיח	פוח	טיוטה	ממתין	ויקימילון	
1	117	מָעַךְ	מעך	מעכ	טיוטה	ממתין	ויקימילון	
1	118	חֶרְפָּה	חרפה	חרפ	ירושה-שונה	ממתין	ויקימילון	
1	119	חֲפוּת	חפות	חפפ	טיוטה	ממתין	ויקימילון	
1	120	תְּחִנָּה	תחנה	חננ	טיוטה	ממתין	ויקימילון	
1	121	קַנָּאוּת	קנאות	קנא	טיוטה	ממתין		
1	122	הֲפוּגָה	הפוגה	פוג	טיוטה	ממתין	ויקימילון	
1	123	מוֹרָא	מורא	ירא	טיוטה	ממתין	ויקימילון	
1	124	גְּנַאי	גנאי	גנה	טיוטה	ממתין		
1	125	תְּהִלָּה	תהלה	הלל	טיוטה	ממתין	ויקימילון	
1	126	מוֹנִיטִין	מוניטין	מוניטין	טיוטה	ממתין	ויקימילון	
1	127	בּוּז	בוז	בוז	טיוטה	ממתין	ויקימילון	
1	128	חֶמְלָה	חמלה	חמל	טיוטה	ממתין	ויקימילון	
1	129	אַהֲדָה	אהדה	אהד	טיוטה	ממתין	ויקימילון	
1	130	מְשׂוּכָה	משוכה	שוכ	טיוטה	ממתין	ויקימילון	
1	131	תַּכְלִית	תכלית	תכלית	טיוטה	ממתין	ויקימילון	
1	132	תַּחְבּוּלָה	תחבולה	תחבל	טיוטה	ממתין	ויקימילון	
1	133	מְזִמָּה	מזמה	זממ	טיוטה	ממתין	ויקימילון	
1	134	בֶּצַע	בצע	בצע	טיוטה	ממתין	ויקימילון	
1	135	מְבוּכָה	מבוכה	בוכ	טיוטה	ממתין	ויקימילון	
1	136	הִשְׁתָּאוּת	השתאות	שאה	ירושה-שונה	ממתין		
1	137	יִסּוּרִים	יסורים	יסר	טיוטה	ממתין	ויקימילון	
1	138	מַכְאוֹב	מכאוב	כאב	טיוטה	ממתין	ויקימילון	
1	139	יָגוֹן	יגון	יגה	ירושה-שונה	ממתין	ויקימילון	
1	140	חֶדְוָה	חדוה	חדה	טיוטה	ממתין	ויקימילון	
1	141	נַחַת	נחת	נוח	טיוטה	ממתין	ויקימילון	
1	142	מֹרַת רוּחַ	מרת רוח	מרת-רוח	טיוטה	ממתין	ויקימילון	
1	143	חֵמָה	חמה	יחמ	ירושה-שונה	ממתין	ויקימילון	
1	144	טִינָה	טינה	טינ	טיוטה	ממתין	ויקימילון	
1	145	אֵיבָה	איבה	איב	טיוטה	ממתין	ויקימילון	
1	146	תּוֹכֵחָה	תוכחה	יכח	ירושה-שונה	ממתין		
1	147	לֶקַח	לקח	לקח	טיוטה	ממתין	ויקימילון	
1	148	בְּקִיאוּת	בקיאות	בקא	טיוטה	ממתין		
1	149	דִּכְדּוּךְ	דכדוך	דכדכ	ירושה-שונה	ממתין	ויקימילון	
1	150	חֲנֻפָּה	חנפה	חנפ	טיוטה	ממתין	ויקימילון	
1	151	גַּחְמָה	גחמה	גחמ	ירושה-שונה	ממתין	ויקימילון	
1	152	סְרָק	סרק	סרק	ירושה-שונה	ממתין	ויקימילון	
1	153	לַשָּׁוְא	לשוא	שוא	טיוטה	ממתין	ויקימילון	
1	154	כְּפִיּוּת טוֹבָה	כפיות טובה	כפיות-טובה	טיוטה	ממתין		
1	155	מַשּׂוֹא פָּנִים	משוא פנים	משוא-פנים	ירושה-שונה	ממתין	ויקימילון	
1	156	קָלוֹן	קלון	קלה	ירושה-שונה	ממתין	ויקימילון	
1	157	תְּנוּךְ	תנוך	תנכ	טיוטה	ממתין	ויקימילון	
1	158	עָכוּר	עכור	עכר	ירושה-שונה	ממתין	ויקימילון	
1	159	צָלוּל	צלול	צלל	ירושה-שונה	ממתין	ויקימילון	
1	160	קָלוּשׁ	קלוש	קלש	טיוטה	ממתין	ויקימילון	
1	161	פָּעוּט	פעוט	פעט	טיוטה	ממתין	ויקימילון	
1	162	נִכָּר	נכר	נכר	ירושה-שונה	ממתין	ויקימילון	
1	163	מֻבְהָק	מבהק	בהק	ירושה-שונה	ממתין	ויקימילון	
1	164	סָמוּי	סמוי	סמי	טיוטה	ממתין	ויקימילון	
1	165	מְעֻרְפָּל	מערפל	ערפל	טיוטה	ממתין		
1	166	עָמוּם	עמום	עממ	טיוטה	ממתין	ויקימילון	
1	167	דּוּ־מַשְׁמָעִי	דו משמעי	דו-משמעי	טיוטה	ממתין		
1	168	שׁוֹמֵם	שומם	שממ	טיוטה	ממתין	ויקימילון	
1	169	תָּכוּף	תכוף	תכפ	ירושה-שונה	ממתין	ויקימילון	
1	170	שָׁכִיחַ	שכיח	שכיח	ירושה-שונה	ממתין	ויקימילון	
1	171	אָחִיד	אחיד	אחד	טיוטה	ממתין	ויקימילון	
1	172	חוֹלֵף	חולף	חלפ	טיוטה	ממתין	ויקימילון	
1	173	אָרְעִי	ארעי	ארע	ירושה-שונה	ממתין	ויקימילון	
1	174	רָעוּעַ	רעוע	רעע	טיוטה	ממתין	ויקימילון	
1	175	אֵיתָן	איתן	אתנ	ירושה-שונה	ממתין	ויקימילון	
1	176	חָסִין	חסין	חסנ	ירושה-שונה	ממתין	ויקימילון	
1	177	קֵהֶה	קהה	קהה	ירושה-שונה	ממתין	ויקימילון	
1	178	תָּפֵל	תפל	תפל	ירושה-שונה	ממתין	ויקימילון	
1	179	אַפְלוּלִי	אפלולי	אפל	טיוטה	ממתין		
1	180	סְגַלְגַּל	סגלגל	סגל	ירושה-שונה	ממתין	ויקימילון	
1	181	דָּחוּק	דחוק	דחק	ירושה-שונה	ממתין	ויקימילון	
1	182	עָגוּם	עגום	עגמ	טיוטה	ממתין	ויקימילון	
1	183	מַשְׁמִים	משמים	שממ	ירושה-שונה	ממתין		
1	184	עֲרִירִי	ערירי	ערר	ירושה-שונה	ממתין	ויקימילון	
1	185	עָלָה בַּתֹּהוּ	עלה בתהו	עלה-בתהו	טיוטה	ממתין		
1	186	אָזְלַת יָד	אזלת יד	אזלת-יד	ירושה-שונה	ממתין	ויקימילון	
1	187	אֹזֶן קַשֶּׁבֶת	אזן קשבת	אוזן-קשבת	טיוטה	ממתין		
1	188	כִּלְאַחַר יָד	כלאחר יד	כלאחר-יד	ירושה-שונה	ממתין	ויקימילון	
1	189	אֵין תּוֹכוֹ כְּבָרוֹ	אין תוכו כברו	אין-תוכו-כברו	ירושה-שונה	ממתין	ויקימילון	
1	190	נִמְנָה עִם	נמנה עם	נמנה-עם	טיוטה	ממתין		
1	191	עוֹלֶה בְּקָנֶה אֶחָד עִם	עולה בקנה אחד עם	עולה-בקנה-אחד	טיוטה	ממתין		
1	192	חַס	חס	חוס	ירושה-מבוקרת	ממתין	ויקימילון	
1	193	טָבַע	טבע	טבע	ירושה-מבוקרת	ממתין	ויקימילון	
1	194	אֶגֶד	אגד	אגד	ירושה-מבוקרת	ממתין	ויקימילון	
1	195	נָא	נא	נא	ירושה-מבוקרת	ממתין	ויקימילון	
1	196	לֹא בִּכְדִי	לא בכדי	לא-בכדי	ירושה-מבוקרת	ממתין		
1	197	קוֹרַת רוּחַ	קורת רוח	קורת-רוח	ירושה-מבוקרת	ממתין	ויקימילון	
1	198	בְּפוּמְבִּי / בְּפוּמְבֵּי	בפומבי / בפומבי	בפומבי	טיוטה	ממתין		
1	199	כַּן / כַּנָּה	כן / כנה	כנ	טיוטה	ממתין		
1	200	הדרן	הדרן	הדרנ	ירושה-מבוקרת	ממתין	ויקימילון	
2	1	בְּעֶטְיוֹ	בעטיו	עטי	ירושה-מבוקרת	ממתין	ויקימילון	
2	2	פֶּן	פן	פן	טיוטה	ממתין	ויקימילון	
2	3	לְבַל	לבל	לבל	טיוטה	ממתין		
2	4	בְּטֶרֶם	בטרם	טרמ	טיוטה	ממתין		
2	5	בִּן־לַיְלָה	בן לילה	בן-לילה	טיוטה	ממתין	ויקימילון	
2	6	זֶה מִכְּבָר	זה מכבר	כבר	טיוטה	ממתין		
2	7	לְשֶׁעָבַר	לשעבר	לשעבר	טיוטה	ממתין	ויקימילון	
2	8	חֲדָשׁוֹת לַבְּקָרִים	חדשות לבקרים	חדשות-לבקרים	טיוטה	ממתין	ויקימילון	
2	9	קַל וָחֹמֶר	קל וחמר	קל-וחומר	טיוטה	ממתין	ויקימילון	
2	10	מִבְּעוֹד מוֹעֵד	מבעוד מועד	מבעוד-מועד	טיוטה	ממתין		
2	11	בְּעִצּוּמוֹ שֶׁל	בעצומו של	עצמ	טיוטה	ממתין		
2	12	בִּמְשׂוּרָה	במשורה	משורה	ירושה-שונה	ממתין	ויקימילון	
2	13	חַמְדָן	חמדן	חמד	טיוטה	ממתין		
2	14	גַּנְדְּרָן	גנדרן	גנדר	טיוטה	ממתין	ויקימילון	
2	15	קַנְטְרָן	קנטרן	קנטר	ירושה-שונה	ממתין		
2	16	עִלֵּג	עלג	עלג	ירושה-שונה	ממתין	ויקימילון	
2	17	נִלְעָג	נלעג	לעג	טיוטה	ממתין	ויקימילון	
2	18	זָחוּחַ	זחוח	זחח	ירושה-שונה	ממתין	ויקימילון	
2	19	כִּילַי	כילי	כלי	ירושה-מבוקרת	ממתין	ויקימילון	
2	20	אָמִיד	אמיד	אמד	ירושה-שונה	ממתין	ויקימילון	
2	21	אֶבְיוֹן	אביון	אבה	ירושה-שונה	ממתין	ויקימילון	
2	22	כָּחוּשׁ	כחוש	כחש	ירושה-שונה	ממתין	ויקימילון	
2	23	צָנוּם	צנום	צנמ	ירושה-שונה	ממתין	ויקימילון	
2	24	תִּמְהוֹנִי	תמהוני	תמה	טיוטה	ממתין		
2	25	נוֹטֵר	נוטר	נטר	ירושה-שונה	ממתין	ויקימילון	
2	26	תַּכְסִיסָן	תכסיסן	טכס	טיוטה	ממתין		
2	27	סוֹרֵר	סורר	סרר	ירושה-שונה	ממתין	ויקימילון	
2	28	נִרְפֶּה	נרפה	רפה	ירושה-שונה	ממתין		
2	29	אָנִין	אנין	אנינ	ירושה-מבוקרת	ממתין	ויקימילון	
2	30	אִסְטְנִיס	אסטניס	איסטניס	טיוטה	ממתין	ויקימילון	
2	31	הֶדְיוֹט	הדיוט	הדיוט	ירושה-שונה	ממתין	ויקימילון	
2	32	בּוּר	בור	בור	ירושה-שונה	ממתין	ויקימילון	
2	33	אֱוִיל	אויל	אול	טיוטה	ממתין	ויקימילון	
2	34	חָמוּם	חמום	חממ	טיוטה	ממתין	ויקימילון	
2	35	שְׁלוּמִיאֵל	שלומיאל	שלומיאל	טיוטה	ממתין	ויקימילון	
2	36	הִתְנַכֵּל	התנכל	נכל	טיוטה	ממתין	ויקימילון	
2	37	הִתְעַמֵּר	התעמר	עמר	ירושה-שונה	ממתין	ויקימילון	
2	38	הִתְנַצֵּחַ	התנצח	נצח	ירושה-שונה	ממתין		
2	39	הִתֵּל	התל	התל	טיוטה	ממתין	ויקימילון	
2	40	הוֹנָה	הונה	ינה	ירושה-שונה	ממתין	ויקימילון	
2	41	עָשַׁק	עשק	עשק	טיוטה	ממתין	ויקימילון	
2	42	נִשֵּׁל	נשל	נשל	טיוטה	ממתין	ויקימילון	
2	43	נָחַל	נחל	נחל	ירושה-שונה	ממתין	ויקימילון	
2	44	הִסְתּוֹפֵף	הסתופף	ספפ	ירושה-שונה	ממתין	ויקימילון	
2	45	חָסָה	חסה	חסה	ירושה-שונה	ממתין	ויקימילון	
2	46	כָּמַהּ	כמה	כמה	טיוטה	ממתין	ויקימילון	
2	47	עָרַג	ערג	ערג	ירושה-שונה	ממתין	ויקימילון	
2	48	נָהָה	נהה	נהה	ירושה-שונה	ממתין	ויקימילון	
2	49	תָּר	תר	תור	ירושה-שונה	ממתין	ויקימילון	
2	50	חִזֵּר	חזר	חזר	ירושה-שונה	ממתין	ויקימילון	
2	51	אָרַב	ארב	ארב	טיוטה	ממתין	ויקימילון	
2	52	הִתְחַקָּה	התחקה	חקה	ירושה-שונה	ממתין	ויקימילון	
2	53	הִפְטִיר	הפטיר	פטר	ירושה-שונה	ממתין	ויקימילון	
2	54	נָם	נם	נומ	טיוטה	ממתין	ויקימילון	
2	55	שִׁנֵּן	שנן	שננ	ירושה-שונה	ממתין	ויקימילון	
2	56	נָבַט	נבט	נבט	ירושה-שונה	ממתין	ויקימילון	
2	57	נָעַץ	נעץ	נעצ	טיוטה	ממתין	ויקימילון	
2	58	לָטַשׁ	לטש	לטש	ירושה-שונה	ממתין	ויקימילון	
2	59	בָּהָה	בהה	בהה	טיוטה	ממתין	ויקימילון	
2	60	גָּהַר	גהר	גהר	ירושה-שונה	ממתין	ויקימילון	
2	61	רָכַן	רכן	רכנ	טיוטה	ממתין	ויקימילון	
2	62	קִעְקַע	קעקע	קעקע	טיוטה	ממתין	ויקימילון	
2	63	נִתֵּץ	נתץ	נתצ	ירושה-שונה	ממתין	ויקימילון	
2	64	רָמַס	רמס	רמס	טיוטה	ממתין	ויקימילון	
2	65	בָּזַז	בזז	בזז	טיוטה	ממתין		
2	66	שִׁסָּה	שסה	שסה	ירושה-שונה	ממתין	ויקימילון	
2	67	מִגֵּר	מגר	מגר	ירושה-שונה	ממתין	ויקימילון	
2	68	נִכְלַם	נכלם	כלמ	ירושה-שונה	ממתין		
2	69	הִתְרַעֵם	התרעם	רעמ	ירושה-שונה	ממתין		
2	70	רָטַן	רטן	רטנ	טיוטה	ממתין	ויקימילון	
2	71	קָבַל	קבל	קבל	ירושה-שונה	ממתין	ויקימילון	
2	72	נֶאֱנַק	נאנק	אנק	טיוטה	ממתין		
2	73	גָּנַח	גנח	גנח	טיוטה	ממתין	ויקימילון	
2	74	הִתְיַפֵּחַ	התיפח	יפח	טיוטה	ממתין		
2	75	יִבֵּב	יבב	יבב	טיוטה	ממתין	ויקימילון	
2	76	גִּדֵּף	גדף	גדפ	ירושה-שונה	ממתין	ויקימילון	
2	77	נָאַץ	נאץ	נאצ	טיוטה	ממתין		
2	78	הִשְׂכִּיל	השכיל	שכל	טיוטה	ממתין		
2	79	נוֹכַח	נוכח	נכח	טיוטה	ממתין	ויקימילון	
2	80	הִתְחַוֵּר	התחור	חור	ירושה-שונה	ממתין		
2	81	סָבַר	סבר	סבר	טיוטה	ממתין	ויקימילון	
2	82	גָּרַס	גרס	גרס	טיוטה	ממתין	ויקימילון	
2	83	הִכְרִיעַ	הכריע	כרע	טיוטה	ממתין		
2	84	פָּקַד	פקד	פקד	ירושה-שונה	ממתין	ויקימילון	
2	85	שָׂרַר	שרר	שרר	טיוטה	ממתין	ויקימילון	
2	86	רָוַח	רוח	רוח	טיוטה	ממתין	ויקימילון	
2	87	נִקְלַע	נקלע	קלע	טיוטה	ממתין		
2	88	תָּשַׁשׁ	תשש	תשש	טיוטה	ממתין	ויקימילון	
2	89	דָּעַךְ	דעך	דעכ	טיוטה	ממתין	ויקימילון	
2	90	גָּאָה	גאה	גאה	ירושה-שונה	ממתין	ויקימילון	
2	91	קָמַל	קמל	קמל	ירושה-שונה	ממתין	ויקימילון	
2	92	אָפַף	אפף	אפפ	ירושה-שונה	ממתין	ויקימילון	
2	93	עָטָה	עטה	עטה	ירושה-שונה	ממתין	ויקימילון	
2	94	חָבַשׁ	חבש	חבש	ירושה-שונה	ממתין	ויקימילון	
2	95	דִּדָּה	דדה	דדה	ירושה-שונה	ממתין	ויקימילון	
2	96	זָע	זע	זוע	טיוטה	ממתין	ויקימילון	
2	97	חָג	חג	חוג	ירושה-שונה	ממתין	ויקימילון	
2	98	הִזְדַּקֵּר	הזדקר	זקר	טיוטה	ממתין	ויקימילון	
2	99	הִבְלִיחַ	הבליח	בלח	ירושה-שונה	ממתין	ויקימילון	
2	100	בָּקַע	בקע	בקע	טיוטה	ממתין	ויקימילון	
2	101	פִּלַּח	פלח	פלח	טיוטה	ממתין	ויקימילון	
2	102	קָדַח	קדח	קדח	טיוטה	ממתין	ויקימילון	
2	103	נִמְלַךְ	נמלך	מלכ	טיוטה	ממתין	ויקימילון	
2	104	עָלַץ	עלץ	עלצ	ירושה-שונה	ממתין	ויקימילון	
2	105	מָרַט	מרט	מרט	טיוטה	ממתין	ויקימילון	
2	106	גָּדַע	גדע	גדע	טיוטה	ממתין	ויקימילון	
2	107	דָּלָה	דלה	דלה	ירושה-שונה	ממתין	ויקימילון	
2	108	כָּפַף	כפף	כפפ	טיוטה	ממתין	ויקימילון	
2	109	הִפְקִיר	הפקיר	פקר	טיוטה	ממתין	ויקימילון	
2	110	הִפְשִׁיט	הפשיט	פשט	טיוטה	ממתין	ויקימילון	
2	111	דּוֹבֵב	דובב	דבב	ירושה-שונה	ממתין	ויקימילון	
2	112	תּוֹחֶלֶת	תוחלת	יחל	ירושה-שונה	ממתין	ויקימילון	
2	113	פֻּרְקָן	פרקן	פרק	טיוטה	ממתין	ויקימילון	
2	114	מִפְלָט	מפלט	פלט	טיוטה	ממתין	ויקימילון	
2	115	עֲלִילָה	עלילה	עלל	טיוטה	ממתין	ויקימילון	
2	116	לַעַז	לעז	לעז	ירושה-שונה	ממתין	ויקימילון	
2	117	פֻּלְמוּס	פלמוס	פולמוס	ירושה-שונה	ממתין	ויקימילון	
2	118	שָׁאוֹן	שאון	שאון	ירושה-שונה	ממתין	ויקימילון	
2	119	רַחַשׁ	רחש	רחש	ירושה-שונה	ממתין	ויקימילון	
2	120	עֲלָטָה	עלטה	עלט	ירושה-שונה	ממתין	ויקימילון	
2	121	דִּמְדּוּמִים	דמדומים	דמדמ	ירושה-שונה	ממתין	ויקימילון	
2	122	זִיו	זיו	זיו	טיוטה	ממתין	ויקימילון	
2	123	נֹגַהּ	נגה	נגה	ירושה-שונה	ממתין	ויקימילון	
2	124	נְהָרָה	נהרה	נהר	ירושה-שונה	ממתין		
2	125	אֶשְׁנָב	אשנב	אשנב	ירושה-מבוקרת	ממתין	ויקימילון	
2	126	צֹהַר	צהר	צהר	ירושה-שונה	ממתין	ויקימילון	
2	127	מִפְתָּן	מפתן	מפתן	ירושה-שונה	ממתין	ויקימילון	
2	128	אֶדֶן	אדן	אדן	טיוטה	ממתין	ויקימילון	
2	129	גַּחֶלֶת	גחלת	גחל	טיוטה	ממתין	ויקימילון	
2	130	שֹׁבֶל	שבל	שבל	טיוטה	ממתין	ויקימילון	
2	131	אֲלֻמָּה	אלמה	אלמ	ירושה-שונה	ממתין	ויקימילון	
2	132	צֵידָה	צידה	ציד	ירושה-שונה	ממתין	ויקימילון	
2	133	נָוֶה	נוה	נוה	טיוטה	ממתין	ויקימילון	
2	134	מְאוּרָה	מאורה	מאורה	טיוטה	ממתין	ויקימילון	
2	135	אֹבֶךְ	אבך	אבכ	טיוטה	ממתין	ויקימילון	
2	136	סַגְרִיר	סגריר	סגריר	טיוטה	ממתין	ויקימילון	
2	137	מַשָּׁב	משב	נשב	טיוטה	ממתין	ויקימילון	
2	138	פֶּלֶג	פלג	פלג	ירושה-שונה	ממתין	ויקימילון	
2	139	אֶשֶׁד	אשד	אשד	טיוטה	ממתין	ויקימילון	
2	140	אָפִיק	אפיק	אפק	ירושה-שונה	ממתין	ויקימילון	
2	141	שַׁחַר	שחר	שחר	ירושה-שונה	ממתין	ויקימילון	
2	142	בְּכוֹרָה	בכורה	בכר	טיוטה	ממתין	ויקימילון	
2	143	תַּפְנִית	תפנית	פנה	טיוטה	ממתין		
2	144	מַהֲלֻמָּה	מהלמה	הלמ	טיוטה	ממתין		
2	145	תִּגְרָה	תגרה	גרה	טיוטה	ממתין	ויקימילון	
2	146	חַלְחָלָה	חלחלה	חלחל	טיוטה	ממתין	ויקימילון	
2	147	סְלִידָה	סלידה	סלד	טיוטה	ממתין	ויקימילון	
2	148	עֶדְנָה	עדנה	עדנ	טיוטה	ממתין	ויקימילון	
2	149	דְּרוֹר	דרור	דרר	טיוטה	ממתין	ויקימילון	
2	150	מִשְׁגֶּה	משגה	שגה	טיוטה	ממתין	ויקימילון	
2	151	פִּכָּחוֹן	פכחון	פכח	טיוטה	ממתין		
2	152	נֵס	נס	נסס	ירושה-שונה	ממתין	ויקימילון	
2	153	לֵחַ	לח	לחח	טיוטה	ממתין	ויקימילון	
2	154	דֹּפִי	דפי	דפי	ירושה-שונה	ממתין	ויקימילון	
2	155	רְבָב	רבב	רבב	ירושה-שונה	ממתין	ויקימילון	
2	156	שֶׁמֶץ	שמץ	שמצ	טיוטה	ממתין	ויקימילון	
2	157	קֹרְטוֹב	קרטוב	קורטוב	ירושה-שונה	ממתין	ויקימילון	
2	158	מַגָּל	מגל	מגל	ירושה-שונה	ממתין	ויקימילון	
2	159	סַהַר	סהר	סהר	ירושה-שונה	ממתין	ויקימילון	
2	160	חַרְטוֹם	חרטום	חרטמ	ירושה-שונה	ממתין	ויקימילון	
2	161	פְּסֵיפָס	פסיפס	פסיפס	טיוטה	ממתין	ויקימילון	
2	162	רְפָאִים	רפאים	רפא	טיוטה	ממתין	ויקימילון	
2	163	נֶגֶף	נגף	נגפ	ירושה-שונה	ממתין	ויקימילון	
2	164	סוֹעֵד	סועד	סעד	ירושה-שונה	ממתין	ויקימילון	
2	165	לָצוֹן	לצון	לוצ	טיוטה	ממתין	ויקימילון	
2	166	שָׁחוּק	שחוק	שחק	ירושה-שונה	ממתין	ויקימילון	
2	167	בָּלוּי	בלוי	בלה	ירושה-שונה	ממתין	ויקימילון	
2	168	מָהוּל	מהול	מהל	ירושה-שונה	ממתין	ויקימילון	
2	169	זַךְ	זך	זככ	ירושה-מבוקרת	ממתין	ויקימילון	
2	170	צָחוֹר	צחור	צחר	טיוטה	ממתין	ויקימילון	
2	171	חָרֵב	חרב	חרב	ירושה-שונה	ממתין	ויקימילון	
2	172	שׁוֹקֵק	שוקק	שקק	טיוטה	ממתין	ויקימילון	
2	173	הוֹמֶה	הומה	המה	טיוטה	ממתין	ויקימילון	
2	174	צָחִיחַ	צחיח	צחח	ירושה-שונה	ממתין	ויקימילון	
2	175	עָקָר	עקר	עקר	ירושה-שונה	ממתין	ויקימילון	
2	176	לֵאֶה	לאה	לאה	טיוטה	ממתין	ויקימילון	
2	177	יָגֵעַ	יגע	יגע	ירושה-שונה	ממתין	ויקימילון	
2	178	נִשְׂגָּב	נשגב	שגב	טיוטה	ממתין		
2	179	נִתְעָב	נתעב	תעב	טיוטה	ממתין	ויקימילון	
2	180	חֲרִישִׁי	חרישי	חרש	ירושה-שונה	ממתין	ויקימילון	
2	181	עָרֵב	ערב	ערב	ירושה-שונה	ממתין	ויקימילון	
2	182	דָּהוּי	דהוי	דהה	ירושה-מבוקרת	ממתין	ויקימילון	
2	183	סָמוּק	סמוק	סמק	טיוטה	ממתין	ויקימילון	
2	184	גּוּץ	גוץ	גוץ	ירושה-שונה	ממתין	ויקימילון	
2	185	תָּמִיר	תמיר	תמר	ירושה-שונה	ממתין	ויקימילון	
2	186	שָׁדוּף	שדוף	שדפ	ירושה-שונה	ממתין	ויקימילון	
2	187	עָבֵשׁ	עבש	עבש	טיוטה	ממתין	ויקימילון	
2	188	הָדוּר	הדור	הדר	ירושה-שונה	ממתין	ויקימילון	
2	189	סַסְגּוֹנִי	ססגוני	ססגונ	טיוטה	ממתין	ויקימילון	
2	190	קָפַץ יָדוֹ	קפץ ידו	קפץ-ידו	טיוטה	ממתין		
2	191	מוּסַר כְּלָיוֹת	מוסר כליות	מוסר-כליות	ירושה-שונה	ממתין	ויקימילון	
2	192	מַפַּח נֶפֶשׁ	מפח נפש	מפח-נפש	ירושה-שונה	ממתין	ויקימילון	
2	193	יָרַד לְסוֹף דַּעְתּוֹ	ירד לסוף דעתו	ירד-לסוף-דעתו	ירושה-שונה	ממתין	ויקימילון	
2	194	עָמַד עַל טִיבוֹ	עמד על טיבו	עמד-על-טיבו	ירושה-שונה	ממתין		
2	195	הֶעֱלָה חֶרֶס בְּיָדוֹ	העלה חרס בידו	העלה-חרס	ירושה-שונה	ממתין	ויקימילון	
2	196	לֹא טָמַן יָדוֹ בַּצַּלַּחַת	לא טמן ידו בצלחת	לא-טמן-ידו	טיוטה	ממתין		
2	197	מִן הַשָּׂפָה וְלַחוּץ	מן השפה ולחוץ	מן-השפה-ולחוץ	טיוטה	ממתין	ויקימילון	
2	198	לְמַרְאִית עַיִן	למראית עין	למראית-עין	ירושה-שונה	ממתין		
2	199	קְשֵׁה עֹרֶף	קשה ערף	קשה-עורף	ירושה-מבוקרת	ממתין	ויקימילון	
2	200	הִסְמִיךְ	הסמיך	סמכ	ירושה-מבוקרת	ממתין		
2	201	הִשְׁעָה	השעה	שעה	טיוטה	ממתין	ויקימילון	
2	202	הִתְרִיעַ	התריע	תרע	טיוטה	ממתין	ויקימילון	
2	203	טִירוֹן	טירון	טירונ	טיוטה	ממתין	ויקימילון	
2	204	תְּמִימֵי דֵעִים	תמימי דעים	תמימי-דעים	טיוטה	ממתין		
3	1	לְמִצְעָר	למצער	למצער	ירושה-שונה	ממתין		
3	2	לְהַוָּתוֹ	להותו	הוה	טיוטה	ממתין		
3	3	בְּצַוְתָּא	בצותא	צות	ירושה-שונה	ממתין		
3	4	קִמְעָה	קמעה	קמע	טיוטה	ממתין	ויקימילון	
3	5	יוֹמָם	יומם	יומ	טיוטה	ממתין	ויקימילון	
3	6	סַגְפָן	סגפן	סגפ	ירושה-שונה	ממתין	ויקימילון	
3	7	פּוֹחֵז	פוחז	פחז	ירושה-שונה	ממתין	ויקימילון	
3	8	אַרְכָן	ארכן	ארכ	ירושה-שונה	ממתין	ויקימילון	
3	9	צוֹרֵף	צורף	צרפ	ירושה-שונה	ממתין	ויקימילון	
3	10	נַפָּח	נפח	נפח	טיוטה	ממתין	ויקימילון	
3	11	סַפָּן	ספן	ספנ	ירושה-שונה	ממתין	ויקימילון	
3	12	נַוָּד	נוד	נוד	ירושה-שונה	ממתין	ויקימילון	
3	13	הִתְנַעֵר	התנער	נער	טיוטה	ממתין		
3	14	חָפֵץ	חפץ	חפצ	טיוטה	ממתין	ויקימילון	
3	15	הִסְכִּין	הסכין	סכנ	ירושה-שונה	ממתין	ויקימילון	
3	16	פָּצַח	פצח	פצח	טיוטה	ממתין	ויקימילון	
3	17	חָרַץ	חרץ	חרצ	ירושה-שונה	ממתין	ויקימילון	
3	18	קָצַף	קצף	קצפ	טיוטה	ממתין	ויקימילון	
3	19	גָּעַשׁ	געש	געש	טיוטה	ממתין	ויקימילון	
3	20	לִבָּה	לבה	לבה	ירושה-שונה	ממתין	ויקימילון	
3	21	נָמוֹג	נמוג	מוג	ירושה-שונה	ממתין	ויקימילון	
3	22	גָּז	גז	גוז	ירושה-שונה	ממתין	ויקימילון	
3	23	חָתַר	חתר	חתר	טיוטה	ממתין	ויקימילון	
3	24	מָשׁ	מש	מוש	ירושה-שונה	ממתין	ויקימילון	
3	25	הֵגִיחַ	הגיח	גיח	טיוטה	ממתין	ויקימילון	
3	26	עָט	עט	עוט	טיוטה	ממתין	ויקימילון	
3	27	דָּאָה	דאה	דאה	טיוטה	ממתין	ויקימילון	
3	28	הִצְלִיף	הצליף	צלפ	טיוטה	ממתין	ויקימילון	
3	29	לָקָה	לקה	לקה	ירושה-שונה	ממתין	ויקימילון	
3	30	הֵנִיס	הניס	נוס	טיוטה	ממתין		
3	31	בָּצַר	בצר	בצר	ירושה-מבוקרת	ממתין	ויקימילון	
3	32	מָסַק	מסק	מסק	ירושה-שונה	ממתין	ויקימילון	
3	33	אָגַר	אגר	אגר	טיוטה	ממתין	ויקימילון	
3	34	לִקֵּט	לקט	לקט	טיוטה	ממתין	ויקימילון	
3	35	קוֹשֵׁשׁ	קושש	קשש	ירושה-שונה	ממתין	ויקימילון	
3	36	גָּנַז	גנז	גנז	ירושה-שונה	ממתין	ויקימילון	
3	37	קָלַח	קלח	קלח	ירושה-שונה	ממתין	ויקימילון	
3	38	נִגַּר	נגר	נגר	ירושה-שונה	ממתין	ויקימילון	
3	39	הִשְׁרָה	השרה	שרה	ירושה-שונה	ממתין		
3	40	רָקַח	רקח	רקח	ירושה-שונה	ממתין	ויקימילון	
3	41	בָּחַשׁ	בחש	בחש	טיוטה	ממתין	ויקימילון	
3	42	חָרַךְ	חרך	חרכ	ירושה-שונה	ממתין	ויקימילון	
3	43	לִחֵךְ	לחך	לחכ	ירושה-שונה	ממתין	ויקימילון	
3	44	כִּרְסֵם	כרסם	כרסמ	טיוטה	ממתין	ויקימילון	
3	45	גָּמַע	גמע	גמע	ירושה-שונה	ממתין	ויקימילון	
3	46	קָץ	קץ	קוצ	ירושה-שונה	ממתין	ויקימילון	
3	47	הֵקִיץ	הקיץ	יקצ	ירושה-מבוקרת	ממתין	ויקימילון	
3	48	בָּדָה	בדה	בדה	ירושה-שונה	ממתין	ויקימילון	
3	49	טָוָה	טוה	טוה	ירושה-שונה	ממתין	ויקימילון	
3	50	שָׁזַר	שזר	שזר	טיוטה	ממתין	ויקימילון	
3	51	פִּלֵּל	פלל	פלל	ירושה-שונה	ממתין	ויקימילון	
3	52	חִפָּה	חפה	חפה	טיוטה	ממתין	ויקימילון	
3	53	לִבְלֵב	לבלב	לבלב	ירושה-שונה	ממתין	ויקימילון	
3	54	הֵנֵץ	הנץ	נצצ	ירושה-שונה	ממתין	ויקימילון	
3	55	הִפְצִיעַ	הפציע	פצע	טיוטה	ממתין	ויקימילון	
3	56	כָּמַשׁ	כמש	כמש	ירושה-שונה	ממתין	ויקימילון	
3	57	קָרַן	קרן	קרנ	טיוטה	ממתין	ויקימילון	
3	58	שִׁדֵּל	שדל	שדל	ירושה-שונה	ממתין	ויקימילון	
3	59	הִדִּיחַ	הדיח	נדח	ירושה-שונה	ממתין	ויקימילון	
3	60	הֵנִיא	הניא	נוא	ירושה-שונה	ממתין	ויקימילון	
3	61	אִחָה	אחה	אחה	טיוטה	ממתין	ויקימילון	
3	62	טָרַף	טרף	טרפ	ירושה-שונה	ממתין	ויקימילון	
3	63	כָּתַשׁ	כתש	כתש	טיוטה	ממתין	ויקימילון	
3	64	לָפַת	לפת	לפת	טיוטה	ממתין	ויקימילון	
3	65	חָפַן	חפן	חפנ	ירושה-שונה	ממתין	ויקימילון	
3	66	הֶאֱצִיל	האציל	אצל	ירושה-מבוקרת	ממתין		
3	67	הֵשִׁית	השית	שית	טיוטה	ממתין		
3	68	הִפְקִיעַ	הפקיע	פקע	ירושה-שונה	ממתין		
3	69	הִכִּישׁ	הכיש	נכש	טיוטה	ממתין	ויקימילון	
3	70	שִׁסַּע	שסע	שסע	ירושה-שונה	ממתין	ויקימילון	
3	71	פָּרַם	פרם	פרמ	טיוטה	ממתין	ויקימילון	
3	72	הִגְלִיד	הגליד	גלד	ירושה-שונה	ממתין	ויקימילון	
3	73	צָוַח	צוח	צוח	טיוטה	ממתין	ויקימילון	
3	74	קוֹנֵן	קונן	קינ	ירושה-שונה	ממתין	ויקימילון	
3	75	סָפַד	ספד	ספד	טיוטה	ממתין	ויקימילון	
3	76	מָעַל	מעל	מעל	ירושה-שונה	ממתין	ויקימילון	
3	77	סָרַח	סרח	סרח	טיוטה	ממתין	ויקימילון	
3	78	שָׁמַט	שמט	שמט	טיוטה	ממתין	ויקימילון	
3	79	רָבַץ	רבץ	רבצ	טיוטה	ממתין	ויקימילון	
3	80	הִשְׂתָּרֵעַ	השתרע	שרע	טיוטה	ממתין	ויקימילון	
3	81	סָכַם	סכם	סכמ	טיוטה	ממתין	ויקימילון	
3	82	שָׂרַךְ	שרך	שרכ	טיוטה	ממתין	ויקימילון	
3	83	הִשְׁבִּיעַ	השביע	שבע	טיוטה	ממתין	ויקימילון	
3	84	אָצַר	אצר	אצר	ירושה-שונה	ממתין	ויקימילון	
3	85	רָוָה	רוה	רוה	ירושה-שונה	ממתין	ויקימילון	
3	86	מָדוֹן	מדון	מדונ	טיוטה	ממתין	ויקימילון	
3	87	מָגוֹר	מגור	גור	ירושה-שונה	ממתין	ויקימילון	
3	88	חִיל	חיל	חיל	ירושה-שונה	ממתין	ויקימילון	
3	89	מֹרֶךְ	מרך	מרכ	טיוטה	ממתין	ויקימילון	
3	90	הוֹד	הוד	הוד	טיוטה	ממתין	ויקימילון	
3	91	פַּת	פת	פתת	טיוטה	ממתין	ויקימילון	
3	92	תֶּלֶם	תלם	תלמ	ירושה-שונה	ממתין	ויקימילון	
3	93	חֶרְמֵשׁ	חרמש	חרמש	ירושה-שונה	ממתין	ויקימילון	
3	94	אָסָם	אסם	אסמ	ירושה-מבוקרת	ממתין	ויקימילון	
3	95	גֹּרֶן	גרן	גרנ	ירושה-שונה	ממתין	ויקימילון	
3	96	מוֹץ	מוץ	מוצ	ירושה-שונה	ממתין	ויקימילון	
3	97	אִזְמֵל	אזמל	אזמל	טיוטה	ממתין	ויקימילון	
3	98	סַדָּן	סדן	סדנ	ירושה-שונה	ממתין	ויקימילון	
3	99	נָקִיק	נקיק	נקק	ירושה-שונה	ממתין	ויקימילון	
3	100	כּוּךְ	כוך	כוכ	טיוטה	ממתין	ויקימילון	
3	101	גֻּמְחָה	גמחה	גמח	ירושה-מבוקרת	ממתין	ויקימילון	
3	102	מִשְׁעוֹל	משעול	שעל	ירושה-שונה	ממתין	ויקימילון	
3	103	בְּרִיחַ	בריח	ברח	ירושה-שונה	ממתין	ויקימילון	
3	104	טְרַקְלִין	טרקלין	טרקלין	טיוטה	ממתין	ויקימילון	
3	105	פְּרוֹזְדוֹר	פרוזדור	פרוזדור	טיוטה	ממתין	ויקימילון	
3	106	יָצִיעַ	יציע	יצע	ירושה-שונה	ממתין	ויקימילון	
3	107	מַשְׁקוֹף	משקוף	שקפ	טיוטה	ממתין	ויקימילון	
3	108	זִיז	זיז	זיז	טיוטה	ממתין	ויקימילון	
3	109	חֲרוֹן	חרון	חרה	ירושה-שונה	ממתין	ויקימילון	
3	110	טְרוּנְיָה	טרוניה	טרוניה	ירושה-שונה	ממתין		
3	111	דְּאָבוֹן	דאבון	דאב	ירושה-שונה	ממתין	ויקימילון	
3	112	זָדוֹן	זדון	זיד	טיוטה	ממתין	ויקימילון	
3	113	שְׁגָגָה	שגגה	שגג	טיוטה	ממתין		
3	114	רַהַב	רהב	רהב	ירושה-שונה	ממתין	ויקימילון	
3	115	גִּנּוּנִים	גנונים	גנונ	ירושה-שונה	ממתין		
3	116	אֲבוּקָה	אבוקה	אבוקה	ירושה-שונה	ממתין	ויקימילון	
3	117	עֲשָׁשִׁית	עששית	עשש	ירושה-שונה	ממתין	ויקימילון	
3	118	שְׁבִיב	שביב	שבב	ירושה-שונה	ממתין	ויקימילון	
3	119	גֵּץ	גץ	גצצ	ירושה-שונה	ממתין	ויקימילון	
3	120	עָב	עב	עוב	ירושה-שונה	ממתין	ויקימילון	
3	121	בֻּסְתָּן	בסתן	בוסתנ	ירושה-מבוקרת	ממתין	ויקימילון	
3	122	טְרָשִׁים	טרשים	טרש	ירושה-שונה	ממתין	ויקימילון	
3	123	צִיָּה	ציה	ציה	ירושה-שונה	ממתין	ויקימילון	
3	124	אֶגֶל	אגל	אגל	ירושה-שונה	ממתין	ויקימילון	
3	125	בְּלִיל	בליל	בלל	ירושה-שונה	ממתין	ויקימילון	
3	126	מַסֶּכֶת	מסכת	מסכ	טיוטה	ממתין	ויקימילון	
3	127	אִגֶּרֶת	אגרת	אגרת	טיוטה	ממתין	ויקימילון	
3	128	קֻלְמוֹס	קלמוס	קולמוס	ירושה-שונה	ממתין	ויקימילון	
3	129	מִכְתָּם	מכתם	כתמ	טיוטה	ממתין	ויקימילון	
3	130	לַהַג	להג	להג	ירושה-שונה	ממתין	ויקימילון	
3	131	נִיב	ניב	ניב	טיוטה	ממתין	ויקימילון	
3	132	קְלַסְתֵּר	קלסתר	קלסתר	טיוטה	ממתין		
3	133	אֲרֶשֶׁת	ארשת	ארש	טיוטה	ממתין	ויקימילון	
3	134	הַעֲוָיָה	העויה	עוה	טיוטה	ממתין		
3	135	רַקָּה	רקה	רקה	טיוטה	ממתין	ויקימילון	
3	136	אִישׁוֹן	אישון	אישונ	טיוטה	ממתין	ויקימילון	
3	137	אַמָּה	אמה	אמה	ירושה-שונה	ממתין	ויקימילון	
3	138	זֶרֶת	זרת	זרת	טיוטה	ממתין	ויקימילון	
3	139	נֹפֶת	נפת	נפת	טיוטה	ממתין		
3	140	בֹּסֶר	בסר	בסר	ירושה-שונה	ממתין	ויקימילון	
3	141	תִּקְרֹבֶת	תקרבת	תקרב	ירושה-שונה	ממתין		
3	142	אַרְגָּמָן	ארגמן	ארגמנ	טיוטה	ממתין	ויקימילון	
3	143	מָשׁוֹט	משוט	שוט	טיוטה	ממתין	ויקימילון	
3	144	מְצוּלָה	מצולה	צול	טיוטה	ממתין	ויקימילון	
3	145	שִׂרְטוֹן	שרטון	שרטונ	טיוטה	ממתין	ויקימילון	
3	146	נַחְשׁוֹל	נחשול	נחשול	ירושה-מבוקרת	ממתין	ויקימילון	
3	147	מְלִיצָה	מליצה	מלצ	ירושה-שונה	ממתין	ויקימילון	
3	148	לַמְדָנוּת	למדנות	למד	טיוטה	ממתין		
3	149	פַּטְרוֹנוּת	פטרונות	פטרונ	טיוטה	ממתין		
3	150	מֶתֶק	מתק	מתק	טיוטה	ממתין	ויקימילון	
3	151	קוֹדֵר	קודר	קדר	טיוטה	ממתין	ויקימילון	
3	152	צוֹנֵן	צונן	צננ	ירושה-שונה	ממתין	ויקימילון	
3	153	עֲקַלָּתוֹן	עקלתון	עקל	טיוטה	ממתין	ויקימילון	
3	154	דָּשֵׁן	דשן	דשנ	ירושה-שונה	ממתין	ויקימילון	
3	155	מְרֻפָּט	מרפט	רפט	ירושה-שונה	ממתין	ויקימילון	
3	156	דָּלוּחַ	דלוח	דלח	ירושה-מבוקרת	ממתין	ויקימילון	
3	157	פָּעוּר	פעור	פער	טיוטה	ממתין	ויקימילון	
3	158	לוּט	לוט	לוט	ירושה-שונה	ממתין	ויקימילון	
3	159	צָפוּן	צפון	צפנ	ירושה-שונה	ממתין	ויקימילון	
3	160	כָּמוּס	כמוס	כמס	ירושה-שונה	ממתין	ויקימילון	
3	161	שָׁגוּר	שגור	שגר	טיוטה	ממתין	ויקימילון	
3	162	רָהוּט	רהוט	רהט	טיוטה	ממתין	ויקימילון	
3	163	שָׁחוּם	שחום	שחמ	טיוטה	ממתין	ויקימילון	
3	164	מְנֻמָּר	מנמר	נמר	טיוטה	ממתין	ויקימילון	
3	165	סָבוּךְ	סבוך	סבכ	ירושה-שונה	ממתין	ויקימילון	
3	166	אָנוּשׁ	אנוש	אנש	טיוטה	ממתין	ויקימילון	
3	167	טָפֵל	טפל	טפל	טיוטה	ממתין	ויקימילון	
3	168	טָחוּב	טחוב	טחב	ירושה-שונה	ממתין	ויקימילון	
3	169	טָמִיר	טמיר	טמר	ירושה-שונה	ממתין	ויקימילון	
3	170	סָתוּר	סתור	סתר	ירושה-מבוקרת	ממתין	ויקימילון	
3	171	גָּרוּם	גרום	גרמ	ירושה-מבוקרת	ממתין	ויקימילון	
3	172	כְּהֶרֶף עַיִן	כהרף עין	כהרף-עין	טיוטה	ממתין		
3	173	בִּמְחִי יָד	במחי יד	במחי-יד	ירושה-שונה	ממתין		
3	174	עוֹד בְּאִבּוֹ	עוד באבו	עוד-באיבו	טיוטה	ממתין		
3	175	קַל דַּעַת	קל דעת	קל-דעת	ירושה-שונה	ממתין		
3	176	כְּבַד רֹאשׁ	כבד ראש	כבד-ראש	טיוטה	ממתין	ויקימילון	
3	177	כְּבַד פֶּה	כבד פה	כבד-פה	טיוטה	ממתין		
3	178	אִישׁ אֶשְׁכּוֹלוֹת	איש אשכולות	איש-אשכולות	ירושה-שונה	ממתין	ויקימילון	
3	179	בַּר סַמְכָא	בר סמכא	בר-סמכא	טיוטה	ממתין		
3	180	אוֹבֵד עֵצוֹת	אובד עצות	אובד-עצות	טיוטה	ממתין	ויקימילון	
3	181	עוֹבֵר אֹרַח	עובר ארח	עובר-אורח	טיוטה	ממתין		
3	182	הוֹן עֲתֵק	הון עתק	הון-עתק	טיוטה	ממתין		
3	183	מַשְׂאַת נֶפֶשׁ	משאת נפש	משאת-נפש	טיוטה	ממתין	ויקימילון	
3	184	אֲחִיזַת עֵינַיִם	אחיזת עינים	אחיזת-עיניים	ירושה-שונה	ממתין	ויקימילון	
3	185	שְׁאָר רוּחַ	שאר רוח	שאר-רוח	ירושה-שונה	ממתין		
3	186	קְשֵׁה יוֹם	קשה יום	קשה-יום	טיוטה	ממתין		
3	187	מוּסַר הַשְׂכֵּל	מוסר השכל	מוסר-השכל	טיוטה	ממתין	ויקימילון	
3	188	שִׁנֵּס מָתְנָיו	שנס מתניו	שינס-מותניו	טיוטה	ממתין	ויקימילון	
3	189	קְנֵה מִדָּה	קנה מדה	קנה-מידה	טיוטה	ממתין	ויקימילון	
3	190	חוּט הַשָּׁנִי	חוט השני	חוט-השני	ירושה-שונה	ממתין		
3	191	הִתְבַּשֵּׂר	התבשר	בשר	ירושה-מבוקרת	ממתין	ויקימילון	
3	192	הִתִּיר	התיר	התר	ירושה-מבוקרת	ממתין	ויקימילון	
3	193	הִתְחַבֵּט	התחבט	חבט	ירושה-מבוקרת	ממתין		
3	194	כִּיבֵּד	כיבד	כבד	ירושה-מבוקרת	ממתין	ויקימילון	
3	195	לַהַק	להק	להק	ירושה-מבוקרת	ממתין	ויקימילון	
3	196	נִבְצַר מִמֶנּוּ	נבצר ממנו	נבצר-ממנו	ירושה-מבוקרת	ממתין		
3	197	בְּחַדְרֵי חֲדָרִים	בחדרי חדרים	בחדרי-חדרים	ירושה-מבוקרת	ממתין		
3	198	שִׁגְעוֹן גַּדְלוּת	שגעון גדלות	שגעון-גדלות	ירושה-מבוקרת	ממתין		
3	199	נוֹחַ לִכְעוֹס	נוח לכעוס	נוח-לכעוס	ירושה-מבוקרת	ממתין	ויקימילון	
3	200	הֶעֱלִיל	העליל	עלל	טיוטה	ממתין		
3	201	הִשְׁלָה	השלה	שלה	טיוטה	ממתין		
3	202	שִׁרְבֵּט	שרבט	שרבט	ירושה-שונה	ממתין	ויקימילון	
3	203	נִשְׂכָּר	נשכר	שכר	טיוטה	ממתין		
3	204	חָסִיד	חסיד	חסד	טיוטה	ממתין	ויקימילון	
3	205	נָטוּל	נטול	נטל	טיוטה	ממתין	ויקימילון	
3	206	לֹא נָקַף אֶצְבַּע	לא נקף אצבע	לא-נקף-אצבע	טיוטה	ממתין	ויקימילון	
3	207	הֶאֱרִיךְ יָמִים	האריך ימים	האריך-ימים	טיוטה	ממתין		
3	208	לֹא כָּל שֶׁכֵּן	לא כל שכן	לא-כל-שכן	טיוטה	ממתין	ויקימילון	
3	209	יָצָא נִשְׂכָּר	יצא נשכר	יצא-נשכר	טיוטה	ממתין		
4	1	הֵמִיט	המיט	מוט	טיוטה	ממתין	ויקימילון	
4	2	אֲמַתְלָה	אמתלה	אמתלה	ירושה-שונה	ממתין	ויקימילון	
4	3	שָׁצַף	שצף	שצפ	ירושה-שונה	ממתין		
4	4	הִדִּיר רַגְלָיו	הדיר רגליו	הדיר-רגליו	ירושה-שונה	ממתין		
4	5	כֵּרָה	כרה	כרה	ירושה-שונה	ממתין	ויקימילון	
4	6	בָּטַשׁ	בטש	בטש	טיוטה	ממתין	ויקימילון	
4	7	כִּלָּה	כלה	כלה	ירושה-שונה	ממתין	ויקימילון	
4	8	חָצַב	חצב	חצב	טיוטה	ממתין	ויקימילון	
4	9	סִתֵּת	סתת	סתת	ירושה-שונה	ממתין	ויקימילון	
4	10	גִּלֵּף	גלף	גלפ	טיוטה	ממתין	ויקימילון	
4	11	חָרַט	חרט	חרט	ירושה-שונה	ממתין	ויקימילון	
4	12	יָצַק	יצק	יצק	טיוטה	ממתין	ויקימילון	
4	13	הִתִּיךְ	התיך	נתכ	ירושה-שונה	ממתין		
4	14	מֵרֵק	מרק	מרק	טיוטה	ממתין	ויקימילון	
4	15	אָרַג	ארג	ארג	ירושה-שונה	ממתין	ויקימילון	
4	16	פָּסַח	פסח	פסח	ירושה-שונה	ממתין	ויקימילון	
4	17	קִפֵּחַ	קפח	קפח	ירושה-שונה	ממתין	ויקימילון	
4	18	רָדָה	רדה	רדה	ירושה-שונה	ממתין	ויקימילון	
4	19	מָחָה	מחה	מחה	ירושה-שונה	ממתין	ויקימילון	
4	20	הִלְעִיט	הלעיט	לעט	ירושה-שונה	ממתין	ויקימילון	
4	21	סָבָא	סבא	סבא	ירושה-שונה	ממתין	ויקימילון	
4	22	הִתְבַּסֵּם	התבסם	בסמ	טיוטה	ממתין		
4	23	נָסַךְ	נסך	נסכ	ירושה-שונה	ממתין	ויקימילון	
4	24	תָּסַס	תסס	תסס	טיוטה	ממתין		
4	25	הִבְאִישׁ	הבאיש	באש	טיוטה	ממתין		
4	26	נָדַף	נדף	נדפ	טיוטה	ממתין	ויקימילון	
4	27	הִתִּיז	התיז	נתז	טיוטה	ממתין	ויקימילון	
4	28	נִקְוָה	נקוה	קוה	ירושה-שונה	ממתין	ויקימילון	
4	29	קָד	קד	קדד	טיוטה	ממתין	ויקימילון	
4	30	סָגַד	סגד	סגד	טיוטה	ממתין	ויקימילון	
4	31	זִקֵּק	זקק	זקק	ירושה-שונה	ממתין	ויקימילון	
4	32	דִּשְׁדֵּשׁ	דשדש	דשדש	טיוטה	ממתין	ויקימילון	
4	33	שִׁרְבֵּב	שרבב	שרבב	טיוטה	ממתין	ויקימילון	
4	34	כִּרְכֵּר	כרכר	כרכר	טיוטה	ממתין	ויקימילון	
4	35	שָׁעַט	שעט	שעט	טיוטה	ממתין	ויקימילון	
4	36	נִתַּר	נתר	נתר	טיוטה	ממתין	ויקימילון	
4	37	חִשֵּׁל	חשל	חשל	ירושה-שונה	ממתין	ויקימילון	
4	38	הִתְרַפֵּק	התרפק	רפק	טיוטה	ממתין		
4	39	חָשַׁק	חשק	חשק	טיוטה	ממתין	ויקימילון	
4	40	נִחַם	נחם	נחמ	ירושה-שונה	ממתין	ויקימילון	
4	41	הִטִּיחַ	הטיח	טוח	טיוטה	ממתין		
4	42	מֵרֵר	מרר	מרר	טיוטה	ממתין	ויקימילון	
4	43	הִתְרַצָּה	התרצה	רצה	ירושה-שונה	ממתין	ויקימילון	
4	44	הִתְבַּטֵּל	התבטל	בטל	טיוטה	ממתין		
4	45	רִתֵּק	רתק	רתק	טיוטה	ממתין	ויקימילון	
4	46	שָׁבָה	שבה	שבה	טיוטה	ממתין	ויקימילון	
4	47	הִתְפַּרְקֵד	התפרקד	פרקד	טיוטה	ממתין		
4	48	שָׁכַךְ	שכך	שככ	ירושה-שונה	ממתין	ויקימילון	
4	49	גָּוַע	גוע	גוע	טיוטה	ממתין	ויקימילון	
4	50	גָּסַס	גסס	גסס	טיוטה	ממתין	ויקימילון	
4	51	נָבַר	נבר	נבר	ירושה-שונה	ממתין	ויקימילון	
4	52	פִּשְׁפֵּשׁ	פשפש	פשפש	ירושה-שונה	ממתין	ויקימילון	
4	53	נֶחְלַץ	נחלץ	חלצ	טיוטה	ממתין		
4	54	כִּלְכֵּל	כלכל	כלכל	טיוטה	ממתין	ויקימילון	
4	55	פָּרַע	פרע	פרע	ירושה-שונה	ממתין	ויקימילון	
4	56	נָשָׁה	נשה	נשה	ירושה-שונה	ממתין	ויקימילון	
4	57	חָב	חב	חוב	טיוטה	ממתין	ויקימילון	
4	58	גָּרַף	גרף	גרפ	טיוטה	ממתין	ויקימילון	
4	59	הֶחֱטִיא	החטיא	חטא	ירושה-שונה	ממתין	ויקימילון	
4	60	הָדַף	הדף	הדפ	טיוטה	ממתין	ויקימילון	
4	61	נִדָּה	נדה	נדה	טיוטה	ממתין	ויקימילון	
4	62	פִּלֵּס	פלס	פלס	טיוטה	ממתין	ויקימילון	
4	63	כָּרַךְ	כרך	כרכ	ירושה-שונה	ממתין	ויקימילון	
4	64	הֶעְתִּיק	העתיק	עתק	ירושה-שונה	ממתין	ויקימילון	
4	65	הִתְיַמֵּר	התימר	ימר	ירושה-שונה	ממתין	ויקימילון	
4	66	הִצְטַנֵּף	הצטנף	צנפ	ירושה-שונה	ממתין	ויקימילון	
4	67	קִנֵּן	קנן	קננ	ירושה-שונה	ממתין	ויקימילון	
4	68	דָּגַל	דגל	דגל	טיוטה	ממתין	ויקימילון	
4	69	כּוֹנֵן	כונן	כונ	ירושה-שונה	ממתין	ויקימילון	
4	70	נָקַב	נקב	נקב	ירושה-שונה	ממתין	ויקימילון	
4	71	פִּעְפֵּעַ	פעפע	פעפע	טיוטה	ממתין	ויקימילון	
4	72	הִפְרִיחַ	הפריח	פרח	טיוטה	ממתין		
4	73	זָרָה	זרה	זרה	ירושה-שונה	ממתין	ויקימילון	
4	74	נִפָּה	נפה	נפה	ירושה-שונה	ממתין	ויקימילון	
4	75	נָצַר	נצר	נצר	ירושה-שונה	ממתין	ויקימילון	
4	76	הִבְזִיק	הבזיק	בזק	טיוטה	ממתין		
4	77	הֶחֱוָה	החוה	חוה	טיוטה	ממתין	ויקימילון	
4	78	הִתְוָה	התוה	תוה	ירושה-שונה	ממתין	ויקימילון	
4	79	שָׁלָה	שלה	שלה	ירושה-שונה	ממתין	ויקימילון	
4	80	מָשָׁה	משה	משה	ירושה-שונה	ממתין	ויקימילון	
4	81	הִתְרוֹשֵׁשׁ	התרושש	רשש	טיוטה	ממתין	ויקימילון	
4	82	אַבְחָה	אבחה	אבח	ירושה-שונה	ממתין	ויקימילון	
4	83	פִּרְצָה	פרצה	פרצ	טיוטה	ממתין		
4	84	תֻּרְפָּה	תרפה	תרפ	טיוטה	ממתין	ויקימילון	
4	85	מָבוֹי	מבוי	מבוי	טיוטה	ממתין	ויקימילון	
4	86	רֶסֶן	רסן	רסנ	טיוטה	ממתין	ויקימילון	
4	87	דָּרְבָּן	דרבן	דרבנ	ירושה-שונה	ממתין	ויקימילון	
4	88	עֹל	על	עול	ירושה-שונה	ממתין	ויקימילון	
4	89	אַגָּן	אגן	אגנ	טיוטה	ממתין	ויקימילון	
4	90	קַנְקַן	קנקן	קנקנ	טיוטה	ממתין	ויקימילון	
4	91	נֹאד	נאד	נאד	ירושה-שונה	ממתין	ויקימילון	
4	92	שִׁקּוּי	שקוי	שקה	טיוטה	ממתין	ויקימילון	
4	93	מָזוֹר	מזור	מזר	ירושה-שונה	ממתין	ויקימילון	
4	94	רְטִיָּה	רטיה	רטה	טיוטה	ממתין	ויקימילון	
4	95	אַדֶּרֶת	אדרת	אדר	ירושה-שונה	ממתין	ויקימילון	
4	96	הִינוּמָה	הינומה	הינומה	טיוטה	ממתין	ויקימילון	
4	97	טְלַאי	טלאי	טלא	ירושה-שונה	ממתין		
4	98	יְרִיעָה	יריעה	ירע	טיוטה	ממתין		
4	99	מַרְבָד	מרבד	רבד	ירושה-שונה	ממתין	ויקימילון	
4	100	כְּסוּת	כסות	כסה	טיוטה	ממתין	ויקימילון	
4	101	אַמְתַּחַת	אמתחת	אמתח	ירושה-שונה	ממתין	ויקימילון	
4	102	נְבָכִים	נבכים	נבכ	טיוטה	ממתין		
4	103	תּוֹאֲנָה	תואנה	אנה	ירושה-שונה	ממתין	ויקימילון	
4	104	שִׁלְהֵי	שלהי	שלהי	ירושה-שונה	ממתין	ויקימילון	
4	105	עֶרֶשׂ	ערש	ערש	טיוטה	ממתין	ויקימילון	
4	106	דְּוַי	דוי	דוה	ירושה-שונה	ממתין	ויקימילון	
4	107	מוּם	מום	מומ	טיוטה	ממתין	ויקימילון	
4	108	פַּלָּצוּת	פלצות	פלצ	ירושה-שונה	ממתין		
4	109	תַּזָּזִית	תזזית	תזז	ירושה-שונה	ממתין		
4	110	צַחֲנָה	צחנה	צחנ	ירושה-שונה	ממתין	ויקימילון	
4	111	אֲפִיסָה	אפיסה	אפס	טיוטה	ממתין		
4	112	נָדָן	נדן	נדנ	ירושה-מבוקרת	ממתין	ויקימילון	
4	113	רֹמַח	רמח	רמח	טיוטה	ממתין	ויקימילון	
4	114	עֲטָרָה	עטרה	עטר	טיוטה	ממתין	ויקימילון	
4	115	שַׁרְבִיט	שרביט	שרביט	ירושה-שונה	ממתין	ויקימילון	
4	116	כֵּס	כס	כס	טיוטה	ממתין	ויקימילון	
4	117	רוֹזֵן	רוזן	רזנ	טיוטה	ממתין	ויקימילון	
4	118	נְצִיב	נציב	נצב	ירושה-שונה	ממתין	ויקימילון	
4	119	עֲלוּמִים	עלומים	עלמ	ירושה-שונה	ממתין	ויקימילון	
4	120	שֵׂיבָה	שיבה	שיב	טיוטה	ממתין	ויקימילון	
4	121	קֹמֶץ	קמץ	קמצ	טיוטה	ממתין	ויקימילון	
4	122	דֹּפֶן	דפן	דפנ	טיוטה	ממתין	ויקימילון	
4	123	קוֹרָה	קורה	קרה	טיוטה	ממתין	ויקימילון	
4	124	יָתֵד	יתד	יתד	טיוטה	ממתין	ויקימילון	
4	125	גַּלְעֵד	גלעד	גלעד	ירושה-שונה	ממתין	ויקימילון	
4	126	מַסְוֶה	מסוה	סוה	ירושה-שונה	ממתין	ויקימילון	
4	127	צֶלֶם	צלם	צלמ	טיוטה	ממתין	ויקימילון	
4	128	בָּבוּאָה	בבואה	בבא	טיוטה	ממתין	ויקימילון	
4	129	מַאֲוַיִּים	מאויים	אוה	ירושה-שונה	ממתין		
4	130	כּוּר	כור	כור	ירושה-שונה	ממתין	ויקימילון	
4	131	פִּיחַ	פיח	פיח	טיוטה	ממתין	ויקימילון	
4	132	אוּד	אוד	אוד	ירושה-שונה	ממתין	ויקימילון	
4	133	רֶמֶץ	רמץ	רמצ	ירושה-שונה	ממתין	ויקימילון	
4	134	גְּבִיר	גביר	גבר	ירושה-שונה	ממתין	ויקימילון	
4	135	פְּלוֹנִי	פלוני	פלוני	ירושה-שונה	ממתין	ויקימילון	
4	136	קַרְתָּן	קרתן	קרת	ירושה-שונה	ממתין	ויקימילון	
4	137	בְּדֹלַח	בדלח	בדלח	טיוטה	ממתין	ויקימילון	
4	138	מַתָּת	מתת	מתת	טיוטה	ממתין	ויקימילון	
4	139	תְּשׁוּרָה	תשורה	תשר	ירושה-שונה	ממתין	ויקימילון	
4	140	רוֹכֵל	רוכל	רכל	טיוטה	ממתין	ויקימילון	
4	141	כָּרוֹז	כרוז	כרז	טיוטה	ממתין	ויקימילון	
4	142	חוֹטֵב	חוטב	חטב	טיוטה	ממתין	ויקימילון	
4	143	אֵבוּס	אבוס	אבס	ירושה-שונה	ממתין	ויקימילון	
4	144	שֹׁקֶת	שקת	שקת	ירושה-שונה	ממתין	ויקימילון	
4	145	דִּיר	דיר	דיר	טיוטה	ממתין	ויקימילון	
4	146	אֻרְוָה	ארוה	ארו	טיוטה	ממתין	ויקימילון	
4	147	שׁוֹבָךְ	שובך	שבכ	ירושה-שונה	ממתין	ויקימילון	
4	148	אֹרְחָה	ארחה	ארח	ירושה-שונה	ממתין	ויקימילון	
4	149	בִּקְתָּה	בקתה	בקת	טיוטה	ממתין	ויקימילון	
4	150	פֻּנְדָּק	פנדק	פונדק	טיוטה	ממתין	ויקימילון	
4	151	אַפִּרְיוֹן	אפריון	אפריונ	ירושה-שונה	ממתין	ויקימילון	
4	152	מַחְצֶלֶת	מחצלת	חצל	טיוטה	ממתין	ויקימילון	
4	153	כֶּסֶת	כסת	כסת	טיוטה	ממתין	ויקימילון	
4	154	פָּמוֹט	פמוט	פמוט	טיוטה	ממתין	ויקימילון	
4	155	מִכְמַנִּים	מכמנים	כמנ	ירושה-שונה	ממתין		
4	156	קוּרִים	קורים	קור	טיוטה	ממתין	ויקימילון	
4	157	רָדוּד	רדוד	רדד	ירושה-שונה	ממתין	ויקימילון	
4	158	נָבוּב	נבוב	נבב	ירושה-שונה	ממתין	ויקימילון	
4	159	נִכְאֶה	נכאה	כאה	טיוטה	ממתין	ויקימילון	
4	160	שָׁפוּף	שפוף	שפפ	ירושה-שונה	ממתין		
4	161	אָדוּק	אדוק	אדק	טיוטה	ממתין	ויקימילון	
4	162	עָרִיץ	עריץ	ערצ	טיוטה	ממתין	ויקימילון	
4	163	צוֹרֵר	צורר	צרר	ירושה-שונה	ממתין	ויקימילון	
4	164	יוֹקֵד	יוקד	יקד	טיוטה	ממתין	ויקימילון	
4	165	חָקוּק	חקוק	חקק	טיוטה	ממתין		
4	166	רוֹפֵף	רופף	רפפ	טיוטה	ממתין		
4	167	עָבֹת	עבת	עבת	טיוטה	ממתין	ויקימילון	
4	168	מְסֻרְבָּל	מסרבל	סרבל	טיוטה	ממתין	ויקימילון	
4	169	קְלוֹקֵל	קלוקל	קלקל	ירושה-שונה	ממתין	ויקימילון	
4	170	נִכְמְרוּ רַחֲמָיו	נכמרו רחמיו	נכמרו-רחמיו	טיוטה	ממתין		
4	171	נָפְלוּ פָּנָיו	נפלו פניו	נפלו-פניו	טיוטה	ממתין		
4	172	שְׁאָט נֶפֶשׁ	שאט נפש	שאט-נפש	ירושה-שונה	ממתין	ויקימילון	
4	173	לְלֹא חָת	ללא חת	ללא-חת	טיוטה	ממתין		
4	174	סָמְרוּ שַׂעֲרוֹתָיו	סמרו שערותיו	סמרו-שערותיו	טיוטה	ממתין		
4	175	הִרְקִיעַ שְׁחָקִים	הרקיע שחקים	הרקיע-שחקים	טיוטה	ממתין	ויקימילון	
4	176	שֵׁם דָּבָר	שם דבר	שם-דבר	טיוטה	ממתין	ויקימילון	
4	177	עִיֵּי חֳרָבוֹת	עיי חרבות	עיי-חרבות	טיוטה	ממתין		
4	178	יֵשׁ מֵאַיִן	יש מאין	יש-מאין	טיוטה	ממתין		
4	179	מִקְסַם שָׁוְא	מקסם שוא	מקסם-שווא	טיוטה	ממתין		
4	180	תָּלוּי עַל בְּלִימָה	תלוי על בלימה	תלוי-על-בלימה	טיוטה	ממתין	ויקימילון	
4	181	שְׁכוּחַ אֵל	שכוח אל	שכוח-אל	טיוטה	ממתין		
4	182	עוֹלֶה עַל גְּדוֹתָיו	עולה על גדותיו	עולה-על-גדותיו	טיוטה	ממתין		
4	183	צַר עַיִן	צר עין	צר-עין	טיוטה	ממתין	ויקימילון	
4	184	בַּר חֲלוֹף	בר חלוף	בר-חלוף	ירושה-שונה	ממתין		
4	185	נוֹשֵׂא כֵּלִים	נושא כלים	נושא-כלים	טיוטה	ממתין		
4	186	אָבַד עָלָיו הַכֶּלַח	אבד עליו הכלח	אבד-עליו-הכלח	טיוטה	ממתין		
4	187	יָצָא בְּשֵׁן וָעַיִן	יצא בשן ועין	יצא-בשן-ועין	טיוטה	ממתין	ויקימילון	
4	188	כְּמוֹצֵא שָׁלָל רָב	כמוצא שלל רב	כמוצא-שלל-רב	טיוטה	ממתין	ויקימילון	
4	189	הִגְדִּישׁ אֶת הַסְּאָה	הגדיש את הסאה	הגדיש-את-הסאה	טיוטה	ממתין	ויקימילון	
4	190	יָצָא מִגִּדְרוֹ	יצא מגדרו	יצא-מגדרו	טיוטה	ממתין		
4	191	נֶחְבָּא אֶל הַכֵּלִים	נחבא אל הכלים	נחבא-אל-הכלים	ירושה-שונה	ממתין	ויקימילון	
4	192	הִתְרָה	התרה	תרה	ירושה-מבוקרת	ממתין	ויקימילון	
4	193	הִדְבִּיר	הדביר	דבר	ירושה-מבוקרת	ממתין	ויקימילון	
4	194	כֶּבֶשׁ	כבש	כבש	ירושה-מבוקרת	ממתין	ויקימילון	
4	195	מֵצֵר	מצר	צרר	ירושה-מבוקרת	ממתין	ויקימילון	
4	196	בָּזַק	בזק	בזק	ירושה-מבוקרת	ממתין	ויקימילון	
4	197	לְמוֹתָר	למותר	למותר	ירושה-מבוקרת	ממתין	ויקימילון	
4	198	בָּא עַל שְׂכָרוֹ	בא על שכרו	בא-על-שכרו	ירושה-מבוקרת	ממתין		
4	199	אֵיתָן בְּדַעְתוֹ	איתן בדעתו	איתן-בדעתו	ירושה-מבוקרת	ממתין	ויקימילון	
4	200	סִיקֵּל	סיקל	סקל	ירושה-מבוקרת	ממתין	ויקימילון	
4	201	יַנְקוּת	ינקות	ינק	טיוטה	ממתין	ויקימילון	
4	202	מְגֻלָּם	מגלם	גלמ	טיוטה	ממתין		
4	203	לֹא יָדַע אֶת נַפְשׁוֹ	לא ידע את נפשו	לא-ידע-את-נפשו	טיוטה	ממתין		
4	204	רָחַץ בְּנִקְיוֹן כַּפָּיו	רחץ בנקיון כפיו	רחץ-בנקיון-כפיו	טיוטה	ממתין	ויקימילון	
4	205	שָׂם נַפְשׁוֹ בְּכַפּוֹ	שם נפשו בכפו	שם-נפשו-בכפו	ירושה-שונה	ממתין	ויקימילון	
4	206	פָּשַׁט יָדוֹ	פשט ידו	פשט-ידו	טיוטה	ממתין		
4	207	תְּהֵא אֲשֶׁר תְּהֵא	תהא אשר תהא	תהא-אשר-תהא	טיוטה	ממתין		
4	208	הִקְשָׁה עָרְפּוֹ	הקשה ערפו	הקשה-ערפו	טיוטה	ממתין		
5	1	חִישׁ	חיש	חיש	ירושה-שונה	ממתין	ויקימילון	
5	2	אַט	אט	אטט	טיוטה	ממתין	ויקימילון	
5	3	דּוּמָם	דומם	דממ	ירושה-שונה	ממתין	ויקימילון	
5	4	בְּפַרְהֶסְיָה	בפרהסיה	פרהסיה	טיוטה	ממתין	ויקימילון	
5	5	בְּצִנְעָה	בצנעה	צנע	טיוטה	ממתין		
5	6	בַּחֲשַׁאי	בחשאי	חשא	טיוטה	ממתין		
5	7	בְּעִתּוֹת	בעתות	עתות	טיוטה	ממתין		
5	8	קְבַרְנִיט	קברניט	קברניט	טיוטה	ממתין	ויקימילון	
5	9	נוֹגֵשׂ	נוגש	נגש	ירושה-שונה	ממתין	ויקימילון	
5	10	יָשִׁישׁ	ישיש	ישש	ירושה-שונה	ממתין	ויקימילון	
5	11	טַף	טף	טפפ	ירושה-שונה	ממתין	ויקימילון	
5	12	זַאֲטוּט	זאטוט	זאטוט	ירושה-מבוקרת	ממתין	ויקימילון	
5	13	קֻנְדָּס	קנדס	קנדס	טיוטה	ממתין	ויקימילון	
5	14	אֶפִּיקוֹרוֹס	אפיקורוס	אפיקורוס	טיוטה	ממתין	ויקימילון	
5	15	צָלַח	צלח	צלח	ירושה-שונה	ממתין	ויקימילון	
5	16	מִלֵּל	מלל	מלל	טיוטה	ממתין	ויקימילון	
5	17	עִלְעֵל	עלעל	עלעל	טיוטה	ממתין	ויקימילון	
5	18	נָשַׁף	נשף	נשפ	טיוטה	ממתין	ויקימילון	
5	19	אָרָה	ארה	ארה	טיוטה	ממתין	ויקימילון	
5	20	תִּעְתֵּעַ	תעתע	תעתע	טיוטה	ממתין	ויקימילון	
5	21	טִשְׁטֵשׁ	טשטש	טשטש	טיוטה	ממתין	ויקימילון	
5	22	לִבֵּן	לבן	לבנ	ירושה-שונה	ממתין	ויקימילון	
5	23	לִפֵּף	לפף	לפפ	טיוטה	ממתין	ויקימילון	
5	24	גָּלַל	גלל	גלל	טיוטה	ממתין	ויקימילון	
5	25	מִשֵּׁשׁ	משש	משש	טיוטה	ממתין	ויקימילון	
5	26	גִּשֵּׁשׁ	גשש	גשש	טיוטה	ממתין	ויקימילון	
5	27	רִקֵּעַ	רקע	רקע	ירושה-שונה	ממתין	ויקימילון	
5	28	שָׁעָה	שעה	שעה	ירושה-שונה	ממתין	ויקימילון	
5	29	שִׁפֵּד	שפד	שפד	טיוטה	ממתין	ויקימילון	
5	30	הֶעְפִּיל	העפיל	עפל	ירושה-שונה	ממתין	ויקימילון	
5	31	הֻגְלָה	הגלה	גלה	ירושה-שונה	ממתין		
5	32	עָקַד	עקד	עקד	טיוטה	ממתין	ויקימילון	
5	33	הִסָּה	הסה	הסה	ירושה-שונה	ממתין	ויקימילון	
5	34	הִקְשָׁה	הקשה	קשה	טיוטה	ממתין		
5	35	זִלֵּף	זלף	זלפ	טיוטה	ממתין	ויקימילון	
5	36	גָּחַן	גחן	גחנ	ירושה-שונה	ממתין	ויקימילון	
5	37	בִּתֵּר	בתר	בתר	טיוטה	ממתין	ויקימילון	
5	38	פִּכָּה	פכה	פכה	ירושה-שונה	ממתין	ויקימילון	
5	39	קָרַשׁ	קרש	קרש	טיוטה	ממתין	ויקימילון	
5	40	הִשִּׂיא	השיא	נשא	טיוטה	ממתין	ויקימילון	
5	41	נוֹעַץ	נועץ	יעצ	טיוטה	ממתין	ויקימילון	
5	42	הִתְגּוֹדֵד	התגודד	גדד	ירושה-שונה	ממתין		
5	43	הִתְעָרָה	התערה	ערה	טיוטה	ממתין	ויקימילון	
5	44	נִטְמַע	נטמע	טמע	ירושה-שונה	ממתין		
5	45	סָר	סר	סור	ירושה-שונה	ממתין	ויקימילון	
5	46	הִפְשִׁיל	הפשיל	פשל	טיוטה	ממתין	ויקימילון	
5	47	אָזַר	אזר	אזר	טיוטה	ממתין	ויקימילון	
5	48	חָגַר	חגר	חגר	ירושה-שונה	ממתין	ויקימילון	
5	49	הִתְנַגֵּחַ	התנגח	נגח	ירושה-שונה	ממתין		
5	50	סִלֵּף	סלף	סלפ	ירושה-שונה	ממתין	ויקימילון	
5	51	גָּעָה	געה	געה	טיוטה	ממתין	ויקימילון	
5	52	צָהַל	צהל	צהל	טיוטה	ממתין	ויקימילון	
5	53	שָׁרַץ	שרץ	שרצ	טיוטה	ממתין	ויקימילון	
5	54	תָּפַח	תפח	תפח	טיוטה	ממתין	ויקימילון	
5	55	פִּרְכֵּס	פרכס	פרכס	טיוטה	ממתין	ויקימילון	
5	56	שִׁלְשֵׁל	שלשל	שלשל	טיוטה	ממתין	ויקימילון	
5	57	נִפֵּץ	נפץ	נפצ	טיוטה	ממתין	ויקימילון	
5	58	הִתְפָּעֵם	התפעם	פעמ	ירושה-שונה	ממתין		
5	59	הִבְלִיג	הבליג	בלג	ירושה-שונה	ממתין	ויקימילון	
5	60	הִפְרִישׁ	הפריש	פרש	טיוטה	ממתין	ויקימילון	
5	61	נוֹאַשׁ	נואש	יאש	טיוטה	ממתין	ויקימילון	
5	62	מִצָּה	מצה	מצה	טיוטה	ממתין	ויקימילון	
5	63	סָחַף	סחף	סחפ	טיוטה	ממתין	ויקימילון	
5	64	עָגַן	עגן	עגנ	טיוטה	ממתין	ויקימילון	
5	65	קָנֶה	קנה	קנה	טיוטה	ממתין	ויקימילון	
5	66	אָחוּ	אחו	אחו	ירושה-שונה	ממתין	ויקימילון	
5	67	נִיר	ניר	ניר	ירושה-שונה	ממתין	ויקימילון	
5	68	תִּירוֹשׁ	תירוש	תירוש	טיוטה	ממתין	ויקימילון	
5	69	צִיץ	ציץ	ציצ	טיוטה	ממתין	ויקימילון	
5	70	חוֹחַ	חוח	חוח	טיוטה	ממתין	ויקימילון	
5	71	חַיִץ	חיץ	חצצ	ירושה-שונה	ממתין	ויקימילון	
5	72	שׁוּחָה	שוחה	שוח	ירושה-שונה	ממתין	ויקימילון	
5	73	תֹּפֶת	תפת	תפת	ירושה-שונה	ממתין	ויקימילון	
5	74	יְשִׁימוֹן	ישימון	ישמ	ירושה-שונה	ממתין	ויקימילון	
5	75	שָׁרָב	שרב	שרב	ירושה-שונה	ממתין	ויקימילון	
5	76	זַרְזִיף	זרזיף	זרזפ	ירושה-שונה	ממתין	ויקימילון	
5	77	אַדְוָה	אדוה	אדה	ירושה-שונה	ממתין	ויקימילון	
5	78	דֹּק	דק	דוק	ירושה-שונה	ממתין	ויקימילון	
5	79	הֶבֶל	הבל	הבל	ירושה-שונה	ממתין	ויקימילון	
5	80	נִימָה	נימה	נימ	טיוטה	ממתין	ויקימילון	
5	81	בְּדַל	בדל	בדל	טיוטה	ממתין	ויקימילון	
5	82	תּוּשִׁיָּה	תושיה	תושיה	טיוטה	ממתין	ויקימילון	
5	83	תֹּם	תם	תממ	טיוטה	ממתין	ויקימילון	
5	84	אֶמֶשׁ	אמש	אמש	טיוטה	ממתין	ויקימילון	
5	85	מוּעָקָה	מועקה	עוק	טיוטה	ממתין	ויקימילון	
5	86	טִרְדָּה	טרדה	טרד	טיוטה	ממתין	ויקימילון	
5	87	אִוְשָׁה	אושה	אוש	ירושה-שונה	ממתין	ויקימילון	
5	88	צְרִיחַ	צריח	צרח	טיוטה	ממתין	ויקימילון	
5	89	קִיטוֹן	קיטון	קיטונ	ירושה-מבוקרת	ממתין	ויקימילון	
5	90	קִיתוֹן	קיתון	קיתונ	ירושה-שונה	ממתין	ויקימילון	
5	91	גִּיגִית	גיגית	גיג	טיוטה	ממתין	ויקימילון	
5	92	נֶזֶם	נזם	נזמ	טיוטה	ממתין	ויקימילון	
5	93	עֲדִי	עדי	עדה	ירושה-שונה	ממתין	ויקימילון	
5	94	רֶגֶב	רגב	רגב	ירושה-שונה	ממתין	ויקימילון	
5	95	טִיט	טיט	טיט	טיוטה	ממתין	ויקימילון	
5	96	פּוּר	פור	פור	ירושה-שונה	ממתין	ויקימילון	
5	97	אֹשְׁיָה	אשיה	אשה	ירושה-שונה	ממתין	ויקימילון	
5	98	עֲגָה	עגה	עגה	טיוטה	ממתין	ויקימילון	
5	99	נַפְתּוּלִים	נפתולים	פתל	טיוטה	ממתין		
5	100	רָז	רז	רזז	טיוטה	ממתין	ויקימילון	
5	101	דְּיוֹקָן	דיוקן	דיוקנ	טיוטה	ממתין	ויקימילון	
5	102	חֹטֶם	חטם	חטמ	טיוטה	ממתין	ויקימילון	
5	103	לֹעַ	לע	לוע	טיוטה	ממתין	ויקימילון	
5	104	מַלְתָּעוֹת	מלתעות	לתע	טיוטה	ממתין		
5	105	טֹפֶר	טפר	טפר	טיוטה	ממתין	ויקימילון	
5	106	פַּרְסָה	פרסה	פרס	ירושה-שונה	ממתין	ויקימילון	
5	107	פְּלוּמָה	פלומה	פלמ	טיוטה	ממתין	ויקימילון	
5	108	פֵּאָה	פאה	פאה	ירושה-שונה	ממתין	ויקימילון	
5	109	יַרְכְּתַיִם	ירכתים	ירכ	ירושה-שונה	ממתין	ויקימילון	
5	110	שִׁפּוּלִים	שפולים	שפל	טיוטה	ממתין	ויקימילון	
5	111	סְפִיחַ	ספיח	ספח	טיוטה	ממתין	ויקימילון	
5	112	נֶשֶׁךְ	נשך	נשכ	ירושה-שונה	ממתין	ויקימילון	
5	113	מַהֲמוֹרוֹת	מהמורות	המר	טיוטה	ממתין		
5	114	חַתְחַתִּים	חתחתים	חתחת	טיוטה	ממתין	ויקימילון	
5	115	תְּלָאוֹת	תלאות	תלא	טיוטה	ממתין		
5	116	אֲסַפְסוּף	אספסוף	אספסופ	טיוטה	ממתין	ויקימילון	
5	117	גֻּזְמָה	גזמה	גזמ	ירושה-שונה	ממתין		
5	118	זוּטוֹת	זוטות	זוט	ירושה-שונה	ממתין		
5	119	צָפוּד	צפוד	צפד	ירושה-שונה	ממתין	ויקימילון	
5	120	מְהוּהַּ	מהוה	מהה	ירושה-שונה	ממתין	ויקימילון	
5	121	נֶאֱלָח	נאלח	אלח	ירושה-שונה	ממתין	ויקימילון	
5	122	שָׁחוּחַ	שחוח	שחח	ירושה-שונה	ממתין	ויקימילון	
5	123	מְאַלֵּף	מאלף	אלפ	טיוטה	ממתין	ויקימילון	
5	124	הֵנִיחַ אֶת דַּעְתּוֹ	הניח את דעתו	הניח-את-דעתו	טיוטה	ממתין		
5	125	הוֹלִיךְ שׁוֹלָל	הוליך שולל	הוליך-שולל	ירושה-שונה	ממתין		
5	126	הֵקֵל רֹאשׁ	הקל ראש	הקל-ראש	טיוטה	ממתין		
5	127	מִן הַפַּח אֶל הַפַּחַת	מן הפח אל הפחת	מן-הפח-אל-הפחת	טיוטה	ממתין	ויקימילון	
5	128	אֶפֶס קָצֵהוּ	אפס קצהו	אפס-קצהו	טיוטה	ממתין		
5	129	טִפִּין טִפִּין	טפין טפין	טיפין-טיפין	טיוטה	ממתין	ויקימילון	
5	130	אֵין אוֹנִים	אין אונים	אין-אונים	ירושה-שונה	ממתין		
5	131	תְּמוֹל שִׁלְשׁוֹם	תמול שלשום	תמול-שלשום	טיוטה	ממתין		
5	132	עוּל יָמִים	עול ימים	עול-ימים	ירושה-שונה	ממתין		
5	133	שְׁאֵר בָּשָׂר	שאר בשר	שאר-בשר	ירושה-מבוקרת	ממתין		
5	134	רְחַב יָד	רחב יד	רחב-יד	ירושה-שונה	ממתין	ויקימילון	
5	135	אֶרֶךְ אַפַּיִם	ארך אפים	ארך-אפיים	ירושה-שונה	ממתין	ויקימילון	
5	136	חֲמוּר סֵבֶר	חמור סבר	חמור-סבר	טיוטה	ממתין		
5	137	נִים וְלֹא נִים	נים ולא נים	נים-ולא-נים	ירושה-שונה	ממתין	ויקימילון	
5	138	עַתִּיק יוֹמִין	עתיק יומין	עתיק-יומין	טיוטה	ממתין		
5	139	שֹׁד וָשֶׁבֶר	שד ושבר	שוד-ושבר	טיוטה	ממתין	ויקימילון	
5	140	מִן הַכֹּחַ אֶל הַפֹּעַל	מן הכח אל הפעל	מן-הכוח-אל-הפועל	טיוטה	ממתין		
5	141	מְחוֹז חֶפְצוֹ	מחוז חפצו	מחוז-חפצו	טיוטה	ממתין		
5	142	בִּמְרוּצַת הַזְּמַן	במרוצת הזמן	במרוצת-הזמן	טיוטה	ממתין		
5	143	פָּרָשַׁת דְּרָכִים	פרשת דרכים	פרשת-דרכים	טיוטה	ממתין	ויקימילון	
5	144	רֹעַ הַגְּזֵרָה	רע הגזרה	רוע-הגזרה	טיוטה	ממתין		
5	145	עַמּוּד הַתָּוֶךְ	עמוד התוך	עמוד-התווך	ירושה-שונה	ממתין		
5	146	אֶבֶן בֹּחַן	אבן בחן	אבן-בוחן	ירושה-שונה	ממתין	ויקימילון	
5	147	מַטְבֵּעַ לָשׁוֹן	מטבע לשון	מטבע-לשון	טיוטה	ממתין	ויקימילון	
5	148	בַּעַל שִׁעוּר קוֹמָה	בעל שעור קומה	בעל-שיעור-קומה	טיוטה	ממתין		
5	149	נְשׂוּא פָּנִים	נשוא פנים	נשוא-פנים	טיוטה	ממתין	ויקימילון	
5	150	רַב פְּעָלִים	רב פעלים	רב-פעלים	טיוטה	ממתין		
5	151	קִבֵּל עָלָיו אֶת הַדִּין	קבל עליו את הדין	קיבל-עליו-את-הדין	טיוטה	ממתין	ויקימילון	
5	152	דָּבָר וְהִפּוּכוֹ	דבר והפוכו	דבר-והיפוכו	טיוטה	ממתין		
5	153	לֹא דֻּבִּים וְלֹא יַעַר	לא דבים ולא יער	לא-דובים-ולא-יער	טיוטה	ממתין	ויקימילון	
5	154	דָּן לְכַף זְכוּת	דן לכף זכות	דן-לכף-זכות	טיוטה	ממתין	ויקימילון	
5	155	לִפְנִים מִשּׁוּרַת הַדִּין	לפנים משורת הדין	לפנים-משורת-הדין	טיוטה	ממתין	ויקימילון	
5	156	יָצָא יְדֵי חוֹבָה	יצא ידי חובה	יצא-ידי-חובה	טיוטה	ממתין	ויקימילון	
5	157	עוֹבֵר לַסּוֹחֵר	עובר לסוחר	עובר-לסוחר	טיוטה	ממתין		
5	158	שָׁוֶה לְכָל נֶפֶשׁ	שוה לכל נפש	שווה-לכל-נפש	ירושה-שונה	ממתין	ויקימילון	
5	159	לֶחֶם חֻקּוֹ	לחם חקו	לחם-חוקו	טיוטה	ממתין	ויקימילון	
5	160	קֻצּוֹ שֶׁל יוֹד	קצו של יוד	קוצו-של-יוד	טיוטה	ממתין	ויקימילון	
5	161	מִלֵּא פִּיו מַיִם	מלא פיו מים	מילא-פיו-מים	טיוטה	ממתין		
5	162	לְשׁוֹן הַמֹּאזְנַיִם	לשון המאזנים	לשון-המאזניים	טיוטה	ממתין		
5	163	קֶרֶן זָוִית	קרן זוית	קרן-זווית	טיוטה	ממתין		
5	164	עָמַד בַּפֶּרֶץ	עמד בפרץ	עמד-בפרץ	טיוטה	ממתין		
5	165	אַחַר כָּבוֹד	אחר כבוד	אחר-כבוד	טיוטה	ממתין	ויקימילון	
5	166	בַּחֲצִי פֶּה	בחצי פה	בחצי-פה	טיוטה	ממתין		
5	167	בְּיָד רָמָה	ביד רמה	ביד-רמה	טיוטה	ממתין		
5	168	בְּאֵין רוֹאִים	באין רואים	באין-רואים	טיוטה	ממתין		
5	169	בֵּין הַשְּׁמָשׁוֹת	בין השמשות	בין-השמשות	ירושה-שונה	ממתין	ויקימילון	
5	170	לְעֵת מְצֹא	לעת מצא	לעת-מצוא	טיוטה	ממתין	ויקימילון	
5	171	נַחֲלַת הַכְּלָל	נחלת הכלל	נחלת-הכלל	טיוטה	ממתין		
5	172	נִכְסֵי צֹאן בַּרְזֶל	נכסי צאן ברזל	נכסי-צאן-ברזל	טיוטה	ממתין	ויקימילון	
5	173	יְגִיעַ כַּפָּיו	יגיע כפיו	יגיע-כפיו	טיוטה	ממתין		
5	174	הֲלָךְ רוּחַ	הלך רוח	הלך-רוח	טיוטה	ממתין		
5	175	עִדָּן וְעִדָּנִים	עדן ועדנים	עידן-ועידנים	טיוטה	ממתין		
5	176	עָשָׂה יָמִים כְּלֵילוֹת	עשה ימים כלילות	עשה-ימים-כלילות	טיוטה	ממתין		
5	177	עֵרֶב רַב	ערב רב	ערב-רב	טיוטה	ממתין		
5	178	לְמַגִּנַּת לִבּוֹ	למגנת לבו	למגינת-ליבו	ירושה-שונה	ממתין		
5	179	אַלְיָה וְקוֹץ בָּהּ	אליה וקוץ בה	אליה-וקוץ-בה	ירושה-שונה	ממתין	ויקימילון	
5	180	לַאֲמִתּוֹ שֶׁל דָּבָר	לאמתו של דבר	לאמיתו-של-דבר	טיוטה	ממתין		
5	181	אִמְרֵי שֶׁפֶר	אמרי שפר	אמרי-שפר	טיוטה	ממתין	ויקימילון	
5	182	דִּבְרֵי טַעַם	דברי טעם	דברי-טעם	טיוטה	ממתין		
5	183	דִּבְרֵי בֶּלַע	דברי בלע	דברי-בלע	טיוטה	ממתין		
5	184	כְּזַיִת	כזית	כזית	ירושה-שונה	ממתין	ויקימילון	
5	185	עֲשֶׂרֶת מוֹנִים	עשרת מונים	עשרת-מונים	טיוטה	ממתין	ויקימילון	
5	186	עַד בְּלִי דַּי	עד בלי די	עד-בלי-די	טיוטה	ממתין	ויקימילון	
5	187	כְּחוּט הַשַּׂעֲרָה	כחוט השערה	כחוט-השערה	טיוטה	ממתין	ויקימילון	
5	188	בִּדְמִי יָמָיו	בדמי ימיו	בדמי-ימיו	טיוטה	ממתין	ויקימילון	
5	189	הִכָּה גַּלִּים	הכה גלים	היכה-גלים	ירושה-שונה	ממתין	ויקימילון	
5	190	קָפָא עַל שְׁמָרָיו	קפא על שמריו	קפא-על-שמריו	ירושה-שונה	ממתין		
5	191	בּוֹסֵס	בוסס	בסס	ירושה-מבוקרת	ממתין	ויקימילון	
5	192	מַצְבִּיא	מצביא	צבא	ירושה-מבוקרת	ממתין		
5	193	דַלְפוֹן	דלפון	דלפ	ירושה-מבוקרת	ממתין	ויקימילון	
5	194	הִתְבַּשֵּׂם	התבשם	בשמ	ירושה-מבוקרת	ממתין	ויקימילון	
5	195	יָצָא מִכֵּלָיו	יצא מכליו	יצא-מכליו	ירושה-מבוקרת	ממתין		
5	196	סָר חִינוֹ	סר חינו	סר-חינו	ירושה-מבוקרת	ממתין		
5	197	גֶּשֶׁם זַלְעָפוֹת	גשם זלעפות	גשם-זלעפות	ירושה-מבוקרת	ממתין		
5	198	הָלַך שְׁבִי	הלך שבי	הלך-שבי	ירושה-מבוקרת	ממתין		
5	199	מִסְעָד	מסעד	סעד	ירושה-מבוקרת	ממתין	ויקימילון	
5	200	בִּיכֵּר	ביכר	בכר	ירושה-מבוקרת	ממתין	ויקימילון	
5	201	הִרְנִין	הרנין	רננ	טיוטה	ממתין		
5	202	לֹא יָדַע שָׂבְעָה	לא ידע שבעה	לא-ידע-שבעה	טיוטה	ממתין		
5	203	עַד לְשַׁד עַצְמוֹתָיו	עד לשד עצמותיו	עד-לשד-עצמותיו	טיוטה	ממתין		
6	1	בַּעֲקִיפִין	בעקיפין	עקפ	טיוטה	ממתין		
6	2	בְּמֵישָׁרִין	במישרין	ישר	ירושה-שונה	ממתין	ויקימילון	
6	3	נָמַק	נמק	מקק	טיוטה	ממתין	ויקימילון	
6	4	הִתְנַוֵּן	התנון	נונ	טיוטה	ממתין		
6	5	כִּעְכֵּעַ	כעכע	כעכע	טיוטה	ממתין		
6	6	בָּחַל	בחל	בחל	טיוטה	ממתין	ויקימילון	
6	7	שִׁקֵּץ	שקץ	שקצ	טיוטה	ממתין	ויקימילון	
6	8	הִפְלִיא	הפליא	פלא	טיוטה	ממתין		
6	9	הֵמִיר	המיר	מור	ירושה-שונה	ממתין	ויקימילון	
6	10	סוֹכֵךְ	סוכך	סככ	ירושה-שונה	ממתין	ויקימילון	
6	11	הִתְאוֹנֵן	התאונן	אנן	ירושה-שונה	ממתין	ויקימילון	
6	12	הִתְפַּלְפֵּל	התפלפל	פלפל	טיוטה	ממתין		
6	13	הִתְבָּרֵךְ	התברך	ברכ	טיוטה	ממתין		
6	14	הִתְרוֹנֵן	התרונן	רננ	טיוטה	ממתין		
6	15	שָׂשׂ	שש	שוש	טיוטה	ממתין	ויקימילון	
6	16	סִלְסֵל	סלסל	סלסל	טיוטה	ממתין	ויקימילון	
6	17	גִּחֵךְ	גחך	גחכ	טיוטה	ממתין	ויקימילון	
6	18	מָשַׁל	משל	משל	טיוטה	ממתין	ויקימילון	
6	19	לָכַד	לכד	לכד	טיוטה	ממתין	ויקימילון	
6	20	לָן	לן	לונ	טיוטה	ממתין	ויקימילון	
6	21	נָשַׁר	נשר	נשר	טיוטה	ממתין	ויקימילון	
6	22	לָגַם	לגם	לגמ	טיוטה	ממתין	ויקימילון	
6	23	סָרַג	סרג	סרג	ירושה-שונה	ממתין	ויקימילון	
6	24	נָטַף	נטף	נטפ	טיוטה	ממתין	ויקימילון	
6	25	רָטַט	רטט	רטט	טיוטה	ממתין	ויקימילון	
6	26	צָבַט	צבט	צבט	טיוטה	ממתין	ויקימילון	
6	27	הִתְנָאָה	התנאה	נאה	טיוטה	ממתין	ויקימילון	
6	28	הִשְׁחִיז	השחיז	שחז	ירושה-שונה	ממתין		
6	29	מְשׁוּבָה	משובה	שוב	ירושה-שונה	ממתין	ויקימילון	
6	30	דִּיצָה	דיצה	דוצ	טיוטה	ממתין		
6	31	יֶשַׁע	ישע	ישע	טיוטה	ממתין	ויקימילון	
6	32	מִבְטַחִים	מבטחים	בטח	טיוטה	ממתין		
6	33	עִרְבּוּבְיָה	ערבוביה	ערבב	טיוטה	ממתין		
6	34	אַנְדְּרָלָמוּסְיָה	אנדרלמוסיה	אנדרלמוסיה	טיוטה	ממתין	ויקימילון	
6	35	צְמַרְמֹרֶת	צמרמרת	צמרמר	טיוטה	ממתין	ויקימילון	
6	36	שַׁוְעָה	שועה	שוע	ירושה-שונה	ממתין	ויקימילון	
6	37	פִּיּוּט	פיוט	פיט	טיוטה	ממתין	ויקימילון	
6	38	חָרוּז	חרוז	חרז	טיוטה	ממתין	ויקימילון	
6	39	מוּבָאָה	מובאה	בוא	ירושה-שונה	ממתין		
6	40	בְּלִיַּעַל	בליעל	בליעל	טיוטה	ממתין	ויקימילון	
6	41	סוּגַר	סוגר	סגר	ירושה-שונה	ממתין	ויקימילון	
6	42	מֵחוּשׁ	מחוש	חוש	טיוטה	ממתין	ויקימילון	
6	43	חֲטוֹטֶרֶת	חטוטרת	חטטר	ירושה-שונה	ממתין	ויקימילון	
6	44	גַּלְעִין	גלעין	גלע	ירושה-שונה	ממתין		
6	45	תַּרְדֵּמָה	תרדמה	רדמ	טיוטה	ממתין	ויקימילון	
6	46	מִגְבַּעַת	מגבעת	גבע	ירושה-מבוקרת	ממתין	ויקימילון	
6	47	כֻּתֹּנֶת	כתנת	כתנ	טיוטה	ממתין	ויקימילון	
6	48	אַבְזָם	אבזם	אבזמ	טיוטה	ממתין	ויקימילון	
6	49	לוּלָאָה	לולאה	לול	טיוטה	ממתין	ויקימילון	
6	50	בִּטְנָה	בטנה	בטנ	טיוטה	ממתין	ויקימילון	
6	51	תַּךְ	תך	תככ	טיוטה	ממתין	ויקימילון	
6	52	פִּשְׁתָּן	פשתן	פשת	טיוטה	ממתין	ויקימילון	
6	53	מַלְמָלָה	מלמלה	מלמל	טיוטה	ממתין		
6	54	אָהִיל	אהיל	אהל	ירושה-שונה	ממתין	ויקימילון	
6	55	שִׁדָּה	שדה	שידה	טיוטה	ממתין	ויקימילון	
6	56	הֲדוֹם	הדום	הדמ	ירושה-שונה	ממתין	ויקימילון	
6	57	דַּרְגָּשׁ	דרגש	דרגש	ירושה-שונה	ממתין	ויקימילון	
6	58	כִּלְאַיִם	כלאים	כלא	טיוטה	ממתין	ויקימילון	
6	59	שַׁעַטְנֵז	שעטנז	שעטנז	טיוטה	ממתין	ויקימילון	
6	60	נָזִיד	נזיד	נזד	טיוטה	ממתין	ויקימילון	
6	61	רָקִיק	רקיק	רקק	ירושה-שונה	ממתין	ויקימילון	
6	62	סֹלֶת	סלת	סלת	טיוטה	ממתין	ויקימילון	
6	63	יוּחֲסִין	יוחסין	יחס	טיוטה	ממתין		
6	64	אִילָן	אילן	אילנ	טיוטה	ממתין	ויקימילון	
6	65	אֵימָה	אימה	אימ	ירושה-שונה	ממתין	ויקימילון	
6	66	קֶטֶל	קטל	קטל	טיוטה	ממתין	ויקימילון	
6	67	מַאֲכֶלֶת	מאכלת	אכל	ירושה-שונה	ממתין	ויקימילון	
6	68	פִּגְיוֹן	פגיון	פגיונ	טיוטה	ממתין	ויקימילון	
6	69	גַּיְא	גיא	גיא	ירושה-מבוקרת	ממתין	ויקימילון	
6	70	מַחְשַׁכִּים	מחשכים	חשכ	טיוטה	ממתין		
6	71	אַשְׁמֹרֶת	אשמרת	שמר	ירושה-שונה	ממתין	ויקימילון	
6	72	רֵעוּת	רעות	רעה	טיוטה	ממתין	ויקימילון	
6	73	מֶלְתָּחָה	מלתחה	מלתח	טיוטה	ממתין	ויקימילון	
6	74	אֲפַרְכֶּסֶת	אפרכסת	אפרכס	ירושה-שונה	ממתין	ויקימילון	
6	75	מוּגָף	מוגף	גופ	ירושה-שונה	ממתין	ויקימילון	
6	76	תָּלוּשׁ	תלוש	תלש	טיוטה	ממתין	ויקימילון	
6	77	מְגֹאָל	מגאל	גאל	טיוטה	ממתין		
6	78	מַחְפִּיר	מחפיר	חפר	טיוטה	ממתין	ויקימילון	
6	79	מָרוּד	מרוד	רוד	טיוטה	ממתין	ויקימילון	
6	80	מְסֹעָף	מסעף	סעפ	טיוטה	ממתין	ויקימילון	
6	81	גָּמַר אֹמֶר	גמר אמר	גמר-אומר	טיוטה	ממתין	ויקימילון	
6	82	חָכַךְ בְּדַעְתּוֹ	חכך בדעתו	חכך-בדעתו	טיוטה	ממתין		
6	83	שָׂם לְאַל	שם לאל	שם-לאל	ירושה-שונה	ממתין	ויקימילון	
6	84	קָבַע מַסְמְרוֹת	קבע מסמרות	קבע-מסמרות	טיוטה	ממתין		
6	85	תָּהָה עַל קַנְקַנּוֹ	תהה על קנקנו	תהה-על-קנקנו	ירושה-שונה	ממתין	ויקימילון	
6	86	מִשְׁעֶנֶת קָנֶה רָצוּץ	משענת קנה רצוץ	משענת-קנה-רצוץ	ירושה-שונה	ממתין	ויקימילון	
6	87	חֲסַר כֹּל	חסר כל	חסר-כל	טיוטה	ממתין		
6	88	בֶּן לְוָיָה	בן לויה	בן-לויה	ירושה-שונה	ממתין		
6	89	בַּת קוֹל	בת קול	בת-קול	טיוטה	ממתין	ויקימילון	
6	90	בַּת צְחוֹק	בת צחוק	בת-צחוק	טיוטה	ממתין		
6	91	בָּבַת עַיִן	בבת עין	בבת-עין	טיוטה	ממתין	ויקימילון	
6	92	בֶּן טִפּוּחָיו	בן טפוחיו	בן-טיפוחיו	טיוטה	ממתין		
6	93	כְּלִיל הַשְּׁלֵמוּת	כליל השלמות	כליל-השלמות	טיוטה	ממתין		
6	94	הִדְרִיךְ מְנוּחָתוֹ	הדריך מנוחתו	הדריך-מנוחתו	טיוטה	ממתין		
6	95	פָּרַק עֹל	פרק על	פרק-עול	ירושה-שונה	ממתין	ויקימילון	
6	96	טָמַן לוֹ פַּח	טמן לו פח	טמן-לו-פח	טיוטה	ממתין		
6	97	הִרְעִישׁ עוֹלָמוֹת	הרעיש עולמות	הרעיש-עולמות	טיוטה	ממתין		
6	98	פַּח יָקוּשׁ	פח יקוש	פח-יקוש	טיוטה	ממתין		
6	99	דֶּרֶךְ הַמֶּלֶךְ	דרך המלך	דרך-המלך	טיוטה	ממתין	ויקימילון	
6	100	בָּטֵל בְּשִׁשִּׁים	בטל בששים	בטל-בשישים	טיוטה	ממתין	ויקימילון	
6	101	יְקַר הַמְּצִיאוּת	יקר המציאות	יקר-המציאות	ירושה-שונה	ממתין		
6	102	פִּיק בִּרְכַּיִם	פיק ברכים	פיק-ברכיים	ירושה-שונה	ממתין	ויקימילון	
6	103	שְׁתִי וָעֵרֶב	שתי וערב	שתי-וערב	טיוטה	ממתין	ויקימילון	
6	104	נִכְנַס בְּעֹבִי הַקּוֹרָה	נכנס בעבי הקורה	נכנס-בעובי-הקורה	ירושה-שונה	ממתין	ויקימילון	
6	105	אֶרֶץ גְּזֵרָה	ארץ גזרה	ארץ-גזרה	טיוטה	ממתין		
6	106	עַז נֶפֶשׁ	עז נפש	עז-נפש	טיוטה	ממתין		
6	107	עַזּוּת מֵצַח	עזות מצח	עזות-מצח	טיוטה	ממתין		
6	108	גַּס רוּחַ	גס רוח	גס-רוח	טיוטה	ממתין	ויקימילון	
6	109	דֶּרֶךְ אֶרֶץ	דרך ארץ	דרך-ארץ	טיוטה	ממתין		
6	110	שְׁוֵה נֶפֶשׁ	שוה נפש	שווה-נפש	ירושה-שונה	ממתין	ויקימילון	
6	111	מִדָּה כְּנֶגֶד מִדָּה	מדה כנגד מדה	מידה-כנגד-מידה	טיוטה	ממתין		
6	112	כְּיַד הַמֶּלֶךְ	כיד המלך	כיד-המלך	טיוטה	ממתין	ויקימילון	
6	113	קוֹרַת גַּג	קורת גג	קורת-גג	טיוטה	ממתין		
6	114	אֶבֶן שׁוֹאֶבֶת	אבן שואבת	אבן-שואבת	ירושה-שונה	ממתין	ויקימילון	
6	115	גֻּלַּת הַכּוֹתֶרֶת	גלת הכותרת	גולת-הכותרת	טיוטה	ממתין	ויקימילון	
6	116	בְּגַפּוֹ	בגפו	בגפו	ירושה-שונה	ממתין	ויקימילון	
6	117	בְּמַפְגִּיעַ	במפגיע	במפגיע	ירושה-שונה	ממתין		
6	118	בַּעֲלִיל	בעליל	בעליל	ירושה-מבוקרת	ממתין	ויקימילון	
6	119	בּוֹשׁ	בוש	בוש	ירושה-מבוקרת	ממתין	ויקימילון	
6	120	הִסְכִּית	הסכית	סכת	ירושה-שונה	ממתין	ויקימילון	
6	121	הִפְלִיג בְּ־	הפליג ב	פלג	ירושה-שונה	ממתין		
6	122	הִתְמוֹגֵג	התמוגג	מגג	ירושה-שונה	ממתין	ויקימילון	
6	123	הִתְנַכֵּר	התנכר	נכר	ירושה-שונה	ממתין	ויקימילון	
6	124	כִּיחֵד	כיחד	כחד	ירושה-שונה	ממתין	ויקימילון	
6	125	לְדִידוֹ	לדידו	לדידו	ירושה-שונה	ממתין	ויקימילון	
6	126	קוֹרֶט	קורט	קרט	ירושה-שונה	ממתין	ויקימילון	
6	127	קוּשְׁיָה	קושיה	קשי	ירושה-שונה	ממתין	ויקימילון	
6	128	בְּגִלּוּפִין	בגלופין	בגלופין	ירושה-שונה	ממתין		
6	129	אָמוֹדַאי	אמודאי	אמודאי	ירושה-מבוקרת	ממתין	ויקימילון	
6	130	אָמַד	אמד	אמד	ירושה-שונה	ממתין	ויקימילון	
6	131	גָּדָה	גדה	גדה	ירושה-שונה	ממתין	ויקימילון	
6	132	נְחִיל	נחיל	נחל	ירושה-שונה	ממתין	ויקימילון	
6	133	פָּמַלְיָה	פמליה	פמליה	ירושה-שונה	ממתין	ויקימילון	
6	134	סָנֵגוֹר	סנגור	סנגור	ירושה-שונה	ממתין	ויקימילון	
6	135	קָטֵגוֹר	קטגור	קטגור	ירושה-שונה	ממתין	ויקימילון	
6	136	בְּדִימוֹס	בדימוס	בדימוס	ירושה-שונה	ממתין	ויקימילון	
6	137	הוֹקִיר רַגְלָיו	הוקיר רגליו	הוקיר-רגליו	ירושה-שונה	ממתין		
6	138	גְּזֵרָה	גזרה	גזר	ירושה-שונה	ממתין	ויקימילון	
6	139	דָּרוּךְ	דרוך	דרכ	ירושה-שונה	ממתין	ויקימילון	
6	140	הֵגִיף	הגיף	גיפ	ירושה-שונה	ממתין	ויקימילון	
6	141	הֵהִין	ההין	הינ	ירושה-שונה	ממתין	ויקימילון	
6	142	הֶאֱמִיר	האמיר	אמר	ירושה-שונה	ממתין	ויקימילון	
6	143	הָלַם	הלם	הלמ	ירושה-שונה	ממתין	ויקימילון	
6	144	כַּבִּיר	כביר	כבר	ירושה-שונה	ממתין	ויקימילון	
6	145	כַּחַשׁ	כחש	כחש	ירושה-שונה	ממתין	ויקימילון	
6	146	מֶחֱוָה	מחוה	מחוה	ירושה-שונה	ממתין	ויקימילון	
6	147	מָשַׁל בְּרוּחוֹ	משל ברוחו	משל-ברוחו	ירושה-מבוקרת	ממתין		
6	148	סֶכֶר	סכר	סכר	ירושה-שונה	ממתין	ויקימילון	
6	149	עָלוּם	עלום	עלמ	ירושה-שונה	ממתין	ויקימילון	
6	150	עָנֵף	ענף	ענפ	ירושה-שונה	ממתין	ויקימילון	
6	151	פָּשָׂה	פשה	פשה	ירושה-שונה	ממתין	ויקימילון	
6	152	רְדִיד	רדיד	רדד	ירושה-שונה	ממתין	ויקימילון	
6	153	רֶכֶס	רכס	רכס	ירושה-שונה	ממתין	ויקימילון	
6	154	רוֹבֶד	רובד	רבד	ירושה-שונה	ממתין	ויקימילון	
6	155	תַּגְּרָן	תגרן	תגר	ירושה-שונה	ממתין	ויקימילון	
6	156	בִּיעָף	ביעף	יעפ	ירושה-שונה	ממתין	ויקימילון	
6	157	גַּלָּב	גלב	גלב	ירושה-שונה	ממתין	ויקימילון	
6	158	הִקְנִיט	הקניט	קנט	ירושה-שונה	ממתין	ויקימילון	
6	159	הִשְׁתַּיֵּר	השתיר	שאר	ירושה-מבוקרת	ממתין		
6	160	הִטִּיל מוֹרָא	הטיל מורא	הטיל-מורא	ירושה-שונה	ממתין		
6	161	מַחְלָצוֹת	מחלצות	חלצ	ירושה-שונה	ממתין		
6	162	סִכֵּל	סכל	סכל	ירושה-שונה	ממתין	ויקימילון	
6	163	שַׁרְלָטָן	שרלטן	שרלטן	ירושה-שונה	ממתין	ויקימילון	
6	164	תָּדִיר	תדיר	תדר	ירושה-שונה	ממתין		
6	165	שִׂמְחָה לְאֵיד	שמחה לאיד	שמחה-לאיד	ירושה-שונה	ממתין	ויקימילון	
6	166	הִסְתּוֹדֵד	הסתודד	סוד	ירושה-שונה	ממתין	ויקימילון	
6	167	בַּלָּן	בלן	בלנ	ירושה-מבוקרת	ממתין	ויקימילון	
6	168	דּוֹרוֹן	דורון	דורון	ירושה-שונה	ממתין	ויקימילון	
6	169	סוּמָא	סומא	סומא	ירושה-מבוקרת	ממתין	ויקימילון	
6	170	אִיטֵּר	איטר	אטר	טיוטה	ממתין	ויקימילון	
6	171	פְּרַקְדָּן	פרקדן	פרקדן	ירושה-שונה	ממתין	ויקימילון	
6	172	הִלְבִּין פָּנִים	הלבין פנים	הלבין-פנים	ירושה-שונה	ממתין		
6	173	נְקִי כַּפַּיִם	נקי כפים	נקי-כפיים	ירושה-שונה	ממתין		
6	174	עָשָׂה שַׁמּוֹת	עשה שמות	עשה-שמות	ירושה-שונה	ממתין		
6	175	שַׁמַּאי	שמאי	שמאי	ירושה-שונה	ממתין	ויקימילון	
6	176	יָצוּעַ	יצוע	יצע	ירושה-שונה	ממתין	ויקימילון	
6	177	מִקְשָׁה	מקשה	מקשה	ירושה-שונה	ממתין	ויקימילון	
6	178	זַבָּן	זבן	זבנ	ירושה-מבוקרת	ממתין	ויקימילון	
6	179	מִתְרָס	מתרס	תרס	ירושה-שונה	ממתין	ויקימילון	
6	180	נְקָפוֹ לִבּוֹ	נקפו לבו	נקפו-לבו	ירושה-שונה	ממתין		
6	181	פְּצִירָה	פצירה	פצר	ירושה-שונה	ממתין	ויקימילון	
6	182	קָמוּר	קמור	קמר	ירושה-שונה	ממתין	ויקימילון	
6	183	שְׁרַפְרַף	שרפרף	שרפרף	ירושה-מבוקרת	ממתין	ויקימילון	
6	184	אוֹרְלוֹגִין	אורלוגין	אורלוגין	ירושה-מבוקרת	ממתין	ויקימילון	
6	185	כִּתֵּת רַגְלָיו	כתת רגליו	כתת-רגליו	טיוטה	ממתין	ויקימילון	
6	186	הִתְפַּלֵּשׁ	התפלש	פלש	ירושה-שונה	ממתין	ויקימילון	
6	187	רִתְמָה	רתמה	רתמ	ירושה-שונה	ממתין		
6	188	גִּבֵּב	גבב	גבב	ירושה-שונה	ממתין	ויקימילון	
6	189	הִשְׁתַּנֵּק	השתנק	שנק	ירושה-שונה	ממתין	ויקימילון	
6	190	רַאַוְתָן	ראותן	ראותנ	ירושה-מבוקרת	ממתין		
6	191	כְּבָרָה	כברה	כבר	ירושה-מבוקרת	ממתין	ויקימילון	
6	192	עַפְרָה	עפרה	עפר	ירושה-מבוקרת	ממתין	ויקימילון	
6	193	שְׂרָרָה	שררה	שרר	ירושה-מבוקרת	ממתין		
6	194	קיבורת	קיבורת	קברת	ירושה-שונה	ממתין	ויקימילון	
6	195	עֶגְלוֹן	עגלון	עגל	ירושה-מבוקרת	ממתין	ויקימילון	
6	196	פּוּזְמָק	פוזמק	פוזמק	ירושה-מבוקרת	ממתין	ויקימילון	
6	197	חשבונייה	חשבונייה	חשבוניה	ירושה-שונה	ממתין	ויקימילון	
6	198	מַכּוֹשׁ	מכוש	מכוש	ירושה-מבוקרת	ממתין		
6	199	שְׂבָכָה	שבכה	שבכה	ירושה-מבוקרת	ממתין	ויקימילון	
6	200	זְמִירוֹת	זמירות	זמר	טיוטה	ממתין		
6	201	נָתַן עֵינוֹ בַּכּוֹס	נתן עינו בכוס	נתן-עינו-בכוס	טיוטה	ממתין	ויקימילון	
7	1	קִלֵּס	קלס	קלס	ירושה-שונה	ממתין	ויקימילון	
7	2	הֵרִיעַ	הריע	רוע	טיוטה	ממתין	ויקימילון	
7	3	אָרַר	ארר	ארר	טיוטה	ממתין	ויקימילון	
7	4	דָּלַק	דלק	דלק	ירושה-שונה	ממתין	ויקימילון	
7	5	מָחַץ	מחץ	מחצ	טיוטה	ממתין	ויקימילון	
7	6	נָתַשׁ	נתש	נתש	טיוטה	ממתין	ויקימילון	
7	7	דָּשׁ	דש	דוש	ירושה-שונה	ממתין	ויקימילון	
7	8	הִשְׁתַּלַּח	השתלח	שלח	טיוטה	ממתין	ויקימילון	
7	9	הִשְׂטִין	השטין	שטנ	טיוטה	ממתין		
7	10	זָלַג	זלג	זלג	ירושה-שונה	ממתין	ויקימילון	
7	11	שׁוֹתֵת	שותת	שתת	טיוטה	ממתין	ויקימילון	
7	12	זָב	זב	זוב	ירושה-שונה	ממתין	ויקימילון	
7	13	כָּהָה	כהה	כהה	טיוטה	ממתין	ויקימילון	
7	14	כָּשַׁל	כשל	כשל	טיוטה	ממתין	ויקימילון	
7	15	שָׁזַף	שזף	שזפ	ירושה-שונה	ממתין	ויקימילון	
7	16	קִבֵּץ	קבץ	קבצ	טיוטה	ממתין	ויקימילון	
7	17	נָטַע	נטע	נטע	טיוטה	ממתין	ויקימילון	
7	18	הוֹרִישׁ	הוריש	ירש	טיוטה	ממתין	ויקימילון	
7	19	עֶבְרָה	עברה	עבר	טיוטה	ממתין	ויקימילון	
7	20	מַשְׂטֵמָה	משטמה	שטמ	ירושה-שונה	ממתין	ויקימילון	
7	21	פְּדוּת	פדות	פדה	טיוטה	ממתין		
7	22	צוּר	צור	צור	ירושה-שונה	ממתין	ויקימילון	
7	23	כֵּף	כף	כף	טיוטה	ממתין	ויקימילון	
7	24	צַלְמָוֶת	צלמות	צלמות	טיוטה	ממתין	ויקימילון	
7	25	שֵׁבֶט	שבט	שבט	טיוטה	ממתין	ויקימילון	
7	26	לָבִיא	לביא	לבא	ירושה-שונה	ממתין	ויקימילון	
7	27	עַיִט	עיט	עיט	טיוטה	ממתין	ויקימילון	
7	28	סְנוּנִית	סנונית	סנונ	טיוטה	ממתין	ויקימילון	
7	29	צְבִי	צבי	צבי	טיוטה	ממתין	ויקימילון	
7	30	צִפְעוֹנִי	צפעוני	צפע	טיוטה	ממתין	ויקימילון	
7	31	פֶּרֶד	פרד	פרד	טיוטה	ממתין	ויקימילון	
7	32	קָדְקֹד	קדקד	קדקד	טיוטה	ממתין	ויקימילון	
7	33	גֻּלְגֹּלֶת	גלגלת	גלגל	טיוטה	ממתין	ויקימילון	
7	34	גֵּו	גו	גו	טיוטה	ממתין	ויקימילון	
7	35	לְשַׁד	לשד	לשד	טיוטה	ממתין	ויקימילון	
7	36	שְׁכֶם	שכם	שכמ	טיוטה	ממתין	ויקימילון	
7	37	חֻלִּין	חלין	חולינ	טיוטה	ממתין	ויקימילון	
7	38	דֵּרָאוֹן	דראון	דרא	ירושה-שונה	ממתין	ויקימילון	
7	39	חֶלְאָה	חלאה	חלא	טיוטה	ממתין	ויקימילון	
7	40	סְחִי	סחי	סחה	ירושה-שונה	ממתין	ויקימילון	
7	41	אַשְׁפַּתּוֹת	אשפתות	אשפת	טיוטה	ממתין		
7	42	תֵּבֵל	תבל	תבל	טיוטה	ממתין	ויקימילון	
7	43	כְּסִיל	כסיל	כסל	ירושה-שונה	ממתין	ויקימילון	
7	44	סָכָל	סכל	סכל	ירושה-שונה	ממתין	ויקימילון	
7	45	בַּעַר	בער	בער	טיוטה	ממתין	ויקימילון	
7	46	חֲזִיז	חזיז	חזז	טיוטה	ממתין	ויקימילון	
7	47	זִיק	זיק	זיק	טיוטה	ממתין	ויקימילון	
7	48	דֶּלֶף	דלף	דלפ	טיוטה	ממתין	ויקימילון	
7	49	מַרְזֵב	מרזב	רזב	ירושה-שונה	ממתין	ויקימילון	
7	50	פַּרְגּוֹד	פרגוד	פרגוד	ירושה-שונה	ממתין	ויקימילון	
7	51	אַבִּיר	אביר	אבר	טיוטה	ממתין	ויקימילון	
7	52	אַשָּׁף	אשף	אשפ	טיוטה	ממתין	ויקימילון	
7	53	בַּדְחָן	בדחן	בדח	טיוטה	ממתין		
7	54	בֵּאוּר	באור	באר	ירושה-שונה	ממתין	ויקימילון	
7	55	קְנוּנְיָה	קנוניה	קנוניה	טיוטה	ממתין	ויקימילון	
7	56	רֶפֶשׁ	רפש	רפש	טיוטה	ממתין	ויקימילון	
7	57	צַפִּיחִית	צפיחית	צפח	טיוטה	ממתין	ויקימילון	
7	58	חֵרוּת	חרות	חרר	טיוטה	ממתין	ויקימילון	
7	59	נָלוֹז	נלוז	לוז	טיוטה	ממתין	ויקימילון	
7	60	מַזְהִיר	מזהיר	זהר	טיוטה	ממתין		
7	61	כָּלְתָה נַפְשׁוֹ	כלתה נפשו	כלתה-נפשו	טיוטה	ממתין		
7	62	בְּיֶתֶר שְׂאֵת	ביתר שאת	ביתר-שאת	ירושה-מבוקרת	ממתין	ויקימילון	
7	63	עֲדֵי עַד	עדי עד	עדי-עד	טיוטה	ממתין		
7	64	בִּקֵּשׁ אֶת נַפְשׁוֹ	בקש את נפשו	ביקש-את-נפשו	טיוטה	ממתין		
7	65	אָבְדוּ עֶשְׁתּוֹנוֹתָיו	אבדו עשתונותיו	אבדו-עשתונותיו	טיוטה	ממתין	ויקימילון	
7	66	יְפֵה נֶפֶשׁ	יפה נפש	יפה-נפש	טיוטה	ממתין		
7	67	כְּאִישׁ אֶחָד	כאיש אחד	כאיש-אחד	טיוטה	ממתין	ויקימילון	
7	68	יָדוֹ עַל הָעֶלְיוֹנָה	ידו על העליונה	ידו-על-העליונה	טיוטה	ממתין	ויקימילון	
7	69	קָצְרָה רוּחוֹ	קצרה רוחו	קצרה-רוחו	טיוטה	ממתין		
7	70	כָּלוּ כָּל הַקִּצִּין	כלו כל הקצין	כלו-כל-הקיצין	טיוטה	ממתין	ויקימילון	
7	71	יָרַד לְטִמְיוֹן	ירד לטמיון	ירד-לטמיון	ירושה-שונה	ממתין	ויקימילון	
7	72	עָלָה בְּיָדוֹ	עלה בידו	עלה-בידו	טיוטה	ממתין		
7	73	הִשִּׂיגָה יָדוֹ	השיגה ידו	השיגה-ידו	טיוטה	ממתין		
7	74	לֹא מָצָא יָדָיו וְרַגְלָיו	לא מצא ידיו ורגליו	לא-מצא-ידיו-ורגליו	טיוטה	ממתין	ויקימילון	
7	75	אֵין לְאֵל יָדוֹ	אין לאל ידו	אין-לאל-ידו	טיוטה	ממתין	ויקימילון	
7	76	דָּבָר דָּבוּר עַל אָפְנָיו	דבר דבור על אפניו	דבר-דבור-על-אופניו	טיוטה	ממתין	ויקימילון	
7	77	כַּדָּת וְכַדִּין	כדת וכדין	כדת-וכדין	טיוטה	ממתין		
7	78	מִצְוַת אֲנָשִׁים מְלֻמָּדָה	מצות אנשים מלמדה	מצוות-אנשים-מלומדה	טיוטה	ממתין	ויקימילון	
7	79	מַס שְׂפָתַיִם	מס שפתים	מס-שפתיים	טיוטה	ממתין	ויקימילון	
7	80	קוֹל קוֹרֵא בַּמִּדְבָּר	קול קורא במדבר	קול-קורא-במדבר	טיוטה	ממתין	ויקימילון	
7	81	אָטַם אָזְנָיו	אטם אזניו	אטם-אוזניו	טיוטה	ממתין	ויקימילון	
7	82	הֶעֱלִים עַיִן	העלים עין	העלים-עין	טיוטה	ממתין	ויקימילון	
7	83	נֵר לְרַגְלָיו	נר לרגליו	נר-לרגליו	טיוטה	ממתין	ויקימילון	
7	84	כִּבְרַת דֶּרֶךְ	כברת דרך	כברת-דרך	טיוטה	ממתין		
7	85	הָרֵי חֹשֶׁךְ	הרי חשך	הרי-חושך	טיוטה	ממתין		
7	86	מֵהַמַּסָּד וְעַד הַטְּפָחוֹת	מהמסד ועד הטפחות	מהמסד-ועד-הטפחות	טיוטה	ממתין	ויקימילון	
7	87	פּוֹרֵט עַל נִימֵי לִבּוֹ	פורט על נימי לבו	פורט-על-נימי-ליבו	טיוטה	ממתין		
7	88	בַּר לֵבָב	בר לבב	בר-לבב	טיוטה	ממתין		
7	89	נָשָׂא וְנָתַן	נשא ונתן	נשא-ונתן	טיוטה	ממתין		
7	90	עָמַד עַל הַמִּקָּח	עמד על המקח	עמד-על-המיקח	טיוטה	ממתין		
7	91	יָצָא שְׂכָרוֹ בְּהֶפְסֵדוֹ	יצא שכרו בהפסדו	יצא-שכרו-בהפסדו	טיוטה	ממתין	ויקימילון	
7	92	עָשָׂה חַיִל	עשה חיל	עשה-חיל	טיוטה	ממתין		
7	93	עוֹלָה עַל כֻּלָּנָה	עולה על כלנה	עולה-על-כולנה	טיוטה	ממתין		
7	94	כַּיּוֹצֵא בָּזֶה	כיוצא בזה	כיוצא-בזה	טיוטה	ממתין	ויקימילון	
7	95	הִגִּיעוּ מַיִם עַד נָפֶשׁ	הגיעו מים עד נפש	הגיעו-מים-עד-נפש	טיוטה	ממתין	ויקימילון	
7	96	הִטָּה שְׁכֶם	הטה שכם	הטה-שכם	טיוטה	ממתין	ויקימילון	
7	97	נָשָׂא בָּעֹל	נשא בעל	נשא-בעול	טיוטה	ממתין		
7	98	עָמַד לִימִינוֹ	עמד לימינו	עמד-לימינו	טיוטה	ממתין		
7	99	סָמַךְ יָדָיו עַל	סמך ידיו על	סמך-ידיו-על	טיוטה	ממתין		
7	100	לֹא הֵנִיד עַפְעַף	לא הניד עפעף	לא-הניד-עפעף	טיוטה	ממתין		
7	101	נוֹרָא הוֹד	נורא הוד	נורא-הוד	טיוטה	ממתין		
7	102	שׁוֹבֶה לֵב	שובה לב	שובה-לב	טיוטה	ממתין	ויקימילון	
7	103	דַּלַּת הָעָם	דלת העם	דלת-העם	טיוטה	ממתין		
7	104	שׁוֹעֵי הָאָרֶץ	שועי הארץ	שועי-הארץ	טיוטה	ממתין		
7	105	אֵיד	איד	איד	ירושה-שונה	ממתין	ויקימילון	
7	106	בְּעָלְמָא	בעלמא	בעלמא	ירושה-שונה	ממתין		
7	107	בֵּין הַמְּצָרִים	בין המצרים	בין-המצרים	ירושה-מבוקרת	ממתין	ויקימילון	
7	108	בֵּין הַשִּׁיטִין	בין השיטין	בין-השיטין	ירושה-שונה	ממתין	ויקימילון	
7	109	חֲפוּי רֹאשׁ	חפוי ראש	חפוי-ראש	ירושה-שונה	ממתין	ויקימילון	
7	110	טִכֵּס עֵצָה	טכס עצה	טיכס-עצה	ירושה-שונה	ממתין		
7	111	יוֹשֵׁב קְרָנוֹת	יושב קרנות	יושב-קרנות	ירושה-שונה	ממתין		
7	112	כִּמְטַחֲוֵי קֶשֶׁת	כמטחוי קשת	כמטחווי-קשת	ירושה-שונה	ממתין	ויקימילון	
7	113	מִטַּת סְדוֹם	מטת סדום	מיטת-סדום	ירושה-שונה	ממתין	ויקימילון	
7	114	נָס לֵחוֹ	נס לחו	נס-לחו	ירושה-שונה	ממתין		
7	115	עַיִר	עיר	עיר	ירושה-מבוקרת	ממתין	ויקימילון	
7	116	צַיְקָן	ציקן	ציקן	ירושה-מבוקרת	ממתין	ויקימילון	
7	117	שָׁדוּד	שדוד	שדד	ירושה-שונה	ממתין	ויקימילון	
7	118	שָׁפַת	שפת	שפת	ירושה-שונה	ממתין	ויקימילון	
7	119	שִׁבֹּלֶת	שבלת	שבל	ירושה-שונה	ממתין	ויקימילון	
7	120	שֶׂכְוִי	שכוי	שכוי	ירושה-שונה	ממתין	ויקימילון	
7	121	תַּרְוָד	תרוד	תרוד	ירושה-מבוקרת	ממתין	ויקימילון	
7	122	תּוּגָה	תוגה	יגה	ירושה-שונה	ממתין	ויקימילון	
7	123	הִזָּה	הזה	נזה	ירושה-שונה	ממתין	ויקימילון	
7	124	הִדֵּס	הדס	הדס	ירושה-שונה	ממתין	ויקימילון	
7	125	סָנַט	סנט	סנט	ירושה-שונה	ממתין	ויקימילון	
7	126	נְהִי	נהי	נהי	ירושה-מבוקרת	ממתין	ויקימילון	
7	127	חַת	חת	חתת	ירושה-שונה	ממתין	ויקימילון	
7	128	יוֹגֵב	יוגב	יגב	ירושה-מבוקרת	ממתין	ויקימילון	
7	129	כְּבוּדָּה	כבודה	כבד	ירושה-שונה	ממתין	ויקימילון	
7	130	כִּישׁוֹר	כישור	כשר	ירושה-שונה	ממתין	ויקימילון	
7	131	פֶּלֶךְ	פלך	פלכ	ירושה-שונה	ממתין	ויקימילון	
7	132	מְחַרְחֵר רִיב	מחרחר ריב	מחרחר-ריב	טיוטה	ממתין		
7	133	מָלַק	מלק	מלק	ירושה-שונה	ממתין		
7	134	מַשְׂכִּית	משכית	משכית	ירושה-שונה	ממתין	ויקימילון	
7	135	מַגְלֵב	מגלב	מגלב	ירושה-שונה	ממתין	ויקימילון	
7	136	עוֹלָל	עולל	עלל	ירושה-שונה	ממתין	ויקימילון	
7	137	צָפִיר	צפיר	צפר	ירושה-שונה	ממתין	ויקימילון	
7	138	שְׁנָתוֹת	שנתות	שנת	ירושה-שונה	ממתין		
7	139	אֲחוּז תְּזָזִית	אחוז תזזית	אחוז-תזזית	ירושה-שונה	ממתין		
7	140	גּוּשְׁפַּנְקָה	גושפנקה	גושפנקה	ירושה-שונה	ממתין	ויקימילון	
7	141	דְּיוֹטָה	דיוטה	דיוטה	ירושה-שונה	ממתין	ויקימילון	
7	142	הִבְרִיחַ	הבריח	ברח	ירושה-שונה	ממתין		
7	143	חִגֵּר	חגר	חגר	ירושה-שונה	ממתין	ויקימילון	
7	144	הִכָּה עַל חֵטְא	הכה על חטא	הכה-על-חטא	ירושה-שונה	ממתין	ויקימילון	
7	145	הִלֵּךְ אֵימִים	הלך אימים	הילך-אימים	ירושה-שונה	ממתין		
7	146	הִשְׁלִיךְ אַחֲרֵי גֵּווֹ	השליך אחרי גוו	השליך-אחרי-גוו	ירושה-שונה	ממתין		
7	147	הֵזֵם	הזם	זממ	ירושה-שונה	ממתין	ויקימילון	
7	148	כְּפִיר	כפיר	כפר	ירושה-מבוקרת	ממתין	ויקימילון	
7	149	זִבּוּרִית	זבורית	זבורית	ירושה-שונה	ממתין	ויקימילון	
7	150	עִדִּית	עדית	עידית	ירושה-שונה	ממתין	ויקימילון	
7	151	חִלָּה אֶת פָּנָיו	חלה את פניו	חילה-את-פניו	ירושה-שונה	ממתין		
7	152	חָוָק	חוק	חוק	ירושה-מבוקרת	ממתין	ויקימילון	
7	153	טַפְסָר	טפסר	טפסר	ירושה-שונה	ממתין	ויקימילון	
7	154	כָּפָן	כפן	כפנ	ירושה-שונה	ממתין	ויקימילון	
7	155	יִצְהָר	יצהר	צהר	ירושה-מבוקרת	ממתין	ויקימילון	
7	156	יָגוֹר	יגור	יגר	ירושה-שונה	ממתין	ויקימילון	
7	157	יָשַׁב עַל הַמְּדוּכָה	ישב על המדוכה	ישב-על-המדוכה	ירושה-שונה	ממתין	ויקימילון	
7	158	כָּפַת	כפת	כפת	ירושה-שונה	ממתין	ויקימילון	
7	159	מְדֻשַּׁן עֹנֶג	מדשן ענג	מדושן-עונג	ירושה-שונה	ממתין		
7	160	מְעֻשֶּׂה	מעשה	עשה	ירושה-שונה	ממתין	ויקימילון	
7	161	מָט לִנְפֹּל	מט לנפל	מט-לנפול	ירושה-שונה	ממתין		
7	162	מַמְגּוּרָה	ממגורה	ממגורה	ירושה-מבוקרת	ממתין	ויקימילון	
7	163	מַשְׁכּוּכִית	משכוכית	משכוכית	ירושה-שונה	ממתין		
7	164	מָרִית	מרית	מרח	ירושה-שונה	ממתין	ויקימילון	
7	165	מָרָה שְׁחוֹרָה	מרה שחורה	מרה-שחורה	ירושה-שונה	ממתין	ויקימילון	
7	166	מוּג לֵב	מוג לב	מוג-לב	ירושה-שונה	ממתין	ויקימילון	
7	167	מֻשְׂכָּל רִאשׁוֹן	משכל ראשון	מושכל-ראשון	ירושה-שונה	ממתין		
7	168	נִצְרָךְ	נצרך	צרכ	ירושה-שונה	ממתין		
7	169	נָפִיל	נפיל	נפל	ירושה-שונה	ממתין	ויקימילון	
7	170	סִרְהֵב	סרהב	סרהב	ירושה-שונה	ממתין	ויקימילון	
7	171	עֲזוּבָה	עזובה	עזב	ירושה-שונה	ממתין	ויקימילון	
7	172	עַרְדָּל	ערדל	ערדל	טיוטה	ממתין	ויקימילון	
7	173	עָלֶה נִדָּף	עלה נדף	עלה-נדף	ירושה-מבוקרת	ממתין	ויקימילון	
7	174	עוֹקֵר הָרִים	עוקר הרים	עוקר-הרים	ירושה-שונה	ממתין		
7	175	פֶּה מֵפִיק מַרְגָּלִיּוֹת	פה מפיק מרגליות	פה-מפיק-מרגליות	ירושה-שונה	ממתין		
7	176	פָּסַח עַל שְׁתֵּי הַסְּעִפִּים	פסח על שתי הסעפים	פסח-על-שתי-הסעיפים	ירושה-שונה	ממתין	ויקימילון	
7	177	צִחְצוּחַ חֲרָבוֹת	צחצוח חרבות	צחצוח-חרבות	ירושה-שונה	ממתין		
7	178	לִפְרָקִים	לפרקים	לפרקים	ירושה-שונה	ממתין		
7	179	קוֹטֵל קָנִים	קוטל קנים	קוטל-קנים	ירושה-שונה	ממתין	ויקימילון	
7	180	קֻרְנָס	קרנס	קרנס	ירושה-מבוקרת	ממתין	ויקימילון	
7	181	רֵחַיִם	רחים	רחים	ירושה-שונה	ממתין	ויקימילון	
7	182	שִׂחֲקָה לוֹ הַשָּׁעָה	שחקה לו השעה	שיחקה-לו-השעה	ירושה-מבוקרת	ממתין	ויקימילון	
7	183	שִׁוָּה בְּנַפְשׁוֹ	שוה בנפשו	שיוה-בנפשו	טיוטה	ממתין		
7	184	לַאֲשׁוּרוֹ	לאשורו	לאשורו	ירושה-שונה	ממתין	ויקימילון	
7	185	מֹרֶךְ לֵב	מרך לב	מורך-לב	ירושה-שונה	ממתין		
7	186	עָשָׂה נְפָשׁוֹת	עשה נפשות	עשה-נפשות	ירושה-מבוקרת	ממתין		
7	187	פִּתְחוֹן פֶּה	פתחון פה	פתחון-פה	ירושה-שונה	ממתין		
7	188	בַּחֲטָף	בחטף	חטפ	ירושה-שונה	ממתין		
7	189	בָּלוּם	בלום	בלמ	ירושה-שונה	ממתין	ויקימילון	
7	190	בּוּלְמוּס	בולמוס	בולמוס	ירושה-שונה	ממתין	ויקימילון	
7	191	מהוקצע	מהוקצע	קצע	ירושה-שונה	ממתין		
7	192	מַפְסֶלֶת	מפסלת	פסל	ירושה-מבוקרת	ממתין	ויקימילון	
7	193	נִקְבָּה	נקבה	נקבה	ירושה-מבוקרת	ממתין	ויקימילון	
7	194	אֶצְעָדָה	אצעדה	צעד	ירושה-מבוקרת	ממתין	ויקימילון	
7	195	אִסְפְּלָנִית	אספלנית	אספלנית	ירושה-מבוקרת	ממתין	ויקימילון	
7	196	בֶּכֶר	בכר	בכר	ירושה-מבוקרת	ממתין	ויקימילון	
7	197	בֵּיבָר	ביבר	ביבר	ירושה-מבוקרת	ממתין	ויקימילון	
7	198	גָּדִיד	גדיד	גדד	ירושה-מבוקרת	ממתין	ויקימילון	
7	199	מְזָוֶוה	מזווה	מזוה	ירושה-מבוקרת	ממתין	ויקימילון	
7	200	סייס	סייס	סייס	ירושה-שונה	ממתין	ויקימילון	
8	1	תָּאַב	תאב	תאב	ירושה-שונה	ממתין		
8	2	נָחָה	נחה	נחה	טיוטה	ממתין	ויקימילון	
8	3	הִתְחַסֵּד	התחסד	חסד	ירושה-שונה	ממתין		
8	4	הִתְחַנְחֵן	התחנחן	חנחנ	טיוטה	ממתין		
8	5	הִתְרַפֵּס	התרפס	רפס	ירושה-שונה	ממתין	ויקימילון	
8	6	פֵּאֵר	פאר	פאר	טיוטה	ממתין	ויקימילון	
8	7	בָּעַט	בעט	בעט	טיוטה	ממתין	ויקימילון	
8	8	שָׁפַר	שפר	שפר	ירושה-שונה	ממתין	ויקימילון	
8	9	יָאֶה	יאה	יאה	טיוטה	ממתין	ויקימילון	
8	10	הֲיִתָּכֵן	היתכן	תכנ	טיוטה	ממתין		
8	11	שַׂרְעַפִּים	שרעפים	שרעפ	ירושה-שונה	ממתין		
8	12	חֹטֶר	חטר	חטר	טיוטה	ממתין	ויקימילון	
8	13	רֶשֶׁף	רשף	רשפ	ירושה-שונה	ממתין	ויקימילון	
8	14	מַבּוּעַ	מבוע	נבע	ירושה-שונה	ממתין	ויקימילון	
8	15	מֵזַח	מזח	מזח	ירושה-שונה	ממתין	ויקימילון	
8	16	צִי	צי	צי	ירושה-שונה	ממתין	ויקימילון	
8	17	שַׁחַת	שחת	שחת	ירושה-שונה	ממתין	ויקימילון	
8	18	מַעְצוֹר	מעצור	עצר	טיוטה	ממתין	ויקימילון	
8	19	אַכְסַדְרָה	אכסדרה	אכסדרה	טיוטה	ממתין	ויקימילון	
8	20	גְּזוּזְטְרָה	גזוזטרה	גזוזטרה	ירושה-שונה	ממתין	ויקימילון	
8	21	גֹּב	גב	גוב	ירושה-שונה	ממתין	ויקימילון	
8	22	שָׁפָן	שפן	שפנ	טיוטה	ממתין	ויקימילון	
8	23	מָךְ	מך	מככ	ירושה-שונה	ממתין	ויקימילון	
8	24	דַּךְ	דך	דככ	טיוטה	ממתין	ויקימילון	
8	25	דּוֹמֶה שֶׁ־	דומה ש	דמה	טיוטה	ממתין		
8	26	כִּמְדֻמֶּה	כמדמה	כמדומה	טיוטה	ממתין		
8	27	מִן הַסְּתָם	מן הסתם	סתמ	טיוטה	ממתין		
8	28	הִסְבִּיר לוֹ פָּנִים	הסביר לו פנים	הסביר-לו-פנים	טיוטה	ממתין		
8	29	הֶעֱלָה עַל נֵס	העלה על נס	העלה-על-נס	ירושה-שונה	ממתין		
8	30	עֲבוֹדַת פָּרֶךְ	עבודת פרך	עבודת-פרך	טיוטה	ממתין		
8	31	מִשְׁלַח יָד	משלח יד	משלח-יד	ירושה-שונה	ממתין	ויקימילון	
8	32	אִישׁ זְרוֹעַ	איש זרוע	איש-זרוע	טיוטה	ממתין		
8	33	בֶּן חוֹרִין	בן חורין	בן-חורין	טיוטה	ממתין	ויקימילון	
8	34	בָּא בַּיָּמִים	בא בימים	בא-בימים	ירושה-שונה	ממתין	ויקימילון	
8	35	מִשְׁנֵה זְהִירוּת	משנה זהירות	משנה-זהירות	טיוטה	ממתין		
8	36	קֹר רוּחַ	קר רוח	קור-רוח	טיוטה	ממתין		
8	37	יִשּׁוּב הַדַּעַת	ישוב הדעת	יישוב-הדעת	טיוטה	ממתין		
8	38	אָצָה לוֹ הַדֶּרֶךְ	אצה לו הדרך	אצה-לו-הדרך	טיוטה	ממתין		
8	39	טַעַם לִפְגָם	טעם לפגם	טעם-לפגם	טיוטה	ממתין	ויקימילון	
8	40	חוֹבֵק עוֹלָם	חובק עולם	חובק-עולם	טיוטה	ממתין		
8	41	מוּעָד לְפֻרְעָנוּת	מועד לפרענות	מועד-לפורענות	טיוטה	ממתין		
8	42	כָּלָה וְנֶחֱרָצָה	כלה ונחרצה	כלה-ונחרצה	טיוטה	ממתין		
8	43	אֶרֶץ לֹא זְרוּעָה	ארץ לא זרועה	ארץ-לא-זרועה	טיוטה	ממתין		
8	44	אַחֲרִית דָּבָר	אחרית דבר	אחרית-דבר	טיוטה	ממתין	ויקימילון	
8	45	שְׁנוֹת דּוֹר	שנות דור	שנות-דור	טיוטה	ממתין		
8	46	הִרְהִיב עֹז	הרהיב עז	הרהיב-עוז	טיוטה	ממתין		
8	47	חֵרֵף נַפְשׁוֹ	חרף נפשו	חירף-נפשו	ירושה-שונה	ממתין	ויקימילון	
8	48	דָּחָה בִּשְׁתֵּי יָדַיִם	דחה בשתי ידים	דחה-בשתי-ידיים	טיוטה	ממתין		
8	49	הִסִּיחַ אֶת הַדַּעַת	הסיח את הדעת	הסיח-את-הדעת	טיוטה	ממתין		
8	50	רֹאשׁוֹ וְרֻבּוֹ	ראשו ורבו	ראשו-ורובו	טיוטה	ממתין		
8	51	בְּלֵב וָנֶפֶשׁ	בלב ונפש	בלב-ונפש	טיוטה	ממתין		
8	52	בְּכָל מְאוֹדוֹ	בכל מאודו	בכל-מאודו	טיוטה	ממתין		
8	53	בְּכָל רְמַ"ח אֵבָרָיו	בכל רמ"ח אבריו	בכל-רמח-אבריו	טיוטה	ממתין	ויקימילון	
8	54	חֶבֶל אֶרֶץ	חבל ארץ	חבל-ארץ	טיוטה	ממתין		
8	55	עִיר וָאֵם	עיר ואם	עיר-ואם	טיוטה	ממתין	ויקימילון	
8	56	הֶעֱלָה אֲרוּכָה	העלה ארוכה	העלה-ארוכה	ירושה-שונה	ממתין	ויקימילון	
8	57	אֵין זֹאת כִּי אִם	אין זאת כי אם	אין-זאת-כי-אם	טיוטה	ממתין		
8	58	אִצְטְלָה	אצטלה	אצטלה	ירושה-שונה	ממתין	ויקימילון	
8	59	אוּרִים וְתֻמִּים	אורים ותמים	אורים-ותומים	ירושה-שונה	ממתין	ויקימילון	
8	60	בְּאִבּוֹ	באבו	אבב	ירושה-שונה	ממתין	ויקימילון	
8	61	הִבְלִיעַ	הבליע	בלע	ירושה-שונה	ממתין		
8	62	הִגִּיהַּ	הגיה	גיה	ירושה-מבוקרת	ממתין	ויקימילון	
8	63	הִכָּה שֹׁרֶשׁ	הכה שרש	הכה-שורש	ירושה-שונה	ממתין	ויקימילון	
8	64	הִתִּיק	התיק	נתק	ירושה-שונה	ממתין	ויקימילון	
8	65	הִקְהִיל	הקהיל	קהל	ירושה-שונה	ממתין		
8	66	יוֹרֶה	יורה	ירה	ירושה-מבוקרת	ממתין	ויקימילון	
8	67	מְסֹאָב	מסאב	סאב	ירושה-שונה	ממתין		
8	68	מָלֵא תְּכוּנָה	מלא תכונה	מלא-תכונה	ירושה-שונה	ממתין		
8	69	מָסַךְ	מסך	מסכ	ירושה-שונה	ממתין	ויקימילון	
8	70	נֶאֱלַם	נאלם	אלמ	ירושה-שונה	ממתין	ויקימילון	
8	71	צְדִיָּה	צדיה	צדה	ירושה-שונה	ממתין	ויקימילון	
8	72	צָרוּף	צרוף	צרפ	ירושה-שונה	ממתין	ויקימילון	
8	73	קִיקְיוֹנִי	קיקיוני	קיקיונ	ירושה-שונה	ממתין	ויקימילון	
8	74	קוֹבַע	קובע	קובע	ירושה-שונה	ממתין	ויקימילון	
8	75	שִׁגָּיוֹן	שגיון	שגה	ירושה-שונה	ממתין	ויקימילון	
8	76	שָׁחוּן	שחון	שחנ	ירושה-שונה	ממתין	ויקימילון	
8	77	שׁוֹחֵר	שוחר	שחר	ירושה-שונה	ממתין	ויקימילון	
8	78	תְּעוּדַת עֲנִיּוּת	תעודת עניות	תעודת-עניות	ירושה-מבוקרת	ממתין	ויקימילון	
8	79	תִּלֵּי תִּלִּים	תלי תלים	תלי-תלים	ירושה-שונה	ממתין		
8	80	תַּכְרִיכִים	תכריכים	כרכ	ירושה-שונה	ממתין		
8	81	אֶבֶן נֶגֶף	אבן נגף	אבן-נגף	ירושה-שונה	ממתין	ויקימילון	
8	82	אֶבֶן הָרֹאשָׁה	אבן הראשה	אבן-הראשה	ירושה-שונה	ממתין	ויקימילון	
8	83	אַסְפַּקְלַרְיָה	אספקלריה	אספקלריה	ירושה-שונה	ממתין	ויקימילון	
8	84	אֹרַח	ארח	ארח	ירושה-שונה	ממתין	ויקימילון	
8	85	בַּחֲרוֹק שִׁנַּיִם	בחרוק שנים	בחרוק-שיניים	ירושה-שונה	ממתין		
8	86	בִּכְפִיפָה אַחַת	בכפיפה אחת	בכפיפה-אחת	ירושה-שונה	ממתין		
8	87	בִּלְתִּי נִדְלֶה	בלתי נדלה	בלתי-נדלה	ירושה-שונה	ממתין		
8	88	בַּצַּר לוֹ	בצר לו	בצר-לו	ירושה-שונה	ממתין		
8	89	הִשְׁלִיךְ נַפְשׁוֹ מִנֶּגֶד	השליך נפשו מנגד	השליך-נפשו-מנגד	ירושה-שונה	ממתין		
8	90	הִתְגַּלַּע	התגלע	גלע	טיוטה	ממתין	ויקימילון	
8	91	הֵחִישׁ	החיש	חוש	ירושה-שונה	ממתין		
8	92	הָלַךְ בְּדֶרֶךְ כָּל בָּשָׂר	הלך בדרך כל בשר	הלך-בדרך-כל-בשר	ירושה-מבוקרת	ממתין		
8	93	הָפַךְ אֶת עוֹרוֹ	הפך את עורו	הפך-את-עורו	ירושה-מבוקרת	ממתין		
8	94	חֲסַר פְּנִיּוֹת	חסר פניות	חסר-פניות	ירושה-מבוקרת	ממתין		
8	95	חָסֹן	חסן	חסנ	ירושה-שונה	ממתין	ויקימילון	
8	96	כָּל אֵימַת שֶׁ־	כל אימת ש	כל-אימת-ש	ירושה-שונה	ממתין		
8	97	מַשְׁבֵּר	משבר	שבר	ירושה-שונה	ממתין	ויקימילון	
8	98	מִיָּמִים יָמִימָה	מימים ימימה	מימים-ימימה	ירושה-שונה	ממתין	ויקימילון	
8	99	מִנִּי אָז	מני אז	מני-אז	ירושה-שונה	ממתין		
8	100	נִבְכֵי נַפְשׁוֹ	נבכי נפשו	נבכי-נפשו	ירושה-שונה	ממתין		
8	101	נִעֵר חָצְנוֹ	נער חצנו	ניער-חוצנו	טיוטה	ממתין		
8	102	נֶעְתְּקוּ מִלִּים מִפִּיו	נעתקו מלים מפיו	נעתקו-מילים-מפיו	ירושה-שונה	ממתין		
8	103	נַחְתּוֹם	נחתום	נחתומ	ירושה-שונה	ממתין	ויקימילון	
8	104	פֵּשֶׁר	פשר	פשר	ירושה-שונה	ממתין	ויקימילון	
8	105	פָּכַר אֶת יָדָיו	פכר את ידיו	פכר-את-ידיו	ירושה-שונה	ממתין		
8	106	פָּרִיץ	פריץ	פריץ	ירושה-שונה	ממתין	ויקימילון	
8	107	קַלּוּת רֹאשׁ	קלות ראש	קלות-ראש	ירושה-שונה	ממתין	ויקימילון	
8	108	שָׁרִיר וְקַיָּם	שריר וקים	שריר-וקיים	ירושה-שונה	ממתין		
8	109	תִּנָּה אֶת צָרוֹתָיו	תנה את צרותיו	תינה-את-צרותיו	טיוטה	ממתין		
8	110	דָּשׁ בַּעֲקֵבָיו	דש בעקביו	דש-בעקביו	ירושה-שונה	ממתין		
8	111	הֶעְתִּיר	העתיר	עתר	ירושה-שונה	ממתין		
8	112	מְשׁוּבַת נְעוּרִים	משובת נעורים	משובת-נעורים	ירושה-שונה	ממתין		
8	113	נָפַל עַל אָזְנַיִם עֲרֵלוֹת	נפל על אזנים ערלות	נפל-על-אוזניים-ערלות	ירושה-שונה	ממתין	ויקימילון	
8	114	עָמַד מִנֶּגֶד	עמד מנגד	עמד-מנגד	ירושה-שונה	ממתין		
8	115	זָרָה מֶלַח עַל הַפְּצָעִים	זרה מלח על הפצעים	זרה-מלח-על-הפצעים	ירושה-שונה	ממתין	ויקימילון	
8	116	הִפְלִיא אֶת מַכּוֹתָיו	הפליא את מכותיו	הפליא-את-מכותיו	טיוטה	ממתין		
8	117	יָד רוֹחֶצֶת יָד	יד רוחצת יד	יד-רוחצת-יד	ירושה-שונה	ממתין	ויקימילון	
8	118	כְּבַד לָשׁוֹן	כבד לשון	כבד-לשון	ירושה-מבוקרת	ממתין		
8	119	מֵלִיץ יֹשֶׁר	מליץ ישר	מליץ-יושר	ירושה-שונה	ממתין		
8	120	נֶחָמָה פּוּרְתָּא	נחמה פורתא	נחמה-פורתא	ירושה-שונה	ממתין		
8	121	קָשַׁר לוֹ כְּתָרִים	קשר לו כתרים	קשר-לו-כתרים	טיוטה	ממתין		
8	122	בֵּית מַרְזֵחַ	בית מרזח	בית-מרזח	ירושה-שונה	ממתין	ויקימילון	
8	123	הִקְדִּיחַ	הקדיח	קדח	ירושה-שונה	ממתין	ויקימילון	
8	124	עָגְמַת נֶפֶשׁ	עגמת נפש	עגמת-נפש	טיוטה	ממתין	ויקימילון	
8	125	סְגֻלָּה	סגלה	סגל	טיוטה	ממתין	ויקימילון	
8	126	הִלָּה	הלה	הלל	ירושה-שונה	ממתין	ויקימילון	
8	127	תַּהְפּוּכוֹת	תהפוכות	הפכ	טיוטה	ממתין		
8	128	מִקְלַעַת	מקלעת	קלע	טיוטה	ממתין		
8	129	נִדָּח	נדח	נדח	טיוטה	ממתין	ויקימילון	
8	130	הִתְנוֹסֵס	התנוסס	נסס	טיוטה	ממתין	ויקימילון	
8	131	עַד מְהֵרָה	עד מהרה	עד-מהרה	טיוטה	ממתין		
8	132	עַל נְקַלָּה	על נקלה	על-נקלה	ירושה-מבוקרת	ממתין		
8	133	דִּבָּה	דבה	דבב	טיוטה	ממתין	ויקימילון	
8	134	פָּרִיךְ	פריך	פרכ	טיוטה	ממתין	ויקימילון	
8	135	עֲרוּגָה	ערוגה	ערג	ירושה-שונה	ממתין	ויקימילון	
8	136	אֶבְרָה	אברה	אבר	ירושה-שונה	ממתין	ויקימילון	
8	137	נְכָלִים	נכלים	נכל	ירושה-שונה	ממתין		
8	138	אָבָה	אבה	אבה	טיוטה	ממתין	ויקימילון	
8	139	הוֹאִיל	הואיל	יאל	טיוטה	ממתין	ויקימילון	
8	140	נָקְעָה נַפְשׁוֹ	נקעה נפשו	נקעה-נפשו	טיוטה	ממתין		
8	141	רָחַשׁ כָּבוֹד	רחש כבוד	רחש-כבוד	טיוטה	ממתין		
8	142	נָצַר לְשׁוֹנוֹ	נצר לשונו	נצר-לשונו	טיוטה	ממתין		
8	143	קָצְרָה יָדוֹ	קצרה ידו	קצרה-ידו	טיוטה	ממתין		
8	144	נָפַל דָּבָר	נפל דבר	נפל-דבר	טיוטה	ממתין		
8	145	פְּרִי הִלּוּלִים	פרי הלולים	פרי-הילולים	טיוטה	ממתין		
8	146	הַשְׁכֵּם וְהַעֲרֵב	השכם והערב	השכם-והערב	טיוטה	ממתין		
8	147	בֵּין הָעַרְבַּיִם	בין הערבים	בין-הערביים	ירושה-שונה	ממתין	ויקימילון	
8	148	אִישׁוֹן לַיְלָה	אישון לילה	אישון-לילה	טיוטה	ממתין		
8	149	מְאוֹר פָּנִים	מאור פנים	מאור-פנים	טיוטה	ממתין		
8	150	בְּרֹב עָם	ברב עם	ברוב-עם	טיוטה	ממתין		
8	151	גַּרְדּוֹם	גרדום	גרדומ	ירושה-שונה	ממתין	ויקימילון	
8	152	בַּרְדָּס	ברדס	ברדס	ירושה-שונה	ממתין	ויקימילון	
8	153	מַחְתָּה	מחתה	חתה	ירושה-שונה	ממתין	ויקימילון	
8	154	דְּחִי	דחי	דחה	ירושה-שונה	ממתין	ויקימילון	
8	155	פָּעָה	פעה	פעה	טיוטה	ממתין	ויקימילון	
8	156	חֶלְכָּאִי	חלכאי	חלכ	ירושה-שונה	ממתין	ויקימילון	
8	157	פִּיד	פיד	פיד	ירושה-שונה	ממתין	ויקימילון	
8	158	סַד	סד	סדד	ירושה-שונה	ממתין	ויקימילון	
8	159	רָשׁ	רש	רוש	ירושה-שונה	ממתין	ויקימילון	
8	160	שַׁחַל	שחל	שחל	ירושה-שונה	ממתין	ויקימילון	
8	161	יַעֲרָה	יערה	יערה	ירושה-שונה	ממתין	ויקימילון	
8	162	לַיִשׁ	ליש	ליש	ירושה-מבוקרת	ממתין	ויקימילון	
8	163	טֶלֶף	טלף	טלפ	ירושה-שונה	ממתין	ויקימילון	
8	164	יָצוּל	יצול	יצול	ירושה-שונה	ממתין	ויקימילון	
8	165	נְחֻשְׁתַּיִם	נחשתים	נחשת	ירושה-שונה	ממתין	ויקימילון	
8	166	פַּדַּחַת	פדחת	פדחת	ירושה-מבוקרת	ממתין	ויקימילון	
8	167	שָׁבִיס	שביס	שביס	ירושה-מבוקרת	ממתין	ויקימילון	
8	168	קְנוֹקֶנֶת	קנוקנת	קנוקנת	ירושה-שונה	ממתין	ויקימילון	
8	169	צַלְיָן	צלין	צלינ	ירושה-שונה	ממתין	ויקימילון	
8	170	קֶבֶס	קבס	קבס	ירושה-שונה	ממתין	ויקימילון	
8	171	קַרְדֹּם	קרדם	קרדומ	ירושה-מבוקרת	ממתין	ויקימילון	
8	172	זֶרֶד	זרד	זרד	ירושה-שונה	ממתין	ויקימילון	
8	173	אָמִיר	אמיר	אמר	ירושה-שונה	ממתין	ויקימילון	
8	174	פֹּארָה	פארה	פאר	ירושה-שונה	ממתין	ויקימילון	
8	175	דְּבֵלָה	דבלה	דבל	ירושה-מבוקרת	ממתין		
8	176	מִבְדּוֹק	מבדוק	בדק	ירושה-שונה	ממתין	ויקימילון	
8	177	מַחְבֵּצָה	מחבצה	חבצ	ירושה-שונה	ממתין		
8	178	שְׁדֵמָה	שדמה	שדמ	ירושה-שונה	ממתין	ויקימילון	
8	179	מִכְמֹרֶת	מכמרת	כמר	ירושה-שונה	ממתין	ויקימילון	
8	180	קֶסֶת	קסת	קסת	ירושה-מבוקרת	ממתין	ויקימילון	
8	181	מוֹרַג	מורג	מורג	ירושה-שונה	ממתין	ויקימילון	
8	182	לִסְטִים	לסטים	לסטים	ירושה-שונה	ממתין	ויקימילון	
8	183	חֵךְ	חך	חככ	טיוטה	ממתין	ויקימילון	
8	184	בַּלְדָּר	בלדר	בלדר	ירושה-מבוקרת	ממתין	ויקימילון	
8	185	כִּבְשָׁן	כבשן	כבש	ירושה-שונה	ממתין	ויקימילון	
8	186	עֲבוֹט	עבוט	עבט	ירושה-שונה	ממתין	ויקימילון	
8	187	תֹּרֶן	תרן	תרנ	ירושה-שונה	ממתין	ויקימילון	
8	188	נָשִׂיא	נשיא	נשא	ירושה-מבוקרת	ממתין	ויקימילון	
8	189	נוֹקֵד	נוקד	נקד	ירושה-מבוקרת	ממתין	ויקימילון	
8	190	סְפָר	ספר	ספר	ירושה-מבוקרת	ממתין	ויקימילון	
8	191	שְׁתַדְלָן	שתדלן	שתדל	ירושה-מבוקרת	ממתין		
8	192	שְׂכַלְתָן	שכלתן	שכלתנ	ירושה-מבוקרת	ממתין		
8	193	הִכְלִים	הכלים	כלמ	ירושה-מבוקרת	ממתין	ויקימילון	
8	194	חַבּוּט	חבוט	חבט	ירושה-מבוקרת	ממתין	ויקימילון	
8	195	מְצוּעֲצָע	מצועצע	צעצע	ירושה-מבוקרת	ממתין		
8	196	אַרְכָּה	ארכה	ארכ	ירושה-מבוקרת	ממתין	ויקימילון	
8	197	אָבְנַיִים	אבניים	אבנים	ירושה-מבוקרת	ממתין	ויקימילון	
9	1	מַלָּח	מלח	מלח	טיוטה	ממתין	ויקימילון	
9	2	נְאָקָה	נאקה	נאק	ירושה-שונה	ממתין	ויקימילון	
9	3	סַהֲרוּרִי	סהרורי	סהר	טיוטה	ממתין	ויקימילון	
9	4	חָרוּשׁ	חרוש	חרש	ירושה-שונה	ממתין	ויקימילון	
9	5	אִדְרָה	אדרה	אדרה	ירושה-שונה	ממתין	ויקימילון	
9	6	אַרְכֻּבָּה	ארכבה	ארכובה	ירושה-שונה	ממתין	ויקימילון	
9	7	אַשְׁמַאי	אשמאי	אשמ	ירושה-שונה	ממתין	ויקימילון	
9	8	אוּנְקִיָּה	אונקיה	אונקיה	ירושה-מבוקרת	ממתין	ויקימילון	
9	9	לִיבְּרָה	ליברה	ליברה	ירושה-מבוקרת	ממתין	ויקימילון	
9	10	קַב	קב	קבב	ירושה-מבוקרת	ממתין	ויקימילון	
9	11	אֵיפָה	איפה	איפה	ירושה-מבוקרת	ממתין	ויקימילון	
9	12	אוֹטוֹקְרַטְיָה	אוטוקרטיה	אוטוקרטיה	ירושה-מבוקרת	ממתין	ויקימילון	
9	13	בִּלְתִּי אֶמְצָעִי	בלתי אמצעי	בלתי-אמצעי	ירושה-מבוקרת	ממתין		
9	14	גִּבֵּן	גבן	גבנ	ירושה-שונה	ממתין	ויקימילון	
9	15	גִּדֵּם	גדם	גדמ	ירושה-שונה	ממתין	ויקימילון	
9	16	חֲפָתִים	חפתים	חפת	ירושה-שונה	ממתין		
9	17	חַט	חט	חט	ירושה-מבוקרת	ממתין	ויקימילון	
9	18	לַבִּירִינְת	לבירינת	לבירינת	ירושה-שונה	ממתין	ויקימילון	
9	19	לַהֲדָ"ם	להד"ם	להדמ	ירושה-שונה	ממתין	ויקימילון	
9	20	מַטְרוֹנָה	מטרונה	מטרונה	ירושה-שונה	ממתין	ויקימילון	
9	21	פִּיתוֹם	פיתום	פיתומ	ירושה-שונה	ממתין	ויקימילון	
9	22	קַצְרָנוּת	קצרנות	קצר	ירושה-שונה	ממתין	ויקימילון	
9	23	אֶנִיגְמָה	אניגמה	אניגמה	ירושה-שונה	ממתין		
9	24	אֶשְׁתָּקַד	אשתקד	אשתקד	ירושה-מבוקרת	ממתין	ויקימילון	
9	25	אַדְּרַבָּה	אדרבה	אדרבה	ירושה-שונה	ממתין	ויקימילון	
9	26	אוֹב	אוב	אוב	ירושה-שונה	ממתין	ויקימילון	
9	27	טוֹמֵן בְּחֻבּוֹ	טומן בחבו	טומן-בחובו	טיוטה	ממתין		
9	28	בְּנַפְשׁוֹ הַדָּבָר	בנפשו הדבר	בנפשו-הדבר	ירושה-שונה	ממתין		
9	29	בִּקֵּשׁ עַל נַפְשׁוֹ	בקש על נפשו	ביקש-על-נפשו	ירושה-מבוקרת	ממתין		
9	30	גְּדִיל	גדיל	גדל	ירושה-שונה	ממתין	ויקימילון	
9	31	גָּמַר עָלָיו אֶת הַהַלֵּל	גמר עליו את ההלל	גמר-עליו-את-ההלל	ירושה-שונה	ממתין	ויקימילון	
9	32	דִּבְרֵי חֲלָקוֹת	דברי חלקות	דברי-חלקות	ירושה-שונה	ממתין		
9	33	דָּחָה אוֹתוֹ בְּקַשׁ	דחה אותו בקש	דחה-אותו-בקש	ירושה-שונה	ממתין		
9	34	הִסְתּוֹפֵף בְּצִלּוֹ	הסתופף בצלו	הסתופף-בצילו	ירושה-שונה	ממתין		
9	35	הִצְמִית	הצמית	צמת	ירושה-שונה	ממתין		
9	36	הֵסִיר אֶת הַלּוֹט	הסיר את הלוט	הסיר-את-הלוט	ירושה-שונה	ממתין		
9	37	הֶאֱפִיל	האפיל	אפל	ירושה-שונה	ממתין	ויקימילון	
9	38	הֶחֱשָׁה	החשה	חשה	ירושה-שונה	ממתין	ויקימילון	
9	39	וִירְטוּאוֹז	וירטואוז	וירטואוז	ירושה-שונה	ממתין	ויקימילון	
9	40	זַלְזַל	זלזל	זלזל	ירושה-שונה	ממתין	ויקימילון	
9	41	יָצָא חוֹצֵץ	יצא חוצץ	יצא-חוצץ	ירושה-שונה	ממתין	ויקימילון	
9	42	יָצָא לָשׂוּחַ	יצא לשוח	יצא-לשוח	ירושה-מבוקרת	ממתין	ויקימילון	
9	43	לְלֹא כָּחָל וְסָרָק	ללא כחל וסרק	ללא-כחל-וסרק	ירושה-שונה	ממתין		
9	44	לְמִשְׁעִי	למשעי	למשעי	ירושה-שונה	ממתין	ויקימילון	
9	45	לְמַפְרֵעַ	למפרע	למפרע	ירושה-שונה	ממתין	ויקימילון	
9	46	לִפְנַי וְלִפְנִים	לפני ולפנים	לפני-ולפנים	ירושה-שונה	ממתין	ויקימילון	
9	47	לוּט בָּעֲרָפֶל	לוט בערפל	לוט-בערפל	ירושה-שונה	ממתין	ויקימילון	
9	48	מְשׁוֹבֵב נֶפֶשׁ	משובב נפש	משובב-נפש	ירושה-שונה	ממתין		
9	49	מִגְדָּנוֹת	מגדנות	מגדנ	ירושה-שונה	ממתין		
9	50	מִינוּת	מינות	מינות	ירושה-שונה	ממתין	ויקימילון	
9	51	נִדְבָּךְ	נדבך	נדבכ	ירושה-שונה	ממתין	ויקימילון	
9	52	נִטַּשׁ	נטש	נטש	ירושה-שונה	ממתין	ויקימילון	
9	53	נִקְרָה	נקרה	נקר	ירושה-שונה	ממתין	ויקימילון	
9	54	סָפַק אֶת כַּפָּיו	ספק את כפיו	ספק-את-כפיו	ירושה-שונה	ממתין		
9	55	סָעַד אֶת לִבּוֹ	סעד את לבו	סעד-את-ליבו	טיוטה	ממתין		
9	56	עַבְדְּקָן	עבדקן	עבדקנ	ירושה-שונה	ממתין	ויקימילון	
9	57	עִוְעִים	עועים	עוע	ירושה-שונה	ממתין		
9	58	עֹפֶר	עפר	עפר	ירושה-שונה	ממתין	ויקימילון	
9	59	פִּנְכָּה	פנכה	פנכ	ירושה-שונה	ממתין	ויקימילון	
9	60	צוֹעֵר	צוער	צער	ירושה-שונה	ממתין	ויקימילון	
9	61	צוּר מַחְצַבְתּוֹ	צור מחצבתו	צור-מחצבתו	ירושה-שונה	ממתין		
9	62	קְסַרְקְטִין	קסרקטין	קסרקטינ	ירושה-מבוקרת	ממתין	ויקימילון	
9	63	קָרוּץ	קרוץ	קרצ	ירושה-שונה	ממתין	ויקימילון	
9	64	רַעֲמָה	רעמה	רעמ	ירושה-שונה	ממתין	ויקימילון	
9	65	רָבַץ לְפִתְחוֹ	רבץ לפתחו	רבץ-לפתחו	ירושה-שונה	ממתין		
9	66	מַרְצֵעַ	מרצע	רצע	ירושה-שונה	ממתין	ויקימילון	
9	67	שְׁרִירוּת לֵב	שרירות לב	שרירות-לב	ירושה-שונה	ממתין	ויקימילון	
9	68	תּוֹלָדָה	תולדה	ילד	ירושה-שונה	ממתין	ויקימילון	
9	69	אֲנֶקְדּוֹטָה	אנקדוטה	אנקדוטה	ירושה-שונה	ממתין	ויקימילון	
9	70	אִינְהֶרֶנְטִי	אינהרנטי	אינהרנטי	ירושה-שונה	ממתין	ויקימילון	
9	71	אִישׁ מָדוֹן	איש מדון	איש-מדון	ירושה-שונה	ממתין	ויקימילון	
9	72	אֶשְׁכָּר	אשכר	אשכר	ירושה-מבוקרת	ממתין	ויקימילון	
9	73	זֶבֶד	זבד	זבד	ירושה-שונה	ממתין	ויקימילון	
9	74	אַבְנֵט	אבנט	אבנט	ירושה-שונה	ממתין	ויקימילון	
9	75	אַבְרֵךְ	אברך	אברכ	ירושה-שונה	ממתין	ויקימילון	
9	76	אַפְסָר	אפסר	אפסר	ירושה-שונה	ממתין	ויקימילון	
9	77	אָחַז אֶת הַשּׁוֹר בְּקַרְנָיו	אחז את השור בקרניו	אחז-את-השור-בקרניו	ירושה-שונה	ממתין	ויקימילון	
9	78	אָרִיחַ	אריח	אריח	ירושה-שונה	ממתין	ויקימילון	
9	79	אָרִיס	אריס	אריס	ירושה-שונה	ממתין	ויקימילון	
9	80	אָשְׁיוֹת	אשיות	אשיה	ירושה-שונה	ממתין	ויקימילון	
9	81	בְּלִי מֵשִׂים	בלי משים	בלי-משים	ירושה-מבוקרת	ממתין	ויקימילון	
9	82	בִּלְתִּי נִלְאֶה	בלתי נלאה	בלתי-נלאה	ירושה-שונה	ממתין		
9	83	דּוֹבְרָה	דוברה	דוברה	ירושה-שונה	ממתין	ויקימילון	
9	84	הֵלִין	הלין	לינ	ירושה-שונה	ממתין	ויקימילון	
9	85	הִשְׁלִיךְ יְהָבוֹ עַל	השליך יהבו על	השליך-יהבו-על	ירושה-שונה	ממתין		
9	86	הִתְקַשֵּׁט בְּנוֹצוֹת זָרִים	התקשט בנוצות זרים	התקשט-בנוצות-זרים	ירושה-שונה	ממתין		
9	87	הָיָה בְּעוֹכְרָיו	היה בעוכריו	היה-בעוכריו	ירושה-שונה	ממתין	ויקימילון	
9	88	הוֹלֵךְ בַּתֶּלֶם	הולך בתלם	הולך-בתלם	ירושה-שונה	ממתין	ויקימילון	
9	89	הֻדְרְכָה מְנוּחָתוֹ	הדרכה מנוחתו	הודרכה-מנוחתו	ירושה-שונה	ממתין		
9	90	חֲגָוִים	חגוים	חגו	ירושה-שונה	ממתין		
9	91	חִיל וּרְעָדָה	חיל ורעדה	חיל-ורעדה	טיוטה	ממתין		
9	92	חַכְלִילִי	חכלילי	חכלל	ירושה-מבוקרת	ממתין	ויקימילון	
9	93	יוֹרֵד יָם	יורד ים	יורד-ים	ירושה-מבוקרת	ממתין	ויקימילון	
9	94	כְּלוֹנָס	כלונס	כלונס	ירושה-שונה	ממתין	ויקימילון	
9	95	כֹּחוֹ יָפֶה	כחו יפה	כוחו-יפה	ירושה-שונה	ממתין		
9	96	לְאַלְתַּר	לאלתר	לאלתר	ירושה-שונה	ממתין		
9	97	לְסֵרוּגִין	לסרוגין	לסירוגין	ירושה-שונה	ממתין		
9	98	לִבָּה אֶת הַיְּצָרִים	לבה את היצרים	ליבה-את-היצרים	ירושה-שונה	ממתין	ויקימילון	
9	99	מְכֻרְכָּם	מכרכם	כרכמ	ירושה-שונה	ממתין		
9	100	מִשֶּׁכְּבָר הַיָּמִים	משכבר הימים	משכבר-הימים	ירושה-מבוקרת	ממתין		
9	101	מַדְמֵנָה	מדמנה	דמנ	ירושה-שונה	ממתין	ויקימילון	
9	102	מַחְמַל נַפְשׁוֹ	מחמל נפשו	מחמל-נפשו	טיוטה	ממתין		
9	103	נִחָר	נחר	נחר	ירושה-שונה	ממתין	ויקימילון	
9	104	נוֹחַ לַבְּרִיּוֹת	נוח לבריות	נוח-לבריות	ירושה-שונה	ממתין		
9	105	נֹפֶךְ	נפך	נופכ	ירושה-שונה	ממתין	ויקימילון	
9	106	סָמוּךְ עַל שֻׁלְחָנוֹ	סמוך על שלחנו	סמוך-על-שולחנו	ירושה-שונה	ממתין		
9	107	עַרְכָּאָה	ערכאה	ערכאה	ירושה-שונה	ממתין	ויקימילון	
9	108	עָמִיל	עמיל	עמיל	ירושה-שונה	ממתין	ויקימילון	
9	109	שָׂם פְּעָמָיו	שם פעמיו	שם-פעמיו	טיוטה	ממתין		
9	110	פִּזּוּר נֶפֶשׁ	פזור נפש	פיזור-נפש	טיוטה	ממתין		
9	111	פָּרָדוֹקְס	פרדוקס	פרדוקס	ירושה-מבוקרת	ממתין	ויקימילון	
9	112	פּוֹרֵק עֹל	פורק על	פורק-עול	ירושה-שונה	ממתין	ויקימילון	
9	113	צָבָה	צבה	צבה	ירושה-שונה	ממתין	ויקימילון	
9	114	קֳבָל עַם וְעֵדָה	קבל עם ועדה	קבל-עם-ועדה	ירושה-מבוקרת	ממתין	ויקימילון	
9	115	קָרַם עוֹר וְגִידִים	קרם עור וגידים	קרם-עור-וגידים	ירושה-שונה	ממתין		
9	116	קוּנְדְּסוּת	קונדסות	קונדס	ירושה-שונה	ממתין		
9	117	רְבָבָה	רבבה	רבב	ירושה-מבוקרת	ממתין	ויקימילון	
9	118	עָלְתָה קַרְנוֹ	עלתה קרנו	עלתה-קרנו	ירושה-שונה	ממתין		
9	119	שְׁכִיב מְרַע	שכיב מרע	שכיב-מרע	ירושה-שונה	ממתין	ויקימילון	
9	120	שָׁת לִבּוֹ	שת לבו	שת-ליבו	טיוטה	ממתין		
9	121	שׁוּמָה	שומה	שומ	ירושה-שונה	ממתין	ויקימילון	
9	122	תִּמּוּכִין	תמוכין	תמכ	ירושה-שונה	ממתין		
9	123	תַּעַר	תער	תער	ירושה-שונה	ממתין	ויקימילון	
9	124	סְפּוֹרָדִי	ספורדי	ספורדי	ירושה-שונה	ממתין	ויקימילון	
9	125	לָקוֹנִי	לקוני	לקוני	ירושה-שונה	ממתין	ויקימילון	
9	126	קוֹהֶרֶנְטִי	קוהרנטי	קוהרנטי	ירושה-שונה	ממתין	ויקימילון	
9	127	לָטֶנְטִי	לטנטי	לטנטי	ירושה-שונה	ממתין		
9	128	אֶמְפִּירִי	אמפירי	אמפירי	ירושה-שונה	ממתין	ויקימילון	
9	129	אַסְקֻפָּה נִדְרֶסֶת	אסקפה נדרסת	אסקופה-נדרסת	טיוטה	ממתין	ויקימילון	
9	130	עֵינַיִם טְרוּטוֹת	עינים טרוטות	עיניים-טרוטות	ירושה-שונה	ממתין		
9	131	חֲדַל אִישִׁים	חדל אישים	חדל-אישים	טיוטה	ממתין	ויקימילון	
9	132	חָזוּת קָשָׁה	חזות קשה	חזות-קשה	טיוטה	ממתין		
9	133	חָזוֹן נִפְרָץ	חזון נפרץ	חזון-נפרץ	טיוטה	ממתין	ויקימילון	
9	134	כִּצְנִינִים בְּעֵינָיו	כצנינים בעיניו	כצנינים-בעיניו	טיוטה	ממתין		
9	135	שִׁבְעָה מוֹנִים	שבעה מונים	שבעה-מונים	טיוטה	ממתין		
9	136	אַחַת דָּתוֹ	אחת דתו	אחת-דתו	טיוטה	ממתין		
9	137	בְּהֵן צֶדֶק	בהן צדק	בהן-צדק	טיוטה	ממתין		
9	138	אַכְזָב	אכזב	כזב	טיוטה	ממתין	ויקימילון	
9	139	חֲלוֹם בְּאַסְפַּמְיָא	חלום באספמיא	חלום-באספמיא	טיוטה	ממתין		
9	140	בַּלָּאט	בלאט	בלאט	ירושה-שונה	ממתין	ויקימילון	
9	141	חָרִיט	חריט	חריט	ירושה-שונה	ממתין	ויקימילון	
9	142	עִנְבָּל	ענבל	ענבל	ירושה-שונה	ממתין	ויקימילון	
9	143	קוּף הַמַּחַט	קוף המחט	קוף-המחט	ירושה-שונה	ממתין		
9	144	שַׁבְשֶׁבֶת	שבשבת	שבשב	ירושה-שונה	ממתין	ויקימילון	
9	145	עֱלִי	עלי	עלי	ירושה-שונה	ממתין	ויקימילון	
9	146	קַת	קת	קת	ירושה-שונה	ממתין	ויקימילון	
9	147	טֶפַח	טפח	טפח	טיוטה	ממתין	ויקימילון	
9	148	דַּיָּה	דיה	דיה	טיוטה	ממתין	ויקימילון	
9	149	זַרְזִיר	זרזיר	זרזיר	טיוטה	ממתין	ויקימילון	
9	150	עָלָה בְּקָנֶה אֶחָד	עלה בקנה אחד	עלה-בקנה-אחד	ירושה-שונה	ממתין	ויקימילון	
9	151	גִּילְדָה	גילדה	גילדה	ירושה-שונה	ממתין	ויקימילון	
9	152	מִנְשָׁר	מנשר	מנשר	ירושה-שונה	ממתין	ויקימילון	
9	153	גְּלִימָה	גלימה	גלמ	ירושה-מבוקרת	ממתין	ויקימילון	
9	154	בֵּית נְכוֹת	בית נכות	בית-נכות	ירושה-מבוקרת	ממתין	ויקימילון	
9	155	מוֹךְ	מוך	מוכ	ירושה-שונה	ממתין	ויקימילון	
9	156	דַּפְתָּר	דפתר	דפתר	ירושה-שונה	ממתין	ויקימילון	
9	157	אִמְרָה	אמרה	אמרה	ירושה-שונה	ממתין	ויקימילון	
9	158	זוּלָתָן	זולתן	זולתנ	ירושה-שונה	ממתין		
9	159	סַנְוֵרִים	סנורים	סנור	טיוטה	ממתין	ויקימילון	
9	160	עֲוִית	עוית	עוית	טיוטה	ממתין	ויקימילון	
9	161	חֲכִירָה	חכירה	חכר	ירושה-שונה	ממתין	ויקימילון	
9	162	קוֹלָן	קולן	קולנ	ירושה-מבוקרת	ממתין	ויקימילון	
9	163	מֶלְקָחַיִם	מלקחים	מלקח	טיוטה	ממתין	ויקימילון	
9	164	רַכָּב	רכב	רכב	ירושה-שונה	ממתין	ויקימילון	
9	165	תִּיתוֹרָה	תיתורה	תיתורה	ירושה-שונה	ממתין	ויקימילון	
9	166	כֵּלִים שְׁלוּבִים	כלים שלובים	כלים-שלובים	טיוטה	ממתין		
9	167	יָדוֹ עַל הַתַּחְתּוֹנָה	ידו על התחתונה	ידו-על-התחתונה	טיוטה	ממתין	ויקימילון	
9	168	מֵאֵין כָּמוֹהוּ	מאין כמוהו	מאין-כמוהו	טיוטה	ממתין		
9	169	סִדְקִית	סדקית	סדקית	ירושה-שונה	ממתין	ויקימילון	
9	170	עַל קְצֵה הַמַּזְלֵג	על קצה המזלג	על-קצה-המזלג	טיוטה	ממתין	ויקימילון	
9	171	הֶחֱזִיר עֲטָרָה לְיָשְׁנָהּ	החזיר עטרה לישנה	החזיר-עטרה-ליושנה	טיוטה	ממתין		
9	172	אֵין עָלָיו עוֹרְרִין	אין עליו עוררין	אין-עליו-עוררין	טיוטה	ממתין		
9	173	סְיָח	סיח	סיח	טיוטה	ממתין	ויקימילון	
9	174	אוֹתִיּוֹת קִדּוּשׁ לְבָנָה	אותיות קדוש לבנה	אותיות-קידוש-לבנה	ירושה-שונה	ממתין	ויקימילון	
9	175	מַרְבֵּק	מרבק	רבק	ירושה-שונה	ממתין	ויקימילון	
9	176	הִתְעַתֵּד	התעתד	עתד	טיוטה	ממתין	ויקימילון	
9	177	בֶּן דְּמוּתוֹ	בן דמותו	בן-דמותו	ירושה-שונה	ממתין		
9	178	לַבְלָר	לבלר	לבלר	ירושה-שונה	ממתין	ויקימילון	
9	179	שָׂרִיג	שריג	שרג	טיוטה	ממתין	ויקימילון	
9	180	סְמָדַר	סמדר	סמדר	טיוטה	ממתין	ויקימילון	
9	181	חָנַט	חנט	חנט	ירושה-שונה	ממתין	ויקימילון	
9	182	אֶל נָכוֹן	אל נכון	אל-נכון	טיוטה	ממתין	ויקימילון	
9	183	אַסְדָּה	אסדה	אסד	ירושה-שונה	ממתין	ויקימילון	
9	184	עַד הֲלוֹם	עד הלום	עד-הלום	טיוטה	ממתין		
9	185	אָנֶה וָאָנָה	אנה ואנה	אנה-ואנה	טיוטה	ממתין	ויקימילון	
9	186	אַרְכּוֹף	ארכוף	ארכופ	ירושה-שונה	ממתין	ויקימילון	
9	187	יֵשׁ דְּבָרִים בְּגוֹ	יש דברים בגו	יש-דברים-בגו	ירושה-שונה	ממתין		
9	188	בֻּרְסְקִי	ברסקי	בורסקי	ירושה-מבוקרת	ממתין	ויקימילון	
9	189	אֶזוֹטֶרִי	אזוטרי	אזוטרי	ירושה-מבוקרת	ממתין	ויקימילון	
9	190	אֶפִּילוֹג	אפילוג	אפילוג	ירושה-מבוקרת	ממתין	ויקימילון	
9	191	פְּרוֹלוֹג	פרולוג	פרולוג	ירושה-מבוקרת	ממתין	ויקימילון	
9	192	הֶדוֹנִיזְם	הדוניזם	הדוניזם	ירושה-מבוקרת	ממתין	ויקימילון	
9	193	אַרְכִיפֶּלָג	ארכיפלג	ארכיפלג	ירושה-מבוקרת	ממתין	ויקימילון	
9	194	אַרְכָאִי	ארכאי	ארכאי	ירושה-מבוקרת	ממתין	ויקימילון	
9	195	קָתֶדְרָה	קתדרה	קתדרה	ירושה-מבוקרת	ממתין	ויקימילון	
9	196	פְּלָצוּר	פלצור	פלצור	ירושה-מבוקרת	ממתין	ויקימילון	
9	197	תַּתְרָן	תתרן	תתר	ירושה-מבוקרת	ממתין	ויקימילון	
9	198	אִימּוּם	אימום	אמומ	ירושה-מבוקרת	ממתין	ויקימילון	
10	1	סְאָה	סאה	סאה	טיוטה	ממתין	ויקימילון	
10	2	חַלָּמִישׁ	חלמיש	חלמיש	טיוטה	ממתין	ויקימילון	
10	3	גִּזְבָּר	גזבר	גזבר	טיוטה	ממתין	ויקימילון	
10	4	וָלָד	ולד	ולד	טיוטה	ממתין	ויקימילון	
10	5	נֵזֶר	נזר	נזר	טיוטה	ממתין	ויקימילון	
10	6	דְּבִיר	דביר	דביר	טיוטה	ממתין	ויקימילון	
10	7	קַמָּאִי	קמאי	קמא	טיוטה	ממתין	ויקימילון	
10	8	מְלוֹא חָפְנָיו	מלוא חפניו	מלוא-חופניו	טיוטה	ממתין		
10	9	רְאֵם	ראם	ראמ	טיוטה	ממתין	ויקימילון	
10	10	חֶלֶד	חלד	חלד	טיוטה	ממתין	ויקימילון	
10	11	הָלַךְ סְחוֹר סְחוֹר	הלך סחור סחור	הלך-סחור-סחור	טיוטה	ממתין		
10	12	אֵין בּוֹ מְתֹם	אין בו מתם	אין-בו-מתום	טיוטה	ממתין	ויקימילון	
10	13	עַל לֹא עָוֶל בְּכַפּוֹ	על לא עול בכפו	על-לא-עוול-בכפו	טיוטה	ממתין		
10	14	כְּחֹמֶר בְּיַד הַיּוֹצֵר	כחמר ביד היוצר	כחומר-ביד-היוצר	טיוטה	ממתין	ויקימילון	
10	15	עַד חָרְמָה	עד חרמה	עד-חורמה	טיוטה	ממתין	ויקימילון	
10	16	נוּל	נול	נול	ירושה-מבוקרת	ממתין	ויקימילון	
10	17	לֹג	לג	לוג	טיוטה	ממתין	ויקימילון	
10	18	רְעָלָה	רעלה	רעל	טיוטה	ממתין	ויקימילון	
10	19	מְטֻלָּל	מטלל	טלל	ירושה-מבוקרת	ממתין		
10	20	הַלָּה	הלה	הלה	ירושה-מבוקרת	ממתין	ויקימילון	
10	21	תֶּבֶן	תבן	תבנ	ירושה-שונה	ממתין	ויקימילון	
10	22	סָח	סח	סוח	טיוטה	ממתין	ויקימילון	
10	23	חִזָּיוֹן	חזיון	חזה	טיוטה	ממתין	ויקימילון	
10	24	אֵם הַדֶּרֶךְ	אם הדרך	אם-הדרך	טיוטה	ממתין	ויקימילון	
10	25	מָבוֹי סָתוּם	מבוי סתום	מבוי-סתום	טיוטה	ממתין	ויקימילון	
10	26	אוֹת וּמוֹפֵת	אות ומופת	אות-ומופת	טיוטה	ממתין		
10	27	קִלְשׁוֹן	קלשון	קלשונ	טיוטה	ממתין	ויקימילון	
10	28	מַזְמֵרָה	מזמרה	זמר	ירושה-שונה	ממתין	ויקימילון	
10	29	נוֹטָרִיקוֹן	נוטריקון	נוטריקון	טיוטה	ממתין	ויקימילון	
10	30	אָתוֹן	אתון	אתונ	ירושה-שונה	ממתין	ויקימילון	
10	31	בַּרְקַאי	ברקאי	ברקאי	טיוטה	ממתין	ויקימילון	
10	32	סָבִיל	סביל	סבל	טיוטה	ממתין	ויקימילון	
10	33	הֶקֵּשׁ	הקש	יקש	טיוטה	ממתין	ויקימילון	
10	34	סָרִיס	סריס	סרס	טיוטה	ממתין	ויקימילון	
10	35	נִסְתַּם הַגּוֹלֵל	נסתם הגולל	נסתם-הגולל	טיוטה	ממתין		
10	36	הָלַךְ רָכִיל	הלך רכיל	הלך-רכיל	ירושה-שונה	ממתין	ויקימילון	
10	37	שִׂיג וָשִׂיחַ	שיג ושיח	שיג-ושיח	טיוטה	ממתין	ויקימילון	
10	38	נִפְסָד	נפסד	פסד	טיוטה	ממתין		
10	39	כֹּמֶר	כמר	כמר	טיוטה	ממתין	ויקימילון	
10	40	עִנְבָּר	ענבר	ענבר	טיוטה	ממתין	ויקימילון	
10	41	אֵזוֹב	אזוב	אזוב	טיוטה	ממתין	ויקימילון	
10	42	עֶרֶשׂ דְּוַי	ערש דוי	ערש-דווי	טיוטה	ממתין		
10	43	כָּסַס	כסס	כסס	טיוטה	ממתין	ויקימילון	
10	44	נָגֹלָּה אֶבֶן מֵעַל לִבּוֹ	נגלה אבן מעל לבו	נגולה-אבן-מעל-ליבו	טיוטה	ממתין		
10	45	בּוֹקֵק	בוקק	בקק	טיוטה	ממתין	ויקימילון	
10	46	יִדְּעוֹנִי	ידעוני	ידעונ	טיוטה	ממתין	ויקימילון	
10	47	זִלּוּת	זלות	זול	ירושה-שונה	ממתין	ויקימילון	
10	48	הַכְּצַעֲקָתָהּ	הכצעקתה	הכצעקתה	טיוטה	ממתין	ויקימילון	
10	49	גְּזֵרָה שָׁוָה	גזרה שוה	גזרה-שווה	ירושה-שונה	ממתין	ויקימילון	
10	50	נִמְנוּ וְגָמְרוּ	נמנו וגמרו	נמנו-וגמרו	טיוטה	ממתין		
10	51	כָּרָה אָזְנוֹ	כרה אזנו	כרה-אוזנו	טיוטה	ממתין		
10	52	לַעַג לָרָשׁ	לעג לרש	לעג-לרש	טיוטה	ממתין	ויקימילון	
10	53	מֵסִית וּמַדִּיחַ	מסית ומדיח	מסית-ומדיח	טיוטה	ממתין		
10	54	אֶצְבָּעוֹן	אצבעון	אצבעונ	ירושה-מבוקרת	ממתין	ויקימילון	
10	55	מִרְבָּץ	מרבץ	רבצ	ירושה-מבוקרת	ממתין	ויקימילון	
10	56	כִּפֵּחַ	כפח	כיפח	ירושה-מבוקרת	ממתין	ויקימילון	
10	57	חִישוּר	חישור	חישור	ירושה-מבוקרת	ממתין	ויקימילון	
10	58	דיוֹתָה	דיותה	דיותה	ירושה-מבוקרת	ממתין	ויקימילון	
10	59	הֵפִיס דַעֲתוֹ	הפיס דעתו	הפיס-דעתו	ירושה-מבוקרת	ממתין		
10	60	חָרַץ לָשׁוֹן	חרץ לשון	חרץ-לשון	ירושה-מבוקרת	ממתין	ויקימילון	
10	61	לֹא שְׁזָפַתּוּ עַיִן	לא שזפתו עין	לא-שזפתו-עין	ירושה-מבוקרת	ממתין		
10	62	אֵיפָה וְאֵיפָה	איפה ואיפה	איפה-ואיפה	ירושה-מבוקרת	ממתין	ויקימילון	
10	63	בְּכִי תַּמְרוּרִים	בכי תמרורים	בכי-תמרורים	ירושה-מבוקרת	ממתין	ויקימילון	
10	64	בָּעֲרָה חֲמָתוֹ	בערה חמתו	בערה-חמתו	ירושה-מבוקרת	ממתין		
10	65	הֵצֵר צְעָדָיו	הצר צעדיו	הצר-צעדיו	ירושה-מבוקרת	ממתין		
10	66	הָלַךְ עִמּוֹ בְּקֶרִי	הלך עמו בקרי	הלך-עמו-בקרי	ירושה-מבוקרת	ממתין		
10	67	בְּרֹאשׁ חוּצוֹת	בראש חוצות	בראש-חוצות	ירושה-מבוקרת	ממתין	ויקימילון	
10	68	עַל מֵי מְנוּחוֹת	על מי מנוחות	על-מי-מנוחות	ירושה-מבוקרת	ממתין	ויקימילון	
10	69	עֲקֵב בְּצַד אֲגוּדָל	עקב בצד אגודל	עקב-בצד-אגודל	ירושה-מבוקרת	ממתין	ויקימילון	
10	70	עַל כַּרְעֵי תַּרְנְגוֹלֶת	על כרעי תרנגולת	על-כרעי-תרנגולת	ירושה-מבוקרת	ממתין	ויקימילון	
10	71	קָנָה (לוֹ) שְׁבִיתָה	קנה (לו) שביתה	קנה-(לו)-שביתה	ירושה-מבוקרת	ממתין		
10	72	אָרְכָה לוֹ הַשָּׁעָה	ארכה לו השעה	ארכה-לו-השעה	ירושה-מבוקרת	ממתין		
10	73	בְּהֶנֵף יָד	בהנף יד	בהנף-יד	ירושה-מבוקרת	ממתין		
10	74	בְּצוֹק הָעִתִּים	בצוק העתים	בצוק-העתים	ירושה-מבוקרת	ממתין		
10	75	בְּשָׂפָה רָפָה	בשפה רפה	בשפה-רפה	ירושה-מבוקרת	ממתין		
10	76	בּוֹר סוּד (שֶׁאֵינוֹ מְאַבֵּד טִפָּה)	בור סוד (שאינו מאבד טפה)	בור-סוד-(שאינו-מאבד-טפה)	ירושה-מבוקרת	ממתין		
10	77	גִּילָּה אֶת אָזְנוֹ	גילה את אזנו	גילה-את-אזנו	ירושה-מבוקרת	ממתין	ויקימילון	
10	78	דָּחַק אֶת הַקֵּץ	דחק את הקץ	דחק-את-הקץ	ירושה-מבוקרת	ממתין		
10	79	דָּחַק אֶת רַגְלָיו	דחק את רגליו	דחק-את-רגליו	ירושה-מבוקרת	ממתין		
10	80	חוֹרֵשׁ מְזִמּוֹת	חורש מזמות	חורש-מזמות	ירושה-מבוקרת	ממתין		
10	81	מָשַׁךְ בְּעֵט	משך בעט	משך-בעט	ירושה-מבוקרת	ממתין	ויקימילון	
10	82	עֲשָׂבִים שּׁוֹטִים	עשבים שוטים	עשבים-שוטים	ירושה-מבוקרת	ממתין		
10	83	פּוֹשֵט עוֹרוֹת	פושט עורות	פושט-עורות	ירושה-מבוקרת	ממתין		
10	84	אֲבַק אָדָם	אבק אדם	אבק-אדם	ירושה-מבוקרת	ממתין		
10	85	אִישׁ קְּצָווֹת	איש קצוות	איש-קצוות	ירושה-מבוקרת	ממתין		
10	86	אִמֵּץ אֶת יָדָיו	אמץ את ידיו	אמץ-את-ידיו	ירושה-מבוקרת	ממתין		
10	87	אֵין יָדוֹ מַשֶּׂגֶת	אין ידו משגת	אין-ידו-משגת	ירושה-מבוקרת	ממתין		
10	88	אֶבֶן רֵחַיִים עַל צַוָּוארוֹ	אבן רחיים על צווארו	אבן-רחיים-על-צווארו	ירושה-מבוקרת	ממתין		
10	89	אוֹרֶךְ רוּחַ	אורך רוח	אורך-רוח	ירושה-מבוקרת	ממתין	ויקימילון	
10	90	בַּעֲרוֹב יָמָיו	בערוב ימיו	בערוב-ימיו	ירושה-מבוקרת	ממתין	ויקימילון	
10	91	בָּא בִּדְבָרִים	בא בדברים	בא-בדברים	ירושה-מבוקרת	ממתין		
10	92	בָּאוּ לְעֵמֶק הַשָּׁוֶוה	באו לעמק השווה	באו-לעמק-השווה	ירושה-מבוקרת	ממתין	ויקימילון	
10	93	גַּיִס חֲמִישִׁי	גיס חמישי	גיס-חמישי	ירושה-מבוקרת	ממתין	ויקימילון	
10	94	חָמַד לָצוֹן	חמד לצון	חמד-לצון	ירושה-מבוקרת	ממתין		
10	95	חָתוּל בַּשַּׁק	חתול בשק	חתול-בשק	ירושה-מבוקרת	ממתין	ויקימילון	
10	96	לֵיל שִמּוּרִים	ליל שמורים	ליל-שמורים	ירושה-מבוקרת	ממתין	ויקימילון	
10	97	עָקַר אֶת רַגְלָיו	עקר את רגליו	עקר-את-רגליו	ירושה-מבוקרת	ממתין		
10	98	קְטַן אֱמוּנָה	קטן אמונה	קטן-אמונה	ירושה-מבוקרת	ממתין	ויקימילון	
10	99	קִיצֵּץ אֶת כְּנָפָיו	קיצץ את כנפיו	קיצץ-את-כנפיו	ירושה-מבוקרת	ממתין		
10	100	דִמְעוֹת שָׁלִישׁ	דמעות שליש	דמעות-שליש	ירושה-מבוקרת	ממתין	ויקימילון	
10	101	תַּאֲנִיָּה וַאֲנִיָּה	תאניה ואניה	תאניה-ואניה	ירושה-מבוקרת	ממתין		
10	102	הִכָּה בְּאֶצְבַּע צְרֵדָה	הכה באצבע צרדה	הכה-באצבע-צרדה	ירושה-מבוקרת	ממתין	ויקימילון	
10	103	אַמַּת מַיִם	אמת מים	אמת-מים	ירושה-מבוקרת	ממתין	ויקימילון	
10	104	הִכְבִּיר בְּמִילִים	הכביר במילים	הכביר-במילים	ירושה-מבוקרת	ממתין		
10	105	דִמְעוֹת תַנִּין	דמעות תנין	דמעות-תנין	ירושה-מבוקרת	ממתין	ויקימילון	
10	106	יְחִידֵי סְגוּלָה	יחידי סגולה	יחידי-סגולה	ירושה-מבוקרת	ממתין		
10	107	זָרָה אֲבָק / חוֹל בַּעֵינַיִים	זרה אבק / חול בעיניים	זרה-אבק	טיוטה	ממתין		
10	108	הֵקִיץ הַקֵץ	הקיץ הקץ	הקיץ-הקץ	ירושה-מבוקרת	ממתין		
10	109	רִיפָּה אֶת יָדָיו	ריפה את ידיו	ריפה-את-ידיו	ירושה-מבוקרת	ממתין		
10	110	בֵּית בַּד	בית בד	בית-בד	ירושה-מבוקרת	ממתין	ויקימילון	
10	111	בֵּית תַּמְחוּי	בית תמחוי	בית-תמחוי	ירושה-מבוקרת	ממתין	ויקימילון	
10	112	כִּתְמוֹל שִׁלְשוֹם	כתמול שלשום	כתמול-שלשום	ירושה-מבוקרת	ממתין	ויקימילון	
10	113	רִפְיוֹן יָדַיִּם	רפיון ידים	רפיון-ידים	ירושה-מבוקרת	ממתין		
10	114	נָטָה חֶסֶד	נטה חסד	נטה-חסד	ירושה-מבוקרת	ממתין		
10	115	צביון	צביון	צביונ	טיוטה	ממתין	ויקימילון	
10	116	מכורה	מכורה	כור	טיוטה	ממתין	ויקימילון	
10	117	אצטגנין	אצטגנין	אצטגנינ	טיוטה	ממתין	ויקימילון	
10	118	לודר	לודר	לודר	טיוטה	ממתין	ויקימילון	
10	119	קופיץ	קופיץ	קופיצ	ירושה-שונה	ממתין	ויקימילון	
10	120	זרבובית	זרבובית	זרבוב	טיוטה	ממתין	ויקימילון	
10	121	צפריר	צפריר	צפריר	טיוטה	ממתין	ויקימילון	
10	122	מצודד	מצודד	צוד	טיוטה	ממתין	ויקימילון	
10	123	אפיל	אפיל	אפל	ירושה-שונה	ממתין	ויקימילון	
10	124	אסוך	אסוך	אסוכ	טיוטה	ממתין	ויקימילון	
10	125	אסל	אסל	אסל	טיוטה	ממתין	ויקימילון	
10	126	צרי	צרי	צרי	טיוטה	ממתין	ויקימילון	
10	127	תרגימה	תרגימה	תרגימה	טיוטה	ממתין	ויקימילון	
10	128	אבן שאין לה הופכין	אבן שאין לה הופכין	אבן-שאין-לה-הופכין	טיוטה	ממתין	ויקימילון	
10	129	אור יקרות	אור יקרות	אור-יקרות	טיוטה	ממתין	ויקימילון	
10	130	חרב פיפיות	חרב פיפיות	חרב-פיפיות	טיוטה	ממתין	ויקימילון	
10	131	לזות שפתיים	לזות שפתיים	לזות-שפתיים	טיוטה	ממתין	ויקימילון	
10	132	סלע המחלוקת	סלע המחלוקת	סלע-המחלוקת	טיוטה	ממתין	ויקימילון	
10	133	שידוד מערכות	שידוד מערכות	שידוד-מערכות	טיוטה	ממתין	ויקימילון	
10	134	סרח עודף	סרח עודף	סרח-עודף	טיוטה	ממתין	ויקימילון	
10	135	היינו הך	היינו הך	היינו-הך	טיוטה	ממתין	ויקימילון	
10	136	כיליון עיניים	כיליון עיניים	כיליון-עיניים	טיוטה	ממתין	ויקימילון	
10	137	לא יסולא בפז	לא יסולא בפז	לא-יסולא-בפז	טיוטה	ממתין	ויקימילון	
10	138	קל רגליים	קל רגליים	קל-רגליים	טיוטה	ממתין	ויקימילון	
10	139	שעת כושר	שעת כושר	שעת-כושר	טיוטה	ממתין	ויקימילון	
10	140	עיר פרזות	עיר פרזות	עיר-פרזות	טיוטה	ממתין	ויקימילון	
10	141	נחל איתן	נחל איתן	נחל-איתן	טיוטה	ממתין	ויקימילון	
10	142	קירח מכאן ומכאן	קירח מכאן ומכאן	קירח-מכאן-ומכאן	טיוטה	ממתין	ויקימילון	
10	143	שוקת שבורה	שוקת שבורה	שוקת-שבורה	טיוטה	ממתין		
10	144	עלה על שרטון	עלה על שרטון	עלה-על-שרטון	טיוטה	ממתין	ויקימילון	
10	145	לבטים	לבטים	לבט	טיוטה	ממתין		
10	146	לצמיתות	לצמיתות	צמת	טיוטה	ממתין		
10	147	גרידא	גרידא	גרידא	טיוטה	ממתין	ויקימילון	
10	148	בר מינן	בר מינן	בר-מינן	ירושה-שונה	ממתין	ויקימילון	
10	149	כדבעי	כדבעי	כדבעי	טיוטה	ממתין	ויקימילון	
10	150	אתרע מזלו	אתרע מזלו	אתרע-מזלו	טיוטה	ממתין	ויקימילון	
10	151	בוקי סריקי	בוקי סריקי	בוקי-סריקי	טיוטה	ממתין	ויקימילון	
10	152	בריש גלי	בריש גלי	בריש-גלי	ירושה-שונה	ממתין	ויקימילון	
10	153	אליבא ד	אליבא ד	אליבא	טיוטה	ממתין	ויקימילון	
10	154	שור	שור	שור	ירושה-שונה	ממתין	ויקימילון	
10	155	טס	טס	טסס	ירושה-שונה	ממתין	ויקימילון	
10	156	זוג	זוג	זוג	ירושה-שונה	ממתין	ויקימילון	
10	157	חלב	חלב	חלב	ירושה-שונה	ממתין	ויקימילון	
10	158	גבר	גבר	גבר	ירושה-שונה	ממתין	ויקימילון	
10	159	מסה	מסה	מסה	ירושה-מבוקרת	ממתין	ויקימילון	
10	160	כרוב	כרוב	כרוב	ירושה-שונה	ממתין	ויקימילון	
10	161	יובל	יובל	יבל	ירושה-שונה	ממתין	ויקימילון	
10	162	ענק	ענק	ענק	ירושה-שונה	ממתין	ויקימילון	
10	163	אחשדרפן	אחשדרפן	אחשדרפנ	טיוטה	ממתין	ויקימילון	
10	164	אחלמה	אחלמה	אחלמה	טיוטה	ממתין	ויקימילון	
10	165	מורסה	מורסה	מורסה	טיוטה	ממתין	ויקימילון	
10	166	רחת	רחת	רחת	טיוטה	ממתין	ויקימילון	
10	167	סודר	סודר	סודר	ירושה-שונה	ממתין	ויקימילון	
10	168	קבה	קבה	קבה	טיוטה	ממתין	ויקימילון	
10	169	אפדן	אפדן	אפדנ	טיוטה	ממתין	ויקימילון	
10	170	כליב	כליב	כליב	טיוטה	ממתין	ויקימילון	
10	171	חֵלֶק הָאֲרִי	חלק הארי	חלק-הארי	טיוטה	ממתין		
10	172	הִפִּיל עָלָיו אֶת חִתָּתוֹ	הפיל עליו את חתתו	הפיל-עליו-את-חיתתו	טיוטה	ממתין		
10	173	נִטַּל עֻקְצוֹ	נטל עקצו	ניטל-עוקצו	טיוטה	ממתין		
10	174	בִּזְעֵיר אַנְפִּין	בזעיר אנפין	בזעיר-אנפין	ירושה-שונה	ממתין	ויקימילון	
10	175	שִׁירַת הַבַּרְבּוּר	שירת הברבור	שירת-הברבור	טיוטה	ממתין		
10	176	תַּשׁ כֹּחוֹ	תש כחו	תש-כוחו	טיוטה	ממתין		
10	177	נִבֵּל אֶת פִּיו	נבל את פיו	ניבל-את-פיו	טיוטה	ממתין		
10	178	הֵשִׁיב פָּנָיו רֵיקָם	השיב פניו ריקם	השיב-פניו-ריקם	טיוטה	ממתין		
10	179	גַּבְהוּת לֵב	גבהות לב	גבהות-לב	טיוטה	ממתין		
10	180	בָּא אֶל קִצּוֹ	בא אל קצו	בא-אל-קיצו	טיוטה	ממתין		
10	181	אֵין לוֹ דּוֹרֵשׁ	אין לו דורש	אין-לו-דורש	טיוטה	ממתין		
10	182	אֵין לוֹ זֵכֶר	אין לו זכר	אין-לו-זכר	טיוטה	ממתין		
10	183	בָּא בְּצֵל קוֹרָתוֹ	בא בצל קורתו	בא-בצל-קורתו	טיוטה	ממתין	ויקימילון	
10	184	בָּא כְּשֶׁמֶן בְּעַצְמוֹתָיו	בא כשמן בעצמותיו	בא-כשמן-בעצמותיו	טיוטה	ממתין	ויקימילון	
10	185	הָיָה לְאֵל יָדוֹ	היה לאל ידו	היה-לאל-ידו	טיוטה	ממתין		
10	186	הִקְבִּיל אֶת פָּנָיו	הקביל את פניו	הקביל-את-פניו	טיוטה	ממתין		
10	187	חָשַׁק שְׂפָתָיו	חשק שפתיו	חשק-שפתיו	טיוטה	ממתין		
10	188	בֵּית מִדּוֹת	בית מדות	בית-מידות	טיוטה	ממתין		
10	189	דִּבֵּר גְּבוֹהָה גְּבוֹהָה	דבר גבוהה גבוהה	דיבר-גבוהה-גבוהה	טיוטה	ממתין	ויקימילון	
10	190	דִּבֵּר עַל לִבּוֹ	דבר על לבו	דיבר-על-ליבו	טיוטה	ממתין		
10	191	כָּבַשׁ אֶת יִצְרוֹ	כבש את יצרו	כבש-את-יצרו	טיוטה	ממתין	ויקימילון	
10	192	עֲקֵב אָכִילֵס	עקב אכילס	עקב-אכילס	טיוטה	ממתין	ויקימילון	
10	193	עָמַד עַל דַּעְתּוֹ	עמד על דעתו	עמד-על-דעתו	ירושה-שונה	ממתין	ויקימילון	
10	194	נַהַנְתָּן	נהנתן	הנה	ירושה-שונה	ממתין		
10	195	נְסֹרֶת	נסרת	נסר	טיוטה	ממתין	ויקימילון	
