k	unit	term	gloss	bold	en	he
c6691a1edf79	1	1st - first	ראשון	ראשונה	In the race, she finished <b>first</b>, ahead of everyone else.	היא סיימה <b>ראשונה</b> במרוץ, לפני כולם.
8dcccd288b67	1	2nd - second	שני	השני	She trained all year and placed <b>second</b> in the final race.	היא התאמנה כל השנה והגיעה למקום <b>השני</b> במרוץ הגמר.
0fa9e28b2058	1	3rd - third	שלישי	השלישית	The <b>third</b> time he called, she answered the phone.	בפעם <b>השלישית</b> שהוא התקשר, היא ענתה לטלפון.
44d4accc91a4	1	agree	להסכים	הסכימו	The two friends finally <b>agreed</b> on the best solution.	שני החברים סוף סוף <b>הסכימו</b> על הפתרון הטוב ביותר.
3613373fc883	1	also	גם	וגם	She plays soccer and <b>also</b> plays basketball on weekends.	היא משחקת כדורגל <b>וגם</b> משחקת כדורסל בסופי שבוע.
96dcec095386	1	angry	כועס	כעס	He was <b>angry</b> when they canceled the entire trip.	הוא <b>כעס</b> כשביטלו את כל הטיול.
5696cd2484de	1	animal	חיה	החיה	The small <b>animal</b> ran quickly across the open field.	<b>החיה</b> הקטנה רצה מהר על פני השדה הפתוח.
46d15d022397	1	another	נוסף; אחר	נוספת	She wants <b>another</b> chance to fix her mistake before the deadline.	היא רוצה הזדמנות <b>נוספת</b> לתקן את הטעות שלה לפני המועד האחרון.
58eddd1919f8	1	answer	תשובה; לענות	התשובה	He finally knew the correct <b>answer</b> to the question.	הוא סוף סוף ידע את <b>התשובה</b> הנכונה לשאלה.
35ab92a08751	1	area	אזור, תחום	באזור	The downtown <b>area</b> has many good restaurants and shops nearby.	<b>באזור</b> מרכז העיר יש הרבה מסעדות וחנויות טובות בקרבת מקום.
a0d8308333c3	1	army	צבא	הצבא	The <b>army</b> fought hard to defend the entire country.	<b>הצבא</b> נלחם קשה כדי להגן על כל המדינה.
226c91e8a674	1	ask	לשאול; לבקש	ישאל	He will <b>ask</b> you for help with the project.	הוא <b>ישאל</b> אותך אם תוכל לעזור לו בפרויקט.
b28b52f9976d	1	beginning	התחלה	תחילת	The <b>beginning</b> of winter brings very cold weather here.	<b>תחילת</b> החורף מביאה כאן מזג אוויר קר מאוד.
0d4ade64672d	1	best	הכי טוב	הכי טובה	That is the <b>best</b> pizza restaurant in town here.	זו מסעדת הפיצה <b>הכי טובה</b> בעיר.
01840904cc73	1	boat	סירה	בסירה	He rowed the small <b>boat</b> across the lake yesterday.	הוא חתר <b>בסירה</b> הקטנה על פני האגם אתמול.
640523eda8f7	1	body	גוויה, גוף	הגווייה	Investigators carefully examined the <b>body</b> to learn the cause of death.	החוקרים בדקו בקפידה את <b>הגווייה</b> כדי לגלות את סיבת המוות.
d147acc7a022	1	bought	קנה	קנתה	She <b>bought</b> a new car yesterday at the dealership.	היא <b>קנתה</b> מכונית חדשה אתמול אצל הסוחר.
e0b54574de61	1	brain	מוח, שכל	המוח	Your <b>brain</b> controls everything you do and think daily.	<b>המוח</b> שלך שולט בכל מה שאתה עושה וחושב מדי יום.
4ba9e1165411	1	break	לשבור; הפסקה	תשבור	Do not <b>break</b> the glass or I will be angry.	אל <b>תשבור</b> את הכוס, אחרת אני אכעס.
699ecaade9f5	1	building	בניין	הבניין	The <b>building</b> is very tall and made of steel.	<b>הבניין</b> גבוה מאוד ועשוי מפלדה.
caf7c2bd5955	1	burn	לשרוף, להישרף	יישרף	The candle will <b>burn</b> slowly all night long tonight.	הנר <b>יישרף</b> לאט כל הלילה הערב.
66d807b37f58	1	call	לקרוא, להתקשר; שיחה	אתקשר	I will <b>call</b> you tomorrow morning to discuss the new plan.	אני <b>אתקשר</b> אליך מחר בבוקר כדי לדבר על התוכנית החדשה.
72d04537d4ae	1	camera	מצלמה	במצלמה	She used her new <b>camera</b> to take pictures at the party.	היא השתמשה <b>במצלמה</b> החדשה שלה כדי לצלם תמונות במסיבה.
e1aa44645b4d	1	cash	לפדות; מזומן	יפדה	He will <b>cash</b> the check at the bank tomorrow.	הוא <b>יפדה</b> את הצ'ק בבנק מחר.
e7a142212cf2	1	check	לבדוק	תבדוק	She will <b>check</b> the entire document before submitting it.	היא <b>תבדוק</b> את כל המסמך לפני שהיא תגיש אותו.
74d4be37c87b	1	child	ילד	הילד	The small <b>child</b> is playing outside very happily today.	<b>הילד</b> הקטן משחק בחוץ בשמחה רבה היום.
68f8283bd6d9	1	children	ילדים	הילדים	The <b>children</b> are playing loudly in the park outside.	<b>הילדים</b> משחקים בקול רם בפארק בחוץ.
1360f79f1120	1	church	כנסיה	לכנסייה	The old <b>church</b> has beautiful stained glass windows and history.	<b>לכנסייה</b> הישנה יש חלונות ויטראז' יפים והיסטוריה עשירה.
2a2ab6dc2b39	1	close	קרוב; סגור, לסגור	קרובה	The store is very <b>close</b> to my house here.	החנות <b>קרובה</b> מאוד לבית שלי כאן.
56b9121f27e1	1	club	מועדון	למועדון	He joined the school chess <b>club</b> at the start of this year.	הוא הצטרף <b>למועדון</b> השחמט של בית הספר בתחילת השנה הזו.
bc11047001e0	1	color	לצבוע; צבע	תצבע	She will <b>color</b> the picture with bright green and yellow crayons.	היא <b>תצבע</b> את התמונה בעפרונות ירוקים וצהובים בהירים.
4fc3c5439a00	1	company	חברה	החברה	The <b>company</b> grew quickly and became large and very successful.	<b>החברה</b> גדלה במהירות והפכה לגדולה ומצליחה מאוד.
0d0be786083f	1	continue	להמשיך	תמשיך	She will <b>continue</b> reading the book after dinner tonight.	היא <b>תמשיך</b> לקרוא את הספר אחרי ארוחת הערב הלילה.
af5168e4959b	1	control	לוח בקרה, פיקוח; שליטה, לשלוט	לוח הבקרה	The pilot carefully checked the flight <b>controls</b> before takeoff today.	הטייס בדק בקפידה את <b>לוח הבקרה</b> של הטיסה לפני ההמראה היום.
84a8ec2be8d5	1	cool	קריר, לצנן, צונן; מגניב	תצנן	She will <b>cool</b> the soup before giving it to the baby.	היא <b>תצנן</b> את המרק לפני שהיא תיתן אותו לתינוק.
82cde40a2bda	1	crime	פשע	הפשע	The police investigated the <b>crime</b> and found the missing money.	המשטרה חקרה את <b>הפשע</b> ומצאה את הכסף החסר.
1f71e1ca1c23	1	dance	לרקוד	תרקוד	She will <b>dance</b> all night at the party.	היא <b>תרקוד</b> כל הלילה במסיבה.
94f35ba68880	1	daughter	בת	הבת	His <b>daughter</b> is smart and kind, and she loves to read.	<b>הבת</b> שלו חכמה וטובת לב, והיא אוהבת לקרוא.
892239a870a4	1	death	מוות	מותו	After his grandfather's <b>death</b>, the family gathered to remember him.	אחרי <b>מותו</b> של סבא שלו, המשפחה התכנסה כדי להנציח אותו.
11e0a8ee6bfe	1	deep	עמוק	עמוקים	The water in the lake is very <b>deep</b> here.	המים באגם <b>עמוקים</b> מאוד כאן.
d2cf69355bd2	1	die	מת, למות	ימות	The plant will <b>die</b> if you forget to water.	הצמח <b>ימות</b> אם תשכח להשקות אותו.
5d745c9eac31	1	dirty	מלוכלך	מלוכלכים	After playing in the mud, his clothes were very <b>dirty</b>.	אחרי שהוא שיחק בבוץ, הבגדים שלו היו <b>מלוכלכים</b> מאוד.
8f8883da89e3	1	dream	חלום, לחלום	חולמת	She <b>dreams</b> of traveling around the world one day.	היא <b>חולמת</b> לטייל בעולם יום אחד.
27b4b8591549	1	drink	לשתות, משקה	שותה	I always <b>drink</b> a big glass of water first thing every morning.	אני תמיד <b>שותה</b> כוס גדולה של מים מיד כשאני מתעורר, בכל בוקר.
867fffbcc1c8	1	earth	אדמה; כדור הארץ	באדמה	Plants grow in the <b>earth</b> and need sunlight to survive.	צמחים גדלים <b>באדמה</b> וזקוקים לאור שמש כדי לשרוד.
ef7826c74167	1	East	מזרח	במזרח	The sun rises in the <b>East</b> every morning.	השמש זורחת <b>במזרח</b> בכל בוקר.
a14ab52fcc17	1	enjoy	ליהנות	נהנים	We <b>enjoy</b> spending time with our family on weekends.	אנחנו <b>נהנים</b> לבלות זמן עם המשפחה שלנו בסופי שבוע.
61e183459bf6	1	evening	ערב	בערב	She likes to take a walk in the <b>evening</b> after dinner.	היא אוהבת לצאת להליכה <b>בערב</b> אחרי ארוחת הערב.
98ef4c41afec	1	explain	להסביר	יסביר	The teacher will <b>explain</b> the math problem to the class.	המורה <b>יסביר</b> לכיתה את בעיית החשבון.
a104ac877c29	1	face	פנים; לפנות אל, לעמוד מול; להתמודד עם, לעמוד בפני	הפנים	She washed her <b>face</b> with warm water before going to bed.	היא שטפה את <b>הפנים</b> שלה במים חמים לפני שהלכה לישון.
0bcbe4a84be8	1	family	משפחה	המשפחה	My <b>family</b> likes to eat dinner together every evening.	<b>המשפחה</b> שלי אוהבת לאכול ארוחת ערב ביחד בכל ערב.
1699f2820e17	1	fear	פחד, לפחד	פוחדים	Some people <b>fear</b> spiders even though they are harmless.	אנשים מסוימים <b>פוחדים</b> מעכבישים למרות שהם לא מסוכנים.
a18a1a3d4247	1	feel	להרגיש	מרגיש	I <b>feel</b> happy when I spend time with my best friend.	אני <b>מרגיש</b> שמח כשאני מבלה עם החבר הכי טוב שלי.
1dc41dadd70e	1	feeling	הרגשה	הרגשת	The <b>feeling</b> of happiness was overwhelming after she won.	<b>הרגשת</b> האושר הייתה מציפה אחרי שהיא ניצחה.
e9eeaaa09c90	1	fight, fought	להילחם, להיאבק; לריב	נאבקה	She <b>fought</b> hard to stay awake during the long afternoon lecture.	היא <b>נאבקה</b> קשה כדי להישאר ערה במהלך ההרצאה הארוכה אחר הצהריים.
097f5519631b	1	fire	אש, להצית; לירות; לפטר	האש	The <b>fire</b> burned brightly in the fireplace all night.	<b>האש</b> בערה בעוצמה באח כל הלילה.
5f975dfec06a	1	fix	לתקן	יתקן	The mechanic will <b>fix</b> the broken car engine.	המכונאי <b>יתקן</b> את מנוע המכונית השבור.
548a7807c1e1	1	follow	לעקוב, לציית	עקבו	Please <b>follow</b> me to the conference room on the third floor.	בבקשה <b>עקבו</b> אחריי לחדר הישיבות בקומה השלישית.
e5a6c2fc7736	1	friend	חבר	והחבר	My best <b>friend</b> and I have known each other since childhood.	אני <b>והחבר</b> הכי טוב שלי מכירים זה את זה מהילדות.
8d74309e5e95	1	future	עתיד	בעתיד	In the <b>future</b>, cars will probably drive themselves.	<b>בעתיד</b>, מכוניות כנראה יסעו לבד.
25d15bb1fd10	1	General	גנרל (דרגה צבאית); כללי	הגנרל	The <b>general</b> met with his officers to plan the training exercise.	<b>הגנרל</b> נפגש עם הקצינים שלו כדי לתכנן את תרגיל האימונים.
18b4ec4c6d0e	1	glass	כוס; זכוכית	לכוס	He poured juice into a clean <b>glass</b> for breakfast.	הוא מזג מיץ <b>לכוס</b> נקייה לארוחת הבוקר.
e81215853608	1	government	ממשל	הממשל	The <b>government</b> passes laws that citizens must follow.	<b>הממשל</b> מעביר חוקים שהאזרחים חייבים לציית להם.
72e7c597ac4e	1	ground	בסיס, אדמה	האדמה	The children played games on the <b>ground</b> in the park.	הילדים שיחקו משחקים על <b>האדמה</b> בפארק.
a40cc32d5674	1	grow up	להתבגר, לגדול	יגדל	When he <b>grows up</b>, he wants to become a teacher.	כשהוא <b>יגדל</b>, הוא רוצה להיות מורה.
815f2d422f44	1	hand	יד; למסור	היד	He held her <b>hand</b> as they walked down the street.	הוא החזיק את <b>היד</b> שלה בזמן שהם הלכו ברחוב.
6cda7603993c	1	health	בריאות	לבריאות	Eating well and exercising are important for good <b>health</b>.	אכילה נכונה ופעילות גופנית חשובות <b>לבריאות</b> טובה.
2c6a3ec194fb	1	heart	לב	מהלב	Love comes from the <b>heart</b> and cannot be forced.	אהבה באה <b>מהלב</b> ואי אפשר לכפות אותה.
40882f91d8c2	1	heavy	כבד	כבדה	The suitcase was so <b>heavy</b> that I needed help moving it.	המזוודה הייתה <b>כבדה</b> כל כך שנזקקתי לעזרה כדי להזיז אותה.
04b95bc95caf	1	here	כאן	לכאן	Please come <b>here</b> and sit next to me for a moment.	בבקשה בוא <b>לכאן</b> ותשב לידי לרגע.
1f540c85cbd8	1	hope	תקווה, לקוות	מקווה	I <b>hope</b> that we win the championship this year.	אני <b>מקווה</b> שננצח באליפות השנה.
00b3e7a3cb01	1	horse	סוס	הסוס	She rode her <b>horse</b> across the wide meadow toward the distant forest.	היא רכבה על <b>הסוס</b> שלה על פני האחו הרחב לכיוון היער המרוחק.
b3b7622058a1	1	hospital	בית חולים	בבית החולים	She spent three days at the <b>hospital</b> after the accident.	היא בילתה שלושה ימים <b>בבית החולים</b> אחרי התאונה.
a5ebdbe50aa4	1	hot	חם; חריף	חמים	Be careful because the water is very <b>hot</b> right now.	תיזהר כי המים <b>חמים</b> מאוד עכשיו.
a329d1411d80	1	human	אנושי	אנושיים	<b>Human</b> emotions are complex and often difficult to understand.	רגשות <b>אנושיים</b> הם מורכבים ולעיתים קרובות קשה להבין אותם.
2fd3f616de65	1	human being	בן-אדם, אנוש	בן אדם	Every <b>human being</b> deserves respect and kindness from others.	כל <b>בן אדם</b> ראוי לכבוד ולטוב לב מאחרים.
eda9da331a4a	1	husband	בעל	הבעל	Her <b>husband</b> surprised her with flowers on their anniversary.	<b>הבעל</b> שלה הפתיע אותה בפרחים ביום השנה שלהם.
f620fa59c914	1	important	חשוב	חשובה	Sleep is <b>important</b> because it helps your body recover.	שינה <b>חשובה</b> כי היא עוזרת לגוף שלך להתאושש.
769fb4fd0e35	1	inside	בתוך, פנים	לתוך	We walked <b>inside</b> the museum and saw ancient sculptures.	הלכנו <b>לתוך</b> המוזיאון וראינו פסלים עתיקים.
0f1a284e9844	1	into	אל תוך	לתוך	He poured water <b>into</b> the glass until it was full.	הוא שפך מים <b>לתוך</b> הכוס עד שהיא התמלאה.
51c9db1551d5	1	island	אי	באי	We spent vacation on a small <b>island</b> in the Mediterranean.	בילינו את החופשה <b>באי</b> קטן בים התיכון.
1a3a4a7ec684	1	joke	בדיחה	הבדיחה	His funny <b>joke</b> made everyone at the party laugh.	<b>הבדיחה</b> המצחיקה שלו גרמה לכולם במסיבה לצחוק.
6e6271ddc14e	1	jump	לקפוץ	קפץ	The dog <b>jumped</b> over the fence toward the park.	הכלב <b>קפץ</b> מעל הגדר לכיוון הפארק.
3dc33d2dc5db	1	king	מלך	המלך	The <b>king</b> ruled the country for fifty years.	<b>המלך</b> שלט במדינה במשך חמישים שנה.
83bd272937d1	1	know, knew	לדעת, להכיר; ידע	הכרתי	I <b>knew</b> her from college but we lost touch years ago.	<b>הכרתי</b> אותה מהקולג' אבל איבדנו קשר לפני שנים.
e8eb01d0bc02	1	large	גדול	גדולה	This apartment is <b>large</b> enough for our growing family.	הדירה הזאת <b>גדולה</b> מספיק למשפחה הגדלה שלנו.
d92ee78639f7	1	laugh	לצחוק	צחק	The comedy show was so funny the audience <b>laughed</b> loudly.	מופע הקומדיה היה כל כך מצחיק שהקהל <b>צחק</b> בקול רם.
fa967b2c9641	1	law	חוק	החוק	The new <b>law</b> requires people to recycle plastic bottles.	<b>החוק</b> החדש מחייב אנשים למחזר בקבוקי פלסטיק.
c563e5a829bb	1	light	אור; קל	האור	She turned on the <b>light</b> so she could read her book.	היא הדליקה את <b>האור</b> כדי שתוכל לקרוא את הספר שלה.
719143676b5a	1	link	קישור, לקשר, חוליה	הקישור	Click the <b>link</b> to visit the website about living healthy.	לחץ על <b>הקישור</b> כדי לבקר באתר על חיים בריאים.
e4e95dbc0baa	1	list	רשימה, להכין רשימה	רשימת	I made a <b>list</b> of groceries before going to the store.	הכנתי <b>רשימת</b> קניות לפני שהלכתי לחנות.
ebebf1bf7769	1	listen	להקשיב	הקשיבו	Please <b>listen</b> carefully to the instructions before the game begins.	אנא <b>הקשיבו</b> היטב להוראות לפני שהמשחק מתחיל.
8d6d437bc961	1	machine	מכונה	מכונת	This washing <b>machine</b> cleans clothes better than my old one.	<b>מכונת</b> הכביסה הזאת מנקה בגדים טוב יותר מהישנה שלי.
7c532fedf7e5	1	made	עשה, הכין	הכינה	She <b>made</b> a cake from scratch using butter and eggs.	היא <b>הכינה</b> עוגה מאפס באמצעות חמאה וביצים.
00471dc34ef2	1	make sure	להבטיח, לוודא	תוודא	<b>Make sure</b> you lock the door before you leave tonight.	<b>תוודא</b> שאתה נועל את הדלת לפני שאתה יוצא הערב.
83cfec6b496e	1	media	מדיה, תקשורת	התקשורת	The <b>media</b> reported the earthquake story on the evening news.	<b>התקשורת</b> דיווחה על סיפור רעידת האדמה בחדשות הערב.
de789a8af615	1	meeting	פגישה	הפגישה	The <b>meeting</b> lasted two hours and was very productive.	<b>הפגישה</b> נמשכה שעתיים והייתה מאוד פרודוקטיבית.
7cf23e1a1f57	1	memory	זיכרון, לזכר	זיכרונות	That song brings back happy <b>memories</b> of my childhood years.	השיר הזה מחזיר <b>זיכרונות</b> שמחים משנות הילדות שלי.
cfcde8a02611	1	middle	אמצע	באמצע	She sat in the <b>middle</b> of the room where everyone could see her.	היא ישבה <b>באמצע</b> החדר, כך שכולם יכלו לראות אותה.
262cd95a31e9	1	mix	לערבב, ערבוב	ערבב	<b>Mix</b> the eggs and sugar together until they become pale.	<b>ערבב</b> את הביצים והסוכר יחד עד שהם יהפכו לבהירים.
277a33be054c	1	monster	מפלצת	המפלצת	The <b>monster</b> in the movie scared the children in the theater.	<b>המפלצת</b> בסרט הפחידה את הילדים בקולנוע.
fda0f0b138a2	1	mountain	הר	ההר	The <b>mountain</b> peak was covered in snow during winter.	פסגת <b>ההר</b> הייתה מכוסה בשלג בחורף.
5e52540c6ac3	1	mouth	פה	הפה	She opened her <b>mouth</b> to speak but then stayed quiet.	היא פתחה את <b>הפה</b> כדי לדבר אבל אז נשארה בשקט.
9c88297ae85e	1	move	לזוז, לעבור	זז	The cat <b>moved</b> quietly across the room without making a sound.	החתול <b>זז</b> בשקט לרוחב החדר בלי להשמיע קול.
ad6f1c315807	1	North	צפון	צפונה	The train headed <b>north</b> toward the mountains in the early morning.	הרכבת נסעה <b>צפונה</b> לכיוון ההרים בשעות הבוקר המוקדמות.
f6387a4324dc	1	nose	אף, חרטום	האף	He broke his <b>nose</b> playing basketball last week.	הוא שבר את <b>האף</b> שלו כשהוא שיחק כדורסל בשבוע שעבר.
e9d5a1862578	1	ocean	אוקיינוס	האוקיינוס	The <b>ocean</b> waves were beautiful when we visited the beach.	גלי <b>האוקיינוס</b> היו יפים כשביקרנו בחוף.
5bd4a16f4b0e	1	offer	הצעה, להציע	הציעה	The company <b>offered</b> him a job but he declined politely.	החברה <b>הציעה</b> לו עבודה אבל הוא סירב בנימוס.
23f663d01f0b	1	open	לפתוח, פתוח	פתחה	She <b>opened</b> the door and welcomed us inside warmly.	היא <b>פתחה</b> את הדלת וקיבלה אותנו בברכה חמה פנימה.
446a5572737d	1	organic	אורגני	אורגניים	<b>Organic</b> vegetables are grown without pesticides or chemicals.	ירקות <b>אורגניים</b> גדלים בלי חומרי הדברה או כימיקלים.
dfe6e215d0bc	1	part	חלק	בחלק	This <b>part</b> of the city has many restaurants and shops.	<b>בחלק</b> הזה של העיר יש הרבה מסעדות וחנויות.
850ab81f15cd	1	past	עבר, שעבר	עברה	She walked <b>past</b> my house on her way to school.	היא <b>עברה</b> על פני הבית שלי בדרכה לבית הספר.
7709d2fe351c	1	pay	לשלם	משלם	I always <b>pay</b> my bills on time before the deadline.	אני תמיד <b>משלם</b> את החשבונות שלי בזמן לפני המועד האחרון.
b3f14e060ba0	1	peace	שלום	השלום	The <b>peace</b> treaty ended the war between the two nations.	הסכם <b>השלום</b> סיים את המלחמה בין שתי המדינות.
2d1151cc21c1	1	person	אדם	האדם	The tall <b>person</b> wearing a red jacket helped me find the subway station.	<b>האדם</b> הגבוה שלבש ז'קט אדום עזר לי למצוא את תחנת הרכבת התחתית.
eb51200db3d2	1	personal	אישי	האישיות	She spoke about her <b>personal</b> experiences during her first year of college.	היא דיברה על החוויות <b>האישיות</b> שלה בשנה הראשונה בקולג'.
db1601af5ebd	1	place	מקום, למקם	המקום	The quiet corner near the window is my favorite <b>place</b> to read and think.	הפינה השקטה ליד החלון היא <b>המקום</b> האהוב עליי לקרוא ולחשוב.
b78543ffbf09	1	plan	תכנית; לתכנן	מתכננים	We <b>plan</b> to drive across the country and camp at national parks for six weeks.	אנחנו <b>מתכננים</b> לנסוע ברחבי הארץ ולהקים מחנה בפארקים לאומיים במשך שישה שבועות.
d7453a44a9f4	1	plane	מטוס; מישור	המטוס	The <b>plane</b> flew across the ocean to reach London safely.	<b>המטוס</b> טס מעל האוקיינוס כדי להגיע ללונדון בשלום.
af6cc3660d27	1	play	משחק, לשחק; מחזה	משחקים	Children <b>play</b> games in the park every afternoon after school.	ילדים <b>משחקים</b> בפארק כל אחר צהריים אחרי בית הספר.
5f62d2701373	1	pool	בריכה	בבריכה	We swam in the <b>pool</b> on this hot summer day.	שחינו <b>בבריכה</b> ביום הקיץ החם הזה.
475c832b8c30	1	poor	עני, מסכן	העניה	The <b>poor</b> family could not afford food, rent, or medical care.	המשפחה <b>העניה</b> לא יכלה להרשות לעצמה אוכל, שכר דירה או טיפול רפואי.
8713df65c353	1	possible	אפשרי	אפשר	It is <b>possible</b> to learn a language if you study consistently for several months.	<b>אפשר</b> ללמוד שפה אם לומדים באופן עקבי במשך כמה חודשים.
0e677bb79f42	1	potato	תפוח אדמה	תפוח האדמה	She peeled the <b>potato</b> and boiled it until soft for mashing.	היא קילפה את <b>תפוח האדמה</b> ובישלה אותו עד שהתרכך למחית.
43cf7856c231	1	president	נשיא	הנשיא	The <b>president</b> gave a speech on national television tonight.	<b>הנשיא</b> נשא נאום בטלוויזיה הארצית הערב.
1e8ebdb1b8c4	1	printer	מדפסת, דפס	המדפסת	The <b>printer</b> ran out of ink and needs a replacement.	<b>המדפסת</b> נגמר לה הדיו והיא זקוקה להחלפה.
ef25246cd82c	1	private	פרטי	הפרטיות	She kept her <b>private</b> thoughts in a locked diary that nobody else could read.	היא שמרה את המחשבות <b>הפרטיות</b> שלה ביומן נעול שאף אחד אחר לא יכול היה לקרוא.
4ef37df5d79a	1	problem	בעיה	הבעיה	The main <b>problem</b> is that we don't have enough time.	<b>הבעיה</b> העיקרית היא שאין לנו מספיק זמן.
dba3a096fc06	1	protect	להגן	מגנים	Parents <b>protect</b> their children by teaching them to look both ways before crossing streets.	הורים <b>מגנים</b> על הילדים שלהם על ידי כך שהם מלמדים אותם להסתכל לשני הצדדים לפני חציית כבישים.
05e076d9ce82	1	queen	מלכה	המלכה	The <b>queen</b> wore a crown and beautiful jewels at the ceremony.	<b>המלכה</b> ענדה כתר ותכשיטים יפים בטקס.
76ef147cbc97	1	quick	זריז	זריזה	He gave a <b>quick</b> reply to each question, answering in just one or two words.	הוא נתן תשובה <b>זריזה</b> לכל שאלה, וענה במילה או שתיים בלבד.
1828320a1ef0	1	quiet	שקט	השקטה	The <b>quiet</b> classroom allowed students to concentrate without any distraction whatsoever.	הכיתה <b>השקטה</b> אפשרה לתלמידים להתרכז בלי שום הסחת דעת.
9dd9588ae325	1	rain	גשם	הגשם	The <b>rain</b> fell all morning and stopped in the afternoon.	<b>הגשם</b> ירד כל הבוקר ופסק אחר הצהריים.
ac17200f8575	1	reason	סיבה; הגיון	הסיבה	The main <b>reason</b> she quit her job was that her boss never respected her ideas.	<b>הסיבה</b> העיקרית שהיא עזבה את העבודה הייתה שהבוס שלה מעולם לא כיבד את הרעיונות שלה.
569fd777f32c	1	relationship	קשר, מערכת יחסים	מערכת היחסים	Their <b>relationship</b> grew stronger after they spent more time talking and listening to each other.	<b>מערכת היחסים</b> שלהם התחזקה אחרי שהם בילו יותר זמן בשיחה והקשבה זה לזה.
547b19e8a276	1	relax	להירגע	נרגע	I <b>relax</b> by turning off my phone and lying in the garden with a book.	אני <b>נרגע</b> על ידי כיבוי הטלפון שלי ושכיבה בגינה עם ספר.
19d4f2c49c9e	1	respect	כבוד, לכבד	מכבדת	The team <b>respects</b> their coach because he admits his mistakes and learns from them.	הקבוצה <b>מכבדת</b> את המאמן שלה כי הוא מודה בטעויות שלו ולומד מהן.
b88ce0d98eea	1	restaurant	מסעדה	המסעדה	That <b>restaurant</b> serves the best Italian food in our town.	<b>המסעדה</b> הזאת מגישה את האוכל האיטלקי הכי טוב בעיר שלנו.
d94fc8c6dd63	1	rice	אורז	האורז	She rinsed the <b>rice</b> in cold water before cooking it in the pot.	היא שטפה את <b>האורז</b> במים קרים לפני שבישלה אותו בסיר.
25b079a9c8bd	1	rich	עשיר	העשיר	The <b>rich</b> businessman donated half his fortune to build schools for poor children.	איש העסקים <b>העשיר</b> תרם חצי מהונו לבניית בתי ספר לילדים עניים.
dde7c0e800fb	1	ride	רכיבה, לרכוב; נסיעה	רוכב	I <b>ride</b> my bicycle to work every day during summer.	אני <b>רוכב</b> על האופניים שלי לעבודה כל יום בקיץ.
31bf8b0350b7	1	ring	טבעת; זירה; לצלצל	הטבעת	She twisted the silver <b>ring</b> around her finger while she waited nervously.	היא סובבה את <b>הטבעת</b> הכסופה סביב האצבע שלה בזמן שחיכתה בעצבנות.
616a984105b5	1	road	דרך	הדרך	The mountain <b>road</b> curved so sharply that driving it made my hands shake.	<b>הדרך</b> ההררית התפתלה בחדות כזאת שהנהיגה בה גרמה לידיים שלי לרעוד.
41abdffa907d	1	run, ran	לרוץ, רץ; לנהל	רצתי	Yesterday I <b>ran</b> five miles in the park near home.	אתמול <b>רצתי</b> חמישה מיילים בפארק ליד הבית.
cb0a44c8057c	1	safe	בטוח; כספת	הבטוח	The <b>safe</b> harbor protected ships from dangerous storms and strong waves.	הנמל <b>הבטוח</b> הגן על הספינות מפני סערות מסוכנות וגלים חזקים.
233aaddc1944	1	save	להציל; לחסוך, לחסוך מ-; לשמור	הציל	The lifeguard <b>saved</b> the swimmer who had been pulled under by the current.	המציל <b>הציל</b> את השחיין שנסחף מתחת למים על ידי הזרם.
43dadd75d345	1	saw, see	ראה, לראות	ראיתי	I <b>saw</b> a beautiful rainbow after the storm ended yesterday afternoon.	<b>ראיתי</b> קשת יפה אחרי שהסערה הסתיימה אתמול אחר הצהריים.
299bbe1d7102	1	scene	סצנה; זירה	הסצנה	The final <b>scene</b> of the movie showed the two friends saying goodbye at the airport.	<b>הסצנה</b> האחרונה בסרט הראתה את שני החברים נפרדים בשדה התעופה.
a052bec75756	1	school	בית-ספר	לבית הספר	My daughter goes to <b>school</b> at eight o'clock every morning.	הבת שלי הולכת <b>לבית הספר</b> בשעה שמונה כל בוקר.
48c7fe5be9ce	1	search	חיפוש, לחפש	יחפש	The team will <b>search</b> the building for the missing keys before the meeting starts.	הצוות <b>יחפש</b> בבניין את המפתחות החסרים לפני שהפגישה מתחילה.
068bab4f2bd8	1	sell	למכור	מוכרים	They <b>sell</b> their handmade goods only at the local market on weekends.	הם <b>מוכרים</b> את המוצרים בעבודת יד שלהם רק בשוק המקומי בסופי שבוע.
beba428d48df	1	send	לשלוח	שלח	<b>Send</b> the package using express mail so it arrives within two days.	<b>שלח</b> את החבילה בדואר מהיר כדי שהיא תגיע תוך יומיים.
ef1085f3a7e3	1	shop	חנות; לקנות	בחנות	I bought groceries at the crowded <b>shop</b>, which closed at nine in the evening.	קניתי מצרכים <b>בחנות</b> ההומה, שנסגרה בתשע בערב.
0be25d560868	1	short	קצר; נמוך	הקצר	The <b>short</b> film told a complete story in just five minutes.	הסרט <b>הקצר</b> סיפר סיפור שלם בתוך חמש דקות בלבד.
94c9b2fabdd5	1	show	הופעה; להראות	מופע	The magic <b>show</b> amazed children by making objects disappear right before their eyes.	<b>מופע</b> הקסמים הדהים את הילדים כשגרם לחפצים להיעלם ממש לנגד עיניהם.
020949c5f184	1	side	צד, לצודד, לתמוך	הצד	The sunny <b>side</b> of the street is much warmer than the shaded side.	<b>הצד</b> השמשי של הרחוב הרבה יותר חם מהצד המוצל.
0717500b6936	1	sign	לחתום; שלט; סימן, לסמן	חתמה	She <b>signed</b> the document with her full legal name carefully.	היא <b>חתמה</b> על המסמך בשמה המשפטי המלא בזהירות.
c1a8734b2a48	1	simple	פשוט	הפשוט	The <b>simple</b> design used only basic shapes and solid colors.	העיצוב <b>הפשוט</b> השתמש רק בצורות בסיסיות ובצבעים אחידים.
f8e19a729584	1	singer	זמר	לזמר	The <b>singer</b> had such a powerful voice that people in the back could hear clearly.	<b>לזמר</b> היה קול כל כך עוצמתי שאנשים בשורות האחוריות יכלו לשמוע בבירור.
0c245b7b6b23	1	single	רווק; יחיד	רווקה	She stayed <b>single</b> for years before finally deciding to get married.	היא נשארה <b>רווקה</b> במשך שנים לפני שהחליטה סוף סוף להתחתן.
de9b7436968d	1	sir	אדון, תואר אצולה אנגלי	אדוני	Yes, <b>sir</b>, I will complete the work before Friday.	כן, <b>אדוני</b>, אני אשלים את העבודה לפני יום שישי.
9e4fc400415b	1	situation	מצב, סיטואציה	המצב	The <b>situation</b> at work improved when the new manager began listening to employees.	<b>המצב</b> בעבודה השתפר כשהמנהל החדש התחיל להקשיב לעובדים.
24137a41ee23	1	sky	שמיים, רקיע	השמיים	The <b>sky</b> turned dark and grey before the storm started.	<b>השמיים</b> הפכו כהים ואפורים לפני שהסערה התחילה.
12c577b839b9	1	sleep	שינה; לישון	ישנים	Children <b>sleep</b> deeply after playing outside all afternoon.	ילדים <b>ישנים</b> עמוק אחרי שהם משחקים בחוץ כל אחר הצהריים.
349341044d32	1	slow	איטי, לאט	האיטי	The <b>slow</b> internet connection made downloading the file take several hours.	החיבור <b>האיטי</b> לאינטרנט גרם להורדת הקובץ לקחת כמה שעות.
c8799b55d037	1	so	אז, כך ש-, ולכן; כל-כך, מאוד	כל כך	The water was <b>so</b> cold that we could not swim.	המים היו <b>כל כך</b> קרים שלא יכולנו לשחות.
cb0fbae18c87	1	soldier	חייל	החייל	The <b>soldier</b> carried heavy equipment on long marches through difficult terrain.	<b>החייל</b> נשא ציוד כבד בצעדות ארוכות בשטח קשה.
4e93bc326cb0	1	South	דרום	דרומה	We traveled <b>south</b> to visit my family in the warm region.	נסענו <b>דרומה</b> כדי לבקר את המשפחה שלי באזור החם.
e345b74fdd4d	1	special	מיוחד	מיוחדת	She wore a <b>special</b> dress embroidered with gold thread that her grandmother made.	היא לבשה שמלה <b>מיוחדת</b> רקומה בחוט זהב שסבתא שלה הכינה.
d64184766c59	1	spend	להוציא, לבזבז, לפזר; לבלות, להעביר	מבזבז	I <b>spend</b> too much money on coffee every week without noticing.	אני <b>מבזבז</b> יותר מדי כסף על קפה כל שבוע בלי לשים לב.
062c9596ff93	1	stand	לעמוד	עמוד	Please <b>stand</b> in line and wait for your turn at the counter.	אנא <b>עמוד</b> בתור וחכה לתורך בדלפק.
9350884b3be9	1	star	כוכב, לככב	בכוכב	We spotted a bright <b>star</b> twinkling in the night sky.	הבחנו <b>בכוכב</b> בהיר שהבהב בשמי הלילה.
7092be2147a9	1	start	להתחיל	נתחיל	We will <b>start</b> the meeting at nine o'clock tomorrow morning.	<b>נתחיל</b> את הפגישה בתשע בבוקר מחר.
15b71baacc13	1	station	תחנה; להציב	לתחנה	Trains arrive at the central <b>station</b> every thirty minutes.	רכבות מגיעות <b>לתחנה</b> המרכזית כל שלושים דקות.
64fcebb7ccbd	1	store	חנות; לאחסן	בחנות	We bought groceries at the <b>store</b> near our apartment.	קנינו מצרכים <b>בחנות</b> ליד הדירה שלנו.
35e080656f82	1	strange	מוזר	המוזרה	His <b>strange</b> behavior made everyone wonder what was happening.	ההתנהגות <b>המוזרה</b> שלו גרמה לכולם לתהות מה קורה.
6b9793acbe17	1	strong	חזק	חזקות	She has <b>strong</b> arms from years of swimming practice.	יש לה זרועות <b>חזקות</b> בזכות שנים של אימוני שחייה.
e364003fb473	1	studio	סטודיו	בסטודיו	The artist worked in her small <b>studio</b> all morning.	האמנית עבדה <b>בסטודיו</b> הקטן שלה כל הבוקר.
323d43b4953b	1	stupid	טיפש	טיפשי	It was <b>stupid</b> to leave without checking the weather forecast.	היה <b>טיפשי</b> לצאת בלי לבדוק את תחזית מזג האוויר.
5040c8c69540	1	summer	קיץ	הקיץ	We always visit our grandparents during <b>summer</b> vacation.	אנחנו תמיד מבקרים את הסבים שלנו בחופשת <b>הקיץ</b>.
3c4a6a5bbd92	1	surprise	הפתעה	המפתיע	His <b>surprise</b> visit made everyone at the party happy.	הביקור <b>המפתיע</b> שלו שימח את כולם במסיבה.
71b20b2249c0	1	sweet	מתוק, ממתק	המתוק	The <b>sweet</b> taste of honey is loved by children.	הטעם <b>המתוק</b> של הדבש אהוב על ילדים.
daf6a22096bf	1	system	מערכת; שיטה	המערכת	The new <b>system</b> made it easier to find documents.	<b>המערכת</b> החדשה הקלה על מציאת מסמכים.
c8ca1e79a6e5	1	team	קבוצה, צוות	הצוות	Our <b>team</b> won the basketball tournament last Saturday.	<b>הצוות</b> שלנו ניצח בטורניר הכדורסל בשבת שעברה.
ce116458eaf2	1	thank	תודה, להודות	שתודה	You should <b>thank</b> your mother for helping you.	כדאי <b>שתודה</b> לאמא שלך על העזרה.
03ea0ac384c9	1	theater	תיאטרון; בית קולנוע	בתיאטרון	We saw an interesting play at the <b>theater</b> downtown.	ראינו מחזה מעניין <b>בתיאטרון</b> במרכז העיר.
a45f2373117c	1	then	אז	ואז	First we studied, and <b>then</b> we went to the park.	קודם למדנו, <b>ואז</b> הלכנו לפארק.
aa7b9cfc8fe7	1	thousand	אלף	מאלף	The city has over one <b>thousand</b> different kinds of restaurants.	בעיר יש יותר <b>מאלף</b> סוגים שונים של מסעדות.
2bc4ce5c2dae	1	touch	מגע, לגעת	תיגע	Please don't <b>touch</b> that painting in the museum.	בבקשה אל <b>תיגע</b> בציור הזה במוזיאון.
dab7d45a284f	1	trust	אמון, לבטוח	בוטחת	She <b>trusts</b> her best friend with all her secrets.	היא <b>בוטחת</b> בחברה הכי טובה שלה ומשתפת אותה בכל הסודות שלה.
9222919d1973	1	truth	אמת	האמת	The <b>truth</b> about what happened finally came out.	<b>האמת</b> על מה שקרה יצאה לבסוף לאור.
04ff9e8471da	1	turn	לפנות, סיבוב; תור	שלפני	Please <b>turn</b> left at the corner before the store.	בבקשה פנה שמאלה בפינה <b>שלפני</b> החנות.
bedc44542690	1	understand	להבין	מבין	Do you <b>understand</b> what the teacher explained today?	אתה <b>מבין</b> מה המורה הסביר היום?
ab810a7ecd37	1	usually	בדרך-כלל	בדרך כלל	She <b>usually</b> drinks coffee in the morning before work.	היא <b>בדרך כלל</b> שותה קפה בבוקר לפני העבודה.
4e3de89caa66	1	village	כפר	בכפר	The small <b>village</b> has only one school and a small market.	<b>בכפר</b> הקטן יש רק בית ספר אחד ושוק קטן.
c885525bb23a	1	visit	לבקר	נבקר	Let's <b>visit</b> the museum downtown this coming weekend.	בואו <b>נבקר</b> במוזיאון במרכז העיר בסוף השבוע הקרוב.
67254d4690c9	1	voice	קול, להשמיע קול	הקול	His <b>voice</b> sounded strange and unfamiliar to everyone.	<b>הקול</b> שלו נשמע מוזר ולא מוכר לכולם.
e76ee58fc40f	1	wall	קיר; חומה	הקיר	The <b>wall</b> between the two houses was made of brick.	<b>הקיר</b> בין שני הבתים היה עשוי לבנים.
f38bc7983070	1	want	לרצות	רוצה	Do you <b>want</b> to join us for lunch today?	אתה <b>רוצה</b> להצטרף אלינו לארוחת צהריים היום?
972b3a55ef68	1	war	מלחמה	המלחמה	The <b>war</b> between the two countries lasted for several years.	<b>המלחמה</b> בין שתי המדינות נמשכה כמה שנים.
1251be335a3f	1	watch	לצפות, להסתכל, להשגיח; שעון	תסתכל	<b>Watch</b> the road very carefully while you are driving.	<b>תסתכל</b> על הכביש בזהירות רבה בזמן שאתה נוהג.
0fe20c086277	1	way	דרך; אופן	הדרך	I know the <b>way</b> to the train station.	אני מכיר את <b>הדרך</b> לתחנת הרכבת.
15b55fbc410a	1	weekend	סוף שבוע	בסוף השבוע	They always visit their parents on the <b>weekend</b>.	הם תמיד מבקרים את ההורים שלהם <b>בסוף השבוע</b>.
363b8b11466f	1	West	מערב	במערב	The sun sets in the <b>West</b> every evening.	השמש שוקעת <b>במערב</b> בכל ערב.
21a23e448894	1	what	מה, איזה	באיזו	<b>What</b> time do we need to leave tomorrow morning?	<b>באיזו</b> שעה אנחנו צריכים לצאת מחר בבוקר?
a0ba43064636	1	wife	אישה, רעיה	אשתו	His <b>wife</b> is a doctor at the hospital.	<b>אשתו</b> היא רופאה בבית החולים.
0defae1a2974	1	win	ניצחון, לנצח	ינצח	Our team will <b>win</b> the championship this year.	הצוות שלנו <b>ינצח</b> באליפות השנה.
4ae544bfdaec	1	winter	חורף	החורף	<b>Winter</b> is cold and snowy in many countries.	<b>החורף</b> קר ומושלג במדינות רבות.
162f91ec961c	1	with	באמצעות, עם	איתי	Will you come <b>with</b> me to the store?	תבוא <b>איתי</b> לחנות?
e5cb6b63567a	1	without	מבלי, ללא	בלי	We cannot succeed <b>without</b> hard work and dedication.	אנחנו לא יכולים להצליח <b>בלי</b> עבודה קשה ומסירות.
1627a3333524	1	work	עבודה, לעבוד	עובדת	She <b>works</b> hard at her job every day.	היא <b>עובדת</b> קשה בעבודה שלה כל יום.
4da8ee1a03ff	1	writer	סופר; כותב	הסופר	The <b>writer</b> has published many successful books already.	<b>הסופר</b> כבר פרסם ספרים מצליחים רבים.
474b7e12afa7	1	young	צעיר	הצעירה	My <b>young</b> daughter just started school this year.	הבת <b>הצעירה</b> שלי רק התחילה בית ספר השנה.
7a263634970d	1	zoo	גן חיות	לגן החיות	We went to the <b>zoo</b> to see the lions.	הלכנו <b>לגן החיות</b> לראות את האריות.
2b00ecf9772f	2	10th - tenth	עשירי	העשירית	This is the <b>tenth</b> time I have asked politely.	זו הפעם <b>העשירית</b> שאני מבקש בנימוס.
68aa47bc4f7c	2	4th - fourth	רביעי	הרביעי	She finished in <b>fourth</b> place in the race.	היא סיימה במקום <b>הרביעי</b> במרוץ.
b25b6e544814	2	5th - fifth	חמישי	בחמישה	My birthday is on the <b>fifth</b> of June.	יום ההולדת שלי הוא <b>בחמישה</b> ביוני.
37eb7e99db07	2	6th - sixth	שישי	השישית	He lives on the <b>sixth</b> floor of the building.	הוא גר בקומה <b>השישית</b> בבניין.
10748cd2c575	2	7th - seventh	שביעי	השביעי	Saturday is the <b>seventh</b> day of the week.	שבת היא היום <b>השביעי</b> בשבוע.
5b3aea17cadd	2	8th - eighth	שמיני	השמיני	He finished <b>eighth</b> in a race where seven runners crossed before him.	הוא סיים במקום <b>השמיני</b> במרוץ שבו שבעה רצים חצו את הקו לפניו.
cb72a96ffafc	2	9th - ninth	תשיעי	התשיעי	She finished <b>ninth</b> in a race where eight runners crossed before her.	היא סיימה במקום <b>התשיעי</b> במרוץ שבו שמונה רצים חצו את הקו לפניה.
345a965ae5db	2	academic	אקדמי	האקדמיים	His <b>academic</b> performance improved significantly after studying harder.	ההישגים <b>האקדמיים</b> שלו השתפרו משמעותית אחרי שלמד קשה יותר.
7bbbb0c01389	2	actor	שחקן	השחקן	The <b>actor</b> improvised a dramatic monologue for three minutes.	<b>השחקן</b> אלתר מונולוג דרמטי במשך שלוש דקות.
973dab1e8c11	2	address	כתובת; לפנות, לטפל	הכתובת	She wrote her <b>address</b> carefully on the envelope.	היא כתבה את <b>הכתובת</b> שלה בזהירות על המעטפה.
f11b9a805594	2	afraid	מפחד	פחדה	She was so <b>afraid</b> of the dark that she slept with a light on.	היא כל כך <b>פחדה</b> מהחושך שהיא ישנה עם אור דלוק.
99c1109283fe	2	agenda	סדר יום	סדר היום	The meeting <b>agenda</b> included five important topics to discuss.	<b>סדר היום</b> של הפגישה כלל חמישה נושאים חשובים לדיון.
3c8b86ec7833	2	aggressive	תוקפני, אלים	התוקפנית	His <b>aggressive</b> behavior scared all the other children.	ההתנהגות <b>התוקפנית</b> שלו הפחידה את כל שאר הילדים.
329ef20c17df	2	airplane	אווירון, מטוס	המטוס	The <b>airplane's</b> engines roared as it prepared for takeoff.	מנועי <b>המטוס</b> שאגו בזמן שהוא התכונן להמראה.
de588dd21bc4	2	alien	זר, נוכרי; לא מוכר, מוזר; חייזר	הזר	The immigration officer checked the <b>alien's</b> work visa carefully.	פקיד ההגירה בדק בקפידה את אשרת העבודה של <b>הזר</b>.
f4ca41e8a211	2	alive	חי	בחיים	The bird was still <b>alive</b> after the accident.	הציפור עדיין הייתה <b>בחיים</b> אחרי התאונה.
9fa805dbfed9	2	architect	ארכיטקט	הארכיטקט	The <b>architect</b> designed a very beautiful building downtown.	<b>הארכיטקט</b> תכנן בניין יפהפה מאוד במרכז העיר.
c7366da6a29a	2	artist	אמן	האמן	The <b>artist</b> sculpted a beautiful figure from marble.	<b>האמן</b> פיסל דמות יפה משיש.
c1ce9ad16873	2	authentic	מקורי, אותנטי	אותנטית	This is <b>authentic</b> Italian pasta, not cheap imitation.	זו פסטה איטלקית <b>אותנטית</b>, לא חיקוי זול.
824f3f453e16	2	background	רקע	הרקע	Her <b>background</b> is in engineering and computer design.	<b>הרקע</b> שלה הוא בהנדסה ובעיצוב מחשבים.
1a090171abde	2	band	להקה; לחבוש, תחבושת, רצועה	להקת	The rock <b>band</b> played all night at the concert.	<b>להקת</b> הרוק ניגנה כל הלילה בהופעה.
3c3505a00690	2	base	בסיס	בבסיס	The old military <b>base</b> has several large buildings and an airfield nearby.	<b>בבסיס</b> הצבאי הישן יש כמה מבנים גדולים ושדה תעופה סמוך.
43401ea138e4	2	beach	חוף ים	בחוף	They spent the entire day swimming and building sandcastles at the <b>beach</b>.	הם בילו את כל היום בשחייה ובבניית טירות חול <b>בחוף</b> הים.
1c9125515eeb	2	beast	חיה, מפלצת	החיה	The wild <b>beast</b> roamed through the dark forest.	<b>החיה</b> הפראית שוטטה ביער האפל.
452e7d382afc	2	bedroom	חדר שינה	בחדר השינה	My <b>bedroom</b> has a comfortable bed and a large window nearby.	<b>בחדר השינה</b> שלי יש מיטה נוחה וחלון גדול לידה.
5569ab5a825d	2	begin/an/un	להתחיל / התחיל / התחיל	מתחיל	The class <b>begins</b> at nine in the morning.	השיעור <b>מתחיל</b> בתשע בבוקר.
ddbba1334b5d	2	bridge	גשר, לגשר	הגשר	The <b>bridge</b> spanning the river connects the two towns.	<b>הגשר</b> החוצה את הנהר מחבר בין שתי הערים.
2afb9939d2ad	2	cancel	לבטל	בטל	Please <b>cancel</b> my appointment for next Friday afternoon.	בבקשה <b>בטל</b> את התור שלי ליום שישי הבא אחר הצהריים.
1da0f2df8a73	2	care	לחבב; לדאוג, לטפל	מחבבת	She <b>cares</b> deeply for her entire family, especially her aging grandparents.	היא <b>מחבבת</b> מאוד את כל המשפחה שלה, ובמיוחד את סביה המזדקנים.
bf1f3ad705f0	2	case	תיבה; מקרה, טיעון	בתיבה	She packed her sunglasses into a hard plastic <b>case</b>.	היא ארזה את משקפי השמש שלה <b>בתיבה</b> קשה מפלסטיק.
76be0666b08f	2	casino	קזינו	בקזינו	He lost a lot of money at the <b>casino</b>.	הוא הפסיד הרבה כסף <b>בקזינו</b>.
268cc914768c	2	catalogue	קטלוג, רשימת פריטים	בקטלוג	The store's <b>catalogue</b> has hundreds of different products.	<b>בקטלוג</b> של החנות יש מאות מוצרים שונים.
f63f31f2488f	2	celebrate	לחגוג	חגגנו	We <b>celebrated</b> her birthday yesterday with a party.	<b>חגגנו</b> את יום ההולדת שלה אתמול במסיבה.
e8a08adf1345	2	change	שינוי, לשנות; עודף	השתנה	The weather <b>changed</b> overnight, turning sunny skies into heavy rain.	מזג האוויר <b>השתנה</b> במהלך הלילה, ושמיים בהירים הפכו לגשם כבד.
05dd3c5249e4	2	cheap	זול	זולות	The shoes were so <b>cheap</b> that she bought three pairs at once.	הנעליים היו כל כך <b>זולות</b> שהיא קנתה שלושה זוגות בבת אחת.
fca384ab9c3b	2	cheat	לרמות, לבגוד	רימה	He <b>cheated</b> during the board game and refused to admit it.	הוא <b>רימה</b> במשחק הלוח וסירב להודות בזה.
e869b52479a3	2	chemical	כימיקל, כימי	כימיות	<b>Chemical</b> reactions happen in the laboratory quite frequently.	תגובות <b>כימיות</b> מתרחשות במעבדה לעיתים קרובות למדי.
7c228acac902	2	chronic	כרוני	כרוניים	He has <b>chronic</b> back pain from an injury.	יש לו כאבי גב <b>כרוניים</b> בעקבות פציעה.
441985ab5a58	2	circle	מעגל; להקיף בעיגול, לחוג	חג	The hawk <b>circled</b> slowly above the field searching for prey.	הנץ <b>חג</b> לאט מעל השדה בחיפוש אחר טרף.
5511af5d7608	2	collect	לאסוף	אוספת	She <b>collects</b> rare stamps from around the world.	היא <b>אוספת</b> בולים נדירים מרחבי העולם.
256a36a86536	2	comic	קומי (מהמילה קומדיה); קומיקס	הקומי	The <b>comic</b> actor made silly faces to amuse the young children.	השחקן <b>הקומי</b> עשה פרצופים מצחיקים כדי לשעשע את הילדים הקטנים.
f7a367f48bf2	2	connect	לחבר	מתחברים	These cables <b>connect</b> directly to your main computer.	הכבלים האלה <b>מתחברים</b> ישירות למחשב הראשי שלך.
f6d7ba567621	2	container	מיכל, קונטיינר	המיכל	The large plastic <b>container</b> held several bottles of cold water.	<b>המיכל</b> הפלסטיק הגדול החזיק כמה בקבוקי מים קרים.
b51d956072e3	2	copy	עותק, להעתיק	העתק	Please <b>copy</b> this document for me before noon.	בבקשה <b>העתק</b> לי את המסמך הזה עד הצהריים.
acb858539f7d	2	country	ארץ; כפר, אזור	לארץ	She moved to a new <b>country</b> last year.	היא עברה <b>לארץ</b> חדשה בשנה שעברה.
06cd028e7311	2	couple	זוג, לצמד	הזוג	The happy <b>couple</b> got married in a small garden ceremony.	<b>הזוג</b> המאושר התחתן בטקס קטן בגן.
c58c757e51bc	2	cousin	בן-דוד	בן הדוד	My <b>cousin</b> lives in another city far away.	<b>בן הדוד</b> שלי גר בעיר אחרת רחוקה.
45694bffbb06	2	cow	פרה	הפרה	The <b>cow</b> ate grass in the green field.	<b>הפרה</b> אכלה עשב בשדה הירוק.
38c92e7dbd62	2	create	ליצור	יוצר	The artist <b>creates</b> beautiful sculptures from white stone.	האמן <b>יוצר</b> פסלים יפים מאבן לבנה.
88c1d1971ab8	2	criteria	אמות מידה, קריטריונים	אמות המידה	The scholarship <b>criteria</b> require excellent grades and volunteer experience.	<b>אמות המידה</b> למלגה דורשות ציונים מצוינים וניסיון התנדבותי.
72137fbede4c	2	cross	לחצות; צלב, להצליב	חצתה	She <b>crossed</b> the street very carefully in the rain.	היא <b>חצתה</b> את הכביש בזהירות רבה בגשם.
5417063501e7	2	darkness	חשיכה	החשיכה	The <b>darkness</b> of the forest made it impossible to find our way.	<b>החשיכה</b> ביער הפכה את מציאת הדרך לבלתי אפשרית.
74f5e1c89e47	2	delete	למחוק	מחקתי	I accidentally <b>deleted</b> the file, so now I cannot recover it.	<b>מחקתי</b> את הקובץ בטעות, כך שעכשיו אני לא יכול לשחזר אותו.
917b6e414e39	2	depression	דיכאון; מיתון	הדיכאון	Her <b>depression</b> lasted several months before she sought professional help.	<b>הדיכאון</b> שלה נמשך כמה חודשים לפני שפנתה לעזרה מקצועית.
e4e7844b835d	2	destroy	להרוס	הרסה	The earthquake <b>destroyed</b> many buildings throughout the ancient city.	רעידת האדמה <b>הרסה</b> בניינים רבים ברחבי העיר העתיקה.
960f53fc8616	2	diagram	תרשים, דיאגרמה	התרשים	The <b>diagram</b> showed exactly how all the machine's parts fit together.	<b>התרשים</b> הראה בדיוק איך כל חלקי המכונה מתחברים זה לזה.
fb4551ba4e44	2	dictator	עריץ, דיקטטור	הדיקטטור	The <b>dictator</b> ruled the country for decades with complete control.	<b>הדיקטטור</b> שלט במדינה במשך עשורים בשליטה מוחלטת.
acf3622f2ca5	2	direct	ישיר, כנה; לכוון; לביים	הישירה	Take the <b>direct</b> road to the airport instead of scenic routes.	קח את הדרך <b>הישירה</b> לשדה התעופה במקום מסלולים נופיים.
71b312708dfa	2	direction	כיוון; הכוונה	הכיוון	The map shows the <b>direction</b> we need to walk to reach our destination.	המפה מראה את <b>הכיוון</b> שעלינו ללכת בו כדי להגיע ליעד שלנו.
0ee0f76da9db	2	distance	מרחק	המרחק	The <b>distance</b> between the two towns is nearly two hundred kilometers by car.	<b>המרחק</b> בין שתי העיירות הוא כמעט מאתיים קילומטרים בנסיעה.
1c830d70ca2e	2	document	מסמך; לתעד	תעד	Please <b>document</b> all your expenses so we can review them later.	אנא <b>תעד</b> את כל ההוצאות שלך כדי שנוכל לבדוק אותן מאוחר יותר.
23431be4242c	2	dominant	דומיננטי, שולט	הדומיננטית	The <b>dominant</b> team in the league won almost every single game.	הקבוצה <b>הדומיננטית</b> בליגה ניצחה כמעט בכל משחק ומשחק.
8078933553a1	2	drastic	דרסטי	דרסטיים	Implementing <b>drastic</b> measures will make huge changes across the entire system.	יישום צעדים <b>דרסטיים</b> יביא לשינויים עצומים בכל המערכת.
2f3f1ea6874d	2	echo	הד; להדהד	ההד	When I shouted in the canyon, I heard my voice <b>echo</b>.	כשצעקתי בקניון, שמעתי את <b>ההד</b> של קולי.
10ecbb5322fd	2	ecological	אקולוגי	האקולוגי	This <b>ecological</b> research focuses on how pollution affects local wildlife.	המחקר <b>האקולוגי</b> הזה מתמקד באופן שבו זיהום משפיע על חיות הבר המקומיות.
d0a264deccd8	2	edit	לערוך	העורך	The editor will <b>edit</b> your essay and return it with feedback.	<b>העורך</b> יערוך את החיבור שלך ויחזיר אותו עם משוב.
04f35ff5b8a2	2	elastic	גמיש, אלסטי, גומיה	האלסטית	The <b>elastic</b> band snaps back to its original shape instantly.	הגומייה <b>האלסטית</b> קופצת חזרה לצורתה המקורית באופן מיידי.
ce67eb7c07eb	2	elephant	פיל	הפיל	The <b>elephant</b> used its long trunk to reach leaves high up.	<b>הפיל</b> השתמש בחדק הארוך שלו כדי להגיע לעלים גבוהים.
dbafde7bcbfc	2	empire	אימפריה	האימפריה	The Roman <b>empire</b> controlled a vast territory for several centuries.	<b>האימפריה</b> הרומית שלטה בשטח עצום במשך מאות שנים.
ee317c838848	2	enter	נכנס	להיכנס	You must <b>enter</b> through the front door when you arrive.	עליך <b>להיכנס</b> דרך הדלת הקדמית כשאתה מגיע.
0a017fb0f686	2	episode	פרק; אירוע	בפרק	I watched the latest <b>episode</b> of my favorite television show.	צפיתי <b>בפרק</b> האחרון של התוכנית האהובה עליי.
5f0f430d4a21	2	ethnic	אתני	אתניות	Our community celebrates <b>ethnic</b> traditions from many different cultures.	הקהילה שלנו חוגגת מסורות <b>אתניות</b> מתרבויות רבות ושונות.
aeb078e51fd0	2	event	אירוע	האירוע	The annual <b>event</b> draws thousands of visitors to our city.	<b>האירוע</b> השנתי מושך אלפי מבקרים לעיר שלנו.
25927191d2c8	2	excellent	מצוין	מצוינים	The restaurant's food and service were both <b>excellent</b> and memorable.	האוכל והשירות במסעדה היו שניהם <b>מצוינים</b> ובלתי נשכחים.
ec8adb4898c3	2	exotic	אקזוטי, מארץ זרה	אקזוטיים	She collects <b>exotic</b> plants from rainforests around the world.	היא אוספת צמחים <b>אקזוטיים</b> מיערות גשם ברחבי העולם.
104bcc1cef82	2	expensive	יקר	יקרה	That car is too <b>expensive</b> for us to buy right now.	המכונית הזאת <b>יקרה</b> מדי בשבילנו לקנות כרגע.
f7ce8bb00b46	2	explanation	הסבר	ההסבר	The teacher's <b>explanation</b> of the concept was clear and helpful.	<b>ההסבר</b> של המורה על המושג היה ברור ומועיל.
7efb48d3344c	2	explode	להתפוצץ	יתפוצצו	The fireworks will <b>explode</b> into bright colors above the city.	הזיקוקים <b>יתפוצצו</b> לצבעים בהירים מעל העיר.
6ad7f6eac357	2	extreme	קיצוני	הקיצוני	The <b>extreme</b> heat made it dangerous to be outside.	החום <b>הקיצוני</b> הפך את השהייה בחוץ למסוכנת.
56b9e2ce00c3	2	factory	מפעל, בית חרושת	המפעל	The <b>factory</b> produces thousands of cars each month for export.	<b>המפעל</b> מייצר אלפי מכוניות בכל חודש ליצוא.
40f3787be4b2	2	false	שקרי, כוזב, לא נכון; מזויף	שקרית	That statement is <b>false</b> and contradicted by scientific evidence.	ההצהרה הזאת <b>שקרית</b> וסותרת עדויות מדעיות.
87136771087d	2	fashion	אופנה; לעצב	האופנה	Bright colors and bold patterns are the latest <b>fashion</b> this year.	צבעים בהירים ודוגמאות נועזות הם <b>האופנה</b> האחרונה השנה.
13f7b4493d65	2	file	תיק, קובץ	בקובץ	Please save your work in the computer <b>file</b> on the desktop.	אנא שמור את העבודה שלך <b>בקובץ</b> המחשב על שולחן העבודה.
61a196b1cb21	2	finger	אצבע	באצבע	She held the baby's tiny <b>finger</b> gently in her hand.	היא אחזה בעדינות <b>באצבע</b> הקטנטנה של התינוק בידה.
53176120048f	2	flower	פרח	הפרח	The <b>flower</b> opened with bright yellow petals in the morning sun.	<b>הפרח</b> נפתח בעלי כותרת צהובים בהירים באור השמש של הבוקר.
4599a920735c	2	forest	יער	היער	The <b>forest</b> was so thick that sunlight barely touched the ground.	<b>היער</b> היה כה צפוף שאור השמש בקושי נגע באדמה.
00267ff6a663	2	found	מצא, גילה; לייסד	מצאנו	We <b>found</b> the lost keys under the kitchen table.	<b>מצאנו</b> את המפתחות האבודים מתחת לשולחן המטבח.
891ae80bf224	2	freeze, froze	לקפוא, להקפיא, הקפיא	יקפאו	Water will <b>freeze</b> into ice when the temperature drops.	המים <b>יקפאו</b> לקרח כשהטמפרטורה תרד.
5b4b7b8538bd	2	frog	צפרדע	הצפרדע	The <b>frog</b> jumped from the lily pad into the pond.	<b>הצפרדע</b> קפצה מן עלה הלוטוס אל הבריכה.
4e993004e48f	2	garden	גן	בגן	She grows vegetables in her <b>garden</b> every summer.	היא מגדלת ירקות <b>בגן</b> שלה בכל קיץ.
38ffeb866d85	2	gate	שער	השער	The <b>gate</b> was locked, so we had to climb over it.	<b>השער</b> היה נעול, אז היינו צריכים לטפס מעליו.
0655355fb3a0	2	genes	גנים	הגנים	Your <b>genes</b> determine many of your physical characteristics and traits.	<b>הגנים</b> שלך קובעים רבים מהמאפיינים והתכונות הפיזיים שלך.
8a7c60dc7b1d	2	genetic	תורשתי, גנטי	גנטיות	Scientists study <b>genetic</b> mutations to understand inherited diseases better.	מדענים חוקרים מוטציות <b>גנטיות</b> כדי להבין טוב יותר מחלות תורשתיות.
cbc4797d925f	2	genius	גאון	הגאון	The <b>genius</b> scientist solved a problem that puzzled everyone else for years.	המדען <b>הגאון</b> פתר בעיה שהטרידה את כולם במשך שנים.
63b2f2b91f92	2	giant	ענק	הענק	The <b>giant</b> statue stood over thirty meters tall.	הפסל <b>הענק</b> היה גבוה למעלה משלושים מטרים.
3152f545527e	2	global	עולמי, גלובאלי	עולמית	The internet created a <b>global</b> network connecting people from many countries.	האינטרנט יצר רשת <b>עולמית</b> המחברת אנשים ממדינות רבות.
739fa73d15ce	2	goal	מטרה; שער	המטרה	Her <b>goal</b> is to graduate with honors by next year.	<b>המטרה</b> שלה היא לסיים את לימודיה בהצטיינות עד השנה הבאה.
d3ace16fcadb	2	golden	זהוב, מוזהב	המוזהבת	The <b>golden</b> sunset painted the sky in beautiful shades.	השקיעה <b>המוזהבת</b> צבעה את השמיים בגוונים יפהפיים.
bfe8c526afd4	2	grow	לגדול, לגדל	גדל	The tree <b>grows</b> taller each year with adequate water and sunshine.	העץ <b>גדל</b> גבוה יותר בכל שנה עם מים ואור שמש מספקים.
2e66a9392c70	2	guard	שומר, לשמור	השומר	The <b>guard</b> kept watch at the entrance to prevent any intruders.	<b>השומר</b> שמר על הכניסה כדי למנוע חדירת פורצים.
5cfcf7762bf8	2	gym	חדר כושר, אולם ספורט	באולם הספורט	She lifts weights at the <b>gym</b> three times a week.	היא מרימה משקולות <b>באולם הספורט</b> שלוש פעמים בשבוע.
f048b7b6b562	2	harmony	הרמוניה	בהרמוניה	The voices blended together in perfect <b>harmony</b>, with no one singing off-key.	הקולות התמזגו יחד <b>בהרמוניה</b> מושלמת, בלי אף אחד שזייף.
181c98304e25	2	hid from	התחבא מ-	התחבאה	She <b>hid from</b> her friends behind the large tree in the park.	היא <b>התחבאה</b> מחבריה מאחורי העץ הגדול בפארק.
183a7be8baa7	2	hidden	חבוי, נסתר	חבויה	Behind the locked door was a <b>hidden</b> vault filled with stolen jewels.	מאחורי הדלת הנעולה הייתה כספת <b>חבויה</b> מלאה בתכשיטים גנובים.
35becabcccac	2	hobby	תחביב	לתחביב	She devoted every free moment to her <b>hobby</b> of collecting rare coins.	היא הקדישה כל רגע פנוי <b>לתחביב</b> שלה, איסוף מטבעות נדירים.
a899a96d8067	2	horror	אימה	באימה	She screamed in <b>horror</b> when the spider crawled across her face.	היא צרחה <b>באימה</b> כשהעכביש זחל על פניה.
b4a2af42e908	2	installation	התקנה	התקנת	The electrician completed the <b>installation</b> of the new lighting system in one afternoon.	החשמלאי השלים את <b>התקנת</b> מערכת התאורה החדשה תוך אחר צהריים אחד.
c6c38fc04b1f	2	international	בינלאומי	הבינלאומי	The <b>international</b> agreement was signed by representatives from twelve nations.	ההסכם <b>הבינלאומי</b> נחתם על ידי נציגים משתים עשרה מדינות.
6da86f5b85d0	2	interview	לראיין, ראיון	ראיין	The reporter <b>interviewed</b> the athlete about his career and future plans.	העיתונאי <b>ראיין</b> את הספורטאי על הקריירה שלו ועל תוכניותיו לעתיד.
70a69e5f56cb	2	intuition	אינטואיציה	האינטואיציה	She trusted her <b>intuition</b> and left the party early, avoiding a serious accident.	היא סמכה על <b>האינטואיציה</b> שלה ועזבה את המסיבה מוקדם, ובכך נמנעה מתאונה חמורה.
85f19e99c897	2	invite	להזמין	הזמנו	We <b>invited</b> all our relatives to celebrate at the family reunion.	<b>הזמנו</b> את כל קרובי המשפחה שלנו לחגוג במפגש המשפחתי.
03f23509b213	2	journey	מסע	המסע	The <b>journey</b> through the mountains tested the explorers' endurance and courage.	<b>המסע</b> דרך ההרים העמיד במבחן את סיבולתם ואומץ ליבם של החוקרים.
78a6c3ac363f	2	jungle	ג'ונגל	בג ונגל	Deep in the <b>jungle</b>, monkeys swung through thick vines and towering trees.	עמוק <b>בג'ונגל</b>, קופים התנדנדו בין הגפנים העבים והעצים הגבוהים.
2adff5249c5f	2	kick	לבעוט, בעיטה	בעט	During the soccer match, he <b>kicked</b> the ball powerfully into the goal.	במהלך משחק הכדורגל, הוא <b>בעט</b> בכדור בעוצמה לתוך השער.
532283e66cfc	2	kind	סוג; טוב לב, אדיב, נעים	מהסוג	That <b>kind</b> of behavior, rude and dishonest, will not be tolerated here.	התנהגות <b>מהסוג</b> הזה, גסה ולא ישרה, לא תתקבל כאן.
f34bf920d911	2	last	אחרון; המשיך, החזיק מעמד	האחרונה	She was the <b>last</b> student to leave the classroom every single day.	היא הייתה התלמידה <b>האחרונה</b> שעזבה את הכיתה בכל יום.
2ebcf7d3d9c3	2	legal	משפטי; חוקי	משפטיים	They needed <b>legal</b> papers to prove their ownership of the house.	הם היו זקוקים למסמכים <b>משפטיים</b> כדי להוכיח את בעלותם על הבית.
20604a27d1b0	2	liberal	ליברלי, מתירני	הליברלית	Her <b>liberal</b> approach to parenting allowed her children to make their own choices.	הגישה <b>הליברלית</b> שלה לגידול ילדים אפשרה לילדיה לבחור בעצמם.
8130ff09e1fe	2	library	ספריה	מהספרייה	Yesterday afternoon, I borrowed three books from the <b>library</b>.	אתמול אחר הצהריים שאלתי שלושה ספרים <b>מהספרייה</b>.
cc255333d7ea	2	local	מקומי	מקומיים	She preferred <b>local</b> products and supported small businesses in her community.	היא העדיפה מוצרים <b>מקומיים</b> ותמכה בעסקים קטנים בקהילה שלה.
bee4f5ad9c18	2	lock	מנעול, לנעול	נעלה	She always <b>locked</b> her diary so no one could read her private thoughts.	היא תמיד <b>נעלה</b> את היומן שלה כדי שאף אחד לא יוכל לקרוא את מחשבותיה הפרטיות.
5a76d8694bc2	2	losing	מפסיד, מאבד	לאבד	The team began <b>losing</b> confidence after their third defeat in a row.	הקבוצה החלה <b>לאבד</b> ביטחון אחרי התבוסה השלישית ברציפות.
74d154fd9d33	2	loud	רועש, קולני, רם	הרועשת	The <b>loud</b> music at the party made it hard to hold a conversation.	המוזיקה <b>הרועשת</b> במסיבה הקשתה על ניהול שיחה.
a0a5459308f3	2	magical	קסום	קסומה	Wearing the ring felt <b>magical</b>, as if anything in the world was possible.	עטיית הטבעת הרגישה <b>קסומה</b>, כאילו הכל בעולם אפשרי.
1eba746de5e5	2	mail	דואר	בדואר	He <b>mailed</b> the package to his sister and hoped she would get it safely.	הוא שלח <b>בדואר</b> את החבילה לאחותו וקיווה שהיא תקבל אותה בשלום.
73d556d21764	2	main	עיקרי	העיקרית	The <b>main</b> character in the novel was a detective solving crimes.	הדמות <b>העיקרית</b> ברומן הייתה בלש שפתר פשעים.
d89c02b37753	2	male	זכר	זכרים	<b>Male</b> peacocks display brilliant colors to attract females during mating season.	טווסים <b>זכרים</b> מציגים צבעים מרהיבים כדי למשוך נקבות בעונת ההזדווגות.
cfa88da062b9	2	manipulation	מניפולציה, תמרון	המניפולציה	His <b>manipulation</b> of the facts caused people to believe false information.	<b>המניפולציה</b> שלו בעובדות גרמה לאנשים להאמין במידע כוזב.
28bd93d84c33	2	map	מפה, למפות	מיפתה	Before the trip, she <b>mapped</b> out the entire route carefully.	לפני הטיול, היא <b>מיפתה</b> את כל המסלול בקפידה.
4eefbfefe938	2	market	שוק; לשווק	משוק	Fresh vegetables from the farmers' <b>market</b> taste better than supermarket ones.	ירקות טריים <b>משוק</b> האיכרים טעימים יותר מאלה שבסופרמרקט.
c8dde93c575b	2	master	להתמחות, לשלוט; אדון, שליט	שלט	He <b>mastered</b> the art of cooking through years of practice and patience.	הוא <b>שלט</b> באמנות הבישול במשך שנים של תרגול וסבלנות.
c9d4c2e30e2b	2	member	חבר (בקבוצה מסוימת)	כחברה	As a <b>member</b> of the sports club, she had access to all facilities.	<b>כחברה</b> במועדון הספורט, היה לה גישה לכל המתקנים.
ad0c0389152b	2	mentor	חונך, מדריך רוחני	המדריכה	Her <b>mentor</b> helped her navigate the challenges of starting a business.	<b>המדריכה</b> שלה עזרה לה לצלוח את האתגרים של פתיחת עסק.
9d98000a475c	2	miss	להתגעגע; לפספס	התגעגע	He <b>missed</b> his family deeply while working far away from home.	הוא <b>התגעגע</b> מאוד למשפחתו בזמן שעבד רחוק מהבית.
21c3ced076ea	2	mission	משימה	משימת	The rescue <b>mission</b> involved ten skilled climbers working together.	<b>משימת</b> החילוץ כללה עשרה מטפסים מיומנים שעבדו יחד.
77615012b72b	2	molecule	מולקולה	מולקולות	Water <b>molecules</b> form when two hydrogen atoms bond with one oxygen atom.	<b>מולקולות</b> מים נוצרות כששני אטומי מימן נקשרים לאטום חמצן אחד.
3cf3ff64e513	2	monkey	קוף	לקופים	<b>Monkeys</b> have long tails and swing effortlessly through jungle trees.	<b>לקופים</b> יש זנבות ארוכים והם מתנדנדים בקלות בין עצי הג'ונגל.
12d5f20e71d4	2	mood	מצב רוח	מצב הרוח	His <b>mood</b> changed from cheerful to angry when he heard the news.	<b>מצב הרוח</b> שלו השתנה משמח לכועס כששמע את החדשות.
3b7cc5b96f63	2	muscle	שריר	שרירים	Strong <b>muscles</b> develop when you exercise regularly and eat enough protein.	<b>שרירים</b> חזקים מתפתחים כשמתאמנים באופן קבוע ואוכלים מספיק חלבון.
25b4cae9fce7	2	mutation	מוטציה	המוטציה	The genetic <b>mutation</b> caused the family disease to pass from parents to children.	<b>המוטציה</b> הגנטית גרמה למחלה המשפחתית לעבור מהורים לילדים.
d545d8aadfa3	2	natural	טבעי	הטבעי	Her <b>natural</b> talent for singing amazed everyone who heard her voice.	הכישרון <b>הטבעי</b> שלה לשירה הדהים כל מי ששמע את קולה.
f004483da4be	2	nature	טבע; מהות	הטבע	The beauty of <b>nature</b> inspired artists and poets for centuries.	יופיו של <b>הטבע</b> נתן השראה לאמנים ולמשוררים במשך מאות שנים.
cf0cb0921684	2	neck	צוואר	הצוואר	He broke his <b>neck</b> in the accident and spent months in recovery.	הוא שבר את <b>הצוואר</b> בתאונה ובילה חודשים בהחלמה.
880836b7d375	2	negative	שלילי	השליליות	Her <b>negative</b> comments about the plan discouraged the team.	ההערות <b>השליליות</b> שלה על התוכנית הרתיעו את הצוות.
3fca13595b3e	2	neighbor	שכן	השכן	My <b>neighbor</b> helped me when my car broke down on the street.	<b>השכן</b> שלי עזר לי כשהמכונית שלי התקלקלה ברחוב.
c08d157ada8d	2	newspaper	עיתון	העיתון	She reads the <b>newspaper</b> every morning to stay informed about world events.	היא קוראת את <b>העיתון</b> כל בוקר כדי להישאר מעודכנת באירועי העולם.
f7123ff0ee1e	2	noise	רעש	הרעש	The <b>noise</b> from the construction woke everyone at 5 AM.	<b>הרעש</b> מהבנייה העיר את כולם בחמש בבוקר.
37697b3c0085	2	norm	נורמה, תקן	הנורמה	In many cultures, removing shoes before entering a house is the <b>norm</b>.	בתרבויות רבות, הסרת נעליים לפני הכניסה לבית היא <b>הנורמה</b>.
0ec767a4fcd8	2	nurse	אחות	האחות	The <b>nurse</b> carefully checked the patient's vital signs.	<b>האחות</b> בדקה בקפידה את הסימנים החיוניים של המטופל.
bb6daa310f7a	2	obsession	אובססיה, דיבוק	האובססיה	Her <b>obsession</b> with perfection made it hard for her to enjoy life.	<b>האובססיה</b> שלה לשלמות הקשתה עליה ליהנות מהחיים.
b1df48a922ac	2	official	רשמי, מאושר; פקיד	הרשמיים	The <b>official</b> rules of the competition were posted on the notice board.	הכללים <b>הרשמיים</b> של התחרות פורסמו על לוח המודעות.
69ff86e15fe4	2	opinion	דעה	לדעתי	In my <b>opinion</b>, this restaurant serves the best pizza in town.	<b>לדעתי</b>, המסעדה הזאת מגישה את הפיצה הטובה ביותר בעיר.
37d18570fd20	2	order	סדר; פקודה, לצוות; להזמין; מסדר (דתי)	בסדר	She arranged her books in <b>order</b> by color and size on the wooden shelf.	היא סידרה את הספרים שלה <b>בסדר</b> לפי צבע וגודל על מדף העץ.
b97d4274ec8a	2	original	מקורי; מקור	המקורי	The artist's <b>original</b> painting sold for much more than copies could cost.	הציור <b>המקורי</b> של האמן נמכר במחיר גבוה בהרבה ממה שהעתקים היו עולים.
da0a99c3695a	2	owner	בעלים	בעל	The house <b>owner</b> held the exclusive right to decide what happens on the land.	<b>בעל</b> הבית החזיק בזכות הבלעדית להחליט מה קורה על הקרקע.
6f2e3d095ac2	2	package	חפיסה, חבילה	החבילה	The delivery driver left the <b>package</b> at the door while nobody was home.	שליח המשלוחים השאיר את <b>החבילה</b> ליד הדלת כשאף אחד לא היה בבית.
413148306093	2	painting	ציור	הציור	The artist added thick brushstrokes of blue and gold to finish the <b>painting</b>.	האמן הוסיף משיחות מכחול עבות בכחול וזהב כדי לסיים את <b>הציור</b>.
fffa46c3e255	2	panic	פאניקה, בהלה; להיבהל	לפאניקה	When the fire alarm rang, the crowd started to <b>panic</b> and run fast.	כשאזעקת האש צלצלה, הקהל נכנס <b>לפאניקה</b> והחל לרוץ מהר.
49a03010f579	2	paradox	סתירה, פרדוקס	הפרדוקס	The <b>paradox</b> is that spending money on exercise gear made her too broke to exercise.	<b>הפרדוקס</b> הוא שהוצאת כסף על ציוד כושר השאירה אותה חסרת פרוטה מכדי להתאמן.
bcc1ec07b6b6	2	path	דרך, נתיב	בנתיב	She followed the narrow forest <b>path</b> as it wound between ancient tall trees.	היא הלכה <b>בנתיב</b> היער הצר כשהוא התפתל בין עצים עתיקים וגבוהים.
318a232a18de	2	pause	הפסקה, להפסיק; לעצור, להשהות	עצרה	She hit <b>pause</b> on the movie to answer the important phone call quickly.	היא <b>עצרה</b> את הסרט כדי לענות מהר לשיחת הטלפון החשובה.
a4dd74c1965d	2	pet	חיית מחמד	כחיית מחמד	She kept a dog as a <b>pet</b> and took it for walks every morning.	היא גידלה כלב <b>כחיית מחמד</b> ויצאה איתו לטיולים בכל בוקר.
2a346c9547f2	2	philosophical	פילוסופי	הפילוסופית	His <b>philosophical</b> approach examined fundamental truths and the nature of human existence.	הגישה <b>הפילוסופית</b> שלו בחנה אמיתות יסוד ואת מהות הקיום האנושי.
d69eaf3cfbca	2	phobia	פוביה, פחד כרוני	הפוביה	Her <b>phobia</b> of spiders made her scream and cry even at harmless pictures of them.	<b>הפוביה</b> שלה מעכבישים גרמה לה לצרוח ולבכות אפילו מול תמונות תמימות שלהם.
69b75809296a	2	pick	לקטוף, לבחור; מפרט לגיטרה	קטפה	She <b>picked</b> ripe strawberries from the garden before breakfast every summer morning.	היא <b>קטפה</b> תותים בשלים מהגינה לפני ארוחת הבוקר בכל בוקר קיץ.
e45387a610f1	2	pilot	טייס; ניסיוני	הטייס	The <b>pilot</b> controlled the plane's speed, direction, and altitude before landing.	<b>הטייס</b> שלט במהירות המטוס, בכיוונו ובגובהו לפני הנחיתה.
b103ea30e4a3	2	powerful	חזק, רב כוח; רב עוצמה	רבת העוצמה	The <b>powerful</b> storm knocked down trees and shattered windows across town.	הסערה <b>רבת העוצמה</b> הפילה עצים וניפצה חלונות ברחבי העיר.
01c0fbd0da45	2	prehistoric	קדמון, פרה-היסטורי	קדמונים	<b>Prehistoric</b> people used stone tools to hunt animals and gather wild plants.	בני אדם <b>קדמונים</b> השתמשו בכלי אבן כדי לצוד בעלי חיים ולאסוף צמחי בר.
00d667332e21	2	prepare	להכין, התכונן; להתכונן	התכוננה	She <b>prepared</b> carefully for the interview by reviewing notes and practicing answers.	היא <b>התכוננה</b> בקפידה לראיון על ידי סקירת הערות ותרגול תשובות.
b1499b10069e	2	presentation	מצגת; הצגה	המצגת	Her <b>presentation</b> used slides and statistics to convince the audience about climate.	<b>המצגת</b> שלה השתמשה בשקפים ובנתונים סטטיסטיים כדי לשכנע את הקהל בנושא האקלים.
5b6a0380f4d0	2	price	מחיר	המחיר	The high <b>price</b> of that designer shirt made me decide not to buy it.	<b>המחיר</b> הגבוה של אותה חולצת מעצבים גרם לי להחליט לא לקנות אותה.
a2c0e9b6a8d9	2	professional	מקצועי; מקצוען	המקצועי	The <b>professional</b> chef trained for years to master cooking techniques and flavors.	השף <b>המקצועי</b> התאמן במשך שנים כדי לשלוט בטכניקות בישול ובטעמים.
6f14e89b6af9	2	program	תכנית; תכניה; לתכנת	התכנית	The after-school <b>program</b> teaches music, art, and sports to interested children.	<b>התכנית</b> שלאחר הלימודים מלמדת מוזיקה, אמנות וספורט לילדים מעוניינים.
d0e65512e34b	2	puzzle	חידה, פאזל; לבלבל	חידת	The crossword <b>puzzle</b> had difficult clues that required knowledge and patience.	<b>חידת</b> התשבץ הכילה רמזים קשים שדרשו ידע וסבלנות.
b2764eaaceba	2	question	להטיל ספק; שאלה	הטילה ספק	The teacher <b>questioned</b> whether the young student had actually finished her homework alone.	המורה <b>הטילה ספק</b> בכך שהתלמידה הצעירה באמת סיימה את שיעורי הבית לבד.
b740192ee48b	2	random	מקרי, אקראי	אקראיים	She picked <b>random</b> students to answer questions, with no particular system or pattern.	היא בחרה תלמידים <b>אקראיים</b> לענות על שאלות, בלי שיטה או דפוס מסוים.
a0639d29713b	2	rat	עכברוש	העכברוש	The large gray <b>rat</b> scurried across the kitchen and disappeared into a wall.	<b>העכברוש</b> הגדול והאפור רץ במהירות דרך המטבח ונעלם בתוך הקיר.
889b824ea638	2	reality	מציאות	המציאות	The <b>reality</b> of the situation was harsh; working hard alone cannot guarantee success.	<b>המציאות</b> של המצב הייתה קשה; עבודה קשה בלבד אינה מבטיחה הצלחה.
74b3604ddfdd	2	receive	לקבל	תקבל	She will <b>receive</b> her diploma when she completes all required courses.	היא <b>תקבל</b> את התעודה שלה כשתסיים את כל הקורסים הנדרשים.
f2292a2f8e9d	2	reflex	רפלקס, תגובה אוטומטית	ברפלקס	When he touched the hot stove his hand pulled back by natural <b>reflex</b>.	כשהוא נגע בכיריים הלוהטים, ידו נמשכה אחורה <b>ברפלקס</b> טבעי.
5993e4c2b584	2	relevant	רלוונטי, קשור	רלוונטית	Her comment was <b>relevant</b> because it directly addressed the main point of the debate.	ההערה שלה הייתה <b>רלוונטית</b> כי היא התייחסה ישירות לנקודה המרכזית של הוויכוח.
118ef10ca7ec	2	remove	להסיר	הסר	Please <b>remove</b> your shoes before stepping onto the clean white carpet inside.	אנא <b>הסר</b> את נעליך לפני שאתה דורך על השטיח הלבן והנקי בפנים.
b743071faae9	2	respond	להגיב, תגובה, תשובה	הגיב	He did not <b>respond</b> to her message because he was too busy working.	הוא לא <b>הגיב</b> להודעה שלה כי היה עסוק מדי בעבודה.
522cb1f905f3	2	responsibility	אחריות	האחריות	A parent's main <b>responsibility</b> is feeding, sheltering, and protecting their children.	<b>האחריות</b> העיקרית של הורה היא להאכיל, לספק קורת גג ולהגן על ילדיו.
183641f31b01	2	responsible	אחראי	האחראית	The <b>responsible</b> student completed her homework, studied hard, and never skipped class.	התלמידה <b>האחראית</b> השלימה את שיעורי הבית, למדה קשה ומעולם לא דילגה על שיעור.
4089e70b7925	2	result	תוצאה; לנבוע	תוצאת	The <b>result</b> of her hard work was finally getting the promotion she wanted.	<b>תוצאת</b> העבודה הקשה שלה הייתה שהיא סוף סוף קיבלה את הקידום שרצתה.
2e2d6760cb50	2	revolution	מהפכה	המהפכה	The industrial <b>revolution</b> transformed farming societies into factories and modern cities forever.	<b>המהפכה</b> התעשייתית הפכה חברות חקלאיות למפעלים ולערים מודרניות לתמיד.
ab3188d6f5c8	2	river	נהר	הנהר	The <b>river</b> flows downward from the mountains, eventually reaching the vast ocean.	<b>הנהר</b> זורם במורד מההרים, ומגיע בסופו של דבר לאוקיינוס העצום.
6d5618b12d74	2	rocket	טיל	הטיל	The <b>rocket</b> launched vertically through the clouds carrying astronauts to the space station.	<b>הטיל</b> שוגר אנכית דרך העננים כשהוא נושא אסטרונאוטים לתחנת החלל.
38676c312123	2	roof	גג	לגג	The <b>roof</b> of the house needs new shingles and some structural repairs soon.	<b>לגג</b> הבית דרוש רעפים חדשים וכמה תיקונים מבניים בקרוב.
5195ed405eea	2	root	שורש	השורשים	The tree's <b>root</b> system grew very deep into the ground to find water.	מערכת <b>השורשים</b> של העץ גדלה עמוק מאוד באדמה כדי למצוא מים.
047e1ef3f40e	2	rope	חבל	החבל	She tied the <b>rope</b> tightly to the boat so it would not drift away.	היא קשרה את <b>החבל</b> היטב לסירה כדי שלא תיסחף.
7df3d66ce6e3	2	rule	לשלוט, לפסוק, להחליט; כלל, חוק, שלטון	שלט	The king <b>ruled</b> the entire kingdom for nearly forty peaceful years.	המלך <b>שלט</b> בכל הממלכה במשך כמעט ארבעים שנות שלום.
6f16bf015da7	2	scan	סריקה, לסרוק	סרקה	She <b>scanned</b> the crowd quickly with her eyes to find her friend.	היא <b>סרקה</b> את הקהל במהירות בעיניה כדי למצוא את חברתה.
8bf6219843a4	2	science	מדע	המדע	<b>Science</b> uses careful experiments and observation to understand how nature works.	<b>המדע</b> משתמש בניסויים קפדניים ובתצפית כדי להבין איך הטבע פועל.
8807c18ce025	2	scientist	מדען	המדענית	The <b>scientist</b> conducted experiments in her lab to test her new medical theory.	<b>המדענית</b> ערכה ניסויים במעבדה שלה כדי לבחון את התאוריה הרפואית החדשה שלה.
ac8d5b5bb6be	2	series	סדרה	הסדרה	She watched the entire <b>series</b> of episodes about the detective in just two days.	היא צפתה בכל <b>הסדרה</b> על הבלש בתוך יומיים בלבד.
eba436c6d181	2	serve	לשרת; לרצות (עונש); להגיש	שירתה	She <b>served</b> on the local charity's board of directors for many years.	היא <b>שירתה</b> בדירקטוריון עמותת הצדקה המקומית במשך שנים רבות.
608b12756d07	2	set up	להרכיב, להקים, לארגן, לסדר	הקימו	They <b>set up</b> the tent before the sun went down that evening.	הם <b>הקימו</b> את האוהל לפני ששקעה השמש באותו ערב.
a5272e0d49b2	2	shape	צורה, לעצב (צורה)	לצורת	The cookie cutter pressed the dough into the <b>shape</b> of a heart.	תבנית העוגיות לחצה את הבצק <b>לצורת</b> לב.
4cbb8faca36e	2	sharp	חד	החדה	The <b>sharp</b> knife cut through the bread easily and without any resistance.	הסכין <b>החדה</b> חתכה את הלחם בקלות וללא כל התנגדות.
9697923e673e	2	shield	מגן, להגן	כמגן	The soccer goalie used his body as a <b>shield</b> to block the ball.	שוער הכדורגל השתמש בגופו <b>כמגן</b> כדי לחסום את הכדור.
896fda9fbf38	2	shoulder	כתף	כתפה	He put his arm around her <b>shoulder</b> to comfort and support her emotionally.	הוא הניח את זרועו על <b>כתפה</b> כדי לנחם ולתמוך בה רגשית.
1067c39bc8d0	2	silent	דומם, שקט	שקטה	The library was <b>silent</b> so that everyone could study and read without noise.	הספרייה הייתה <b>שקטה</b> כדי שכולם יוכלו ללמוד ולקרוא בלי רעש.
3da7b3e3e649	2	size	גודל; מידה	הגודל	The <b>size</b> of the shoes was too large and they slipped off her feet constantly.	<b>הגודל</b> של הנעליים היה גדול מדי והן חלקו מרגליה כל הזמן.
fd33f06dac2a	2	skin	עור	העור	Sunscreen protects your <b>skin</b> from damage caused by strong and direct sunlight.	קרם הגנה מגן על <b>העור</b> שלך מנזק שנגרם מאור שמש חזק וישיר.
3b58fe201e6d	2	slave	עבד	לעבד	The <b>slave</b> had no freedom and could be bought or sold like property.	<b>לעבד</b> לא הייתה חירות והיה אפשר לקנות או למכור אותו כמו רכוש.
f35d423439ea	2	soccer	כדורגל	הכדורגל	The <b>soccer</b> team scored three goals and won the championship game.	קבוצת <b>הכדורגל</b> הבקיעה שלושה שערים וניצחה במשחק האליפות.
481d51bcab4b	2	social	חברתי	חברתיות	She avoided <b>social</b> gatherings because she felt anxious around large groups of people.	היא נמנעה מהתכנסויות <b>חברתיות</b> כי חשה חרדה סביב קבוצות גדולות של אנשים.
f8b1e907fa5e	2	sold	מכר	מכרה	She <b>sold</b> her old car to a young couple last summer.	היא <b>מכרה</b> את המכונית הישנה שלה לזוג צעיר בקיץ שעבר.
ad06a78bb468	2	solution	פתרון	הפתרון	The <b>solution</b> to the equation required several algebraic steps to find.	<b>הפתרון</b> למשוואה דרש כמה שלבים אלגבריים כדי למצוא אותו.
63aec83faf96	2	sort	סוג, למיין	מיין	<b>Sort</b> these files alphabetically before uploading them to the archive.	<b>מיין</b> את הקבצים האלה לפי סדר אלפביתי לפני שאתה מעלה אותם לארכיון.
b12367ffa1a6	2	speak, spoke	לדבר, דיבר	דיברה	The witness <b>spoke</b> calmly during the trial, describing what she saw.	העדה <b>דיברה</b> ברוגע במהלך המשפט ותיארה מה שראתה.
2d0c90310aeb	2	sperm	זרע	הזרע	The <b>sperm</b> traveled through the reproductive system to reach the egg.	<b>הזרע</b> נדד דרך מערכת הרבייה כדי להגיע לביצית.
b4c894809f28	2	sponsor	נותן חסות	נותנת החסות	Our company will <b>sponsor</b> the local sports team this year.	החברה שלנו תהיה <b>נותנת החסות</b> של קבוצת הספורט המקומית השנה.
18f6e6332372	2	stereotype	סטריאוטיפ	סטריאוטיפים	That movie relies on harmful <b>stereotypes</b> about people from certain countries.	הסרט הזה מסתמך על <b>סטריאוטיפים</b> מזיקים על אנשים ממדינות מסוימות.
da083ffcf80d	2	strategy	אסטרטגיה	האסטרטגיה	Their marketing <b>strategy</b> focused on reaching young customers through social media.	<b>האסטרטגיה</b> השיווקית שלהם התמקדה בהגעה ללקוחות צעירים דרך רשתות חברתיות.
6849121364c1	2	stress	להדגיש; מתח, לחץ, מצוקה	הדגישה	The teacher <b>stressed</b> the importance of arriving to class on time.	המורה <b>הדגישה</b> את חשיבות ההגעה לכיתה בזמן.
0f95dfe19fe4	2	stuff	דברים; למלא, לפחלץ	הדברים	She packed all her <b>stuff</b> into one suitcase for the trip.	היא ארזה את כל <b>הדברים</b> שלה במזוודה אחת לטיול.
7f222d1641fc	2	success	הצלחה	ההצלחה	His <b>success</b> in business came after years of hard work and persistence.	<b>ההצלחה</b> שלו בעסקים הגיעה אחרי שנים של עבודה קשה והתמדה.
ac03b3eac02e	2	suggest	להציע; לרמז	מציע	I <b>suggest</b> we wait until tomorrow to make this important decision.	אני <b>מציע</b> שנחכה עד מחר כדי לקבל את ההחלטה החשובה הזו.
53f93dddb629	2	suicide	התאבדות	ההתאבדות	The documentary examined the tragedy of <b>suicide</b> and its effect on families.	הסרט התיעודי בחן את הטרגדיה של <b>ההתאבדות</b> ואת השפעתה על משפחות.
9c88e617b693	2	sunlight	אור שמש, קרינת השמש	לאור שמש	Plants need <b>sunlight</b> to grow, so place them near a window.	צמחים זקוקים <b>לאור שמש</b> כדי לגדול, אז הנח אותם ליד חלון.
bbc1d67c9955	2	survival	הישרדות	ההישרדות	Their <b>survival</b> in the wilderness depended on finding food and clean water.	<b>ההישרדות</b> שלהם בטבע הפראי תלתה במציאת מזון ומים נקיים.
f39dd8de3ca9	2	sword	חרב	חרבו	The medieval warrior drew his <b>sword</b> from its sheath before battle.	הלוחם מימי הביניים שלף את <b>חרבו</b> מהנדן לפני הקרב.
1823276f77c0	2	talent	כשרון	הכשרון	Her musical <b>talent</b> was recognized when she was just five years old.	<b>הכשרון</b> המוזיקלי שלה זוהה כשהייתה בת חמש בלבד.
a399ef7637de	2	think, thought	לחשוב, חשב	חשבה	She <b>thought</b> about the problem for a long time before deciding.	היא <b>חשבה</b> על הבעיה זמן רב לפני שהחליטה.
bb4b578608c2	2	tiny	קטנטן	קטנטנה	The newborn baby was so <b>tiny</b> that she fit in one hand.	התינוקת שזה עתה נולדה הייתה כל כך <b>קטנטנה</b> שהיא נכנסה בכף יד אחת.
30a5e1d8fce0	2	tone	טון; נימה	הטון	His <b>tone</b> of voice made it clear that he was very angry.	<b>הטון</b> של קולו הבהיר שהוא כועס מאוד.
64034aef72ef	2	tourist	תייר	תיירים	Thousands of <b>tourists</b> visit the Eiffel Tower every single day.	אלפי <b>תיירים</b> מבקרים במגדל אייפל בכל יום.
a909035596b6	2	tower	מגדל	המגדל	The tall <b>tower</b> could be seen from miles away across the plain.	<b>המגדל</b> הגבוה נראה למרחק מיילים לאורך המישור.
43f2fdd2998b	2	town	עיר, עיירה	בעיירה	The small <b>town</b> had one grocery store and a few restaurants.	<b>בעיירה</b> הקטנה היו מכולת אחת וכמה מסעדות.
9415f9b9d353	2	treasure	אוצר, לנצור	האוצר	Pirates buried their <b>treasure</b> in a secret spot on the island.	פיראטים קברו את <b>האוצר</b> שלהם במקום סודי באי.
eae9c1de4be7	2	triple	פי 3	שולשה	His salary <b>tripled</b> after he got promoted to the senior position.	המשכורת שלו <b>שולשה</b> אחרי שהוא קודם לתפקיד הבכיר.
1031fbad1fdf	2	twins	תאומים	התאומים	The <b>twins</b> looked so identical that nobody could tell them apart.	<b>התאומים</b> נראו כל כך זהים שאף אחד לא הצליח להבדיל ביניהם.
803d80f82cdd	2	type	להקליד; סוג	הקלד	Please <b>type</b> your password carefully so you don't make a mistake.	אנא <b>הקלד</b> את הסיסמה שלך בזהירות כדי שלא תטעה.
210ab4a956d1	2	uncle	דוד	דודי	My <b>uncle</b> came to visit us from overseas for a month.	<b>דודי</b> בא לבקר אותנו מחו"ל לחודש.
98ab38321242	2	unique	יחיד במינו, ייחודי; מיוחד	יחידות במינן	Every person has <b>unique</b> fingerprints that are different from everyone else.	לכל אדם יש טביעות אצבע <b>יחידות במינן</b>, השונות מכל אדם אחר.
c642854404ae	2	unit	יחידה	היחידה	The military <b>unit</b> was stationed near the border for protection.	<b>היחידה</b> הצבאית מוקמה ליד הגבול להגנה.
a3c07808b027	2	vacation	חופשה	החופשה	We spent our <b>vacation</b> at the beach swimming and relaxing.	בילינו את <b>החופשה</b> שלנו בחוף הים בשחייה ובמנוחה.
f55c3a7c42e4	2	vegetarian	צמחוני	צמחונית	A <b>vegetarian</b> diet contains no meat, chicken, or fish of any kind.	תזונה <b>צמחונית</b> לא כוללת בשר, עוף או דגים מכל סוג.
54808afdf7c4	2	victory	ניצחון	הניצחון	Their <b>victory</b> in the final game made them the champions.	<b>הניצחון</b> שלהם במשחק הגמר הפך אותם לאלופים.
e04936dc1722	2	warning	אזהרה	האזהרה	The <b>warning</b> label on the bottle said the chemical was dangerous.	תווית <b>האזהרה</b> על הבקבוק ציינה שהחומר הכימי מסוכן.
bbe531d570dd	2	weapon	נשק	כנשקו	The hunter carried a sharp knife as his only <b>weapon</b> in the forest.	הצייד נשא סכין חדה <b>כנשקו</b> היחיד ביער.
298e4d4aa65c	2	weight	משקל	משקלו	His <b>weight</b> increased after he stopped exercising and ate more.	<b>משקלו</b> עלה אחרי שהפסיק להתאמן ואכל יותר.
64e155fefe35	2	wise	חכם, פיקח	החכם	The <b>wise</b> old man gave advice to anyone who would listen.	הזקן <b>החכם</b> נתן עצות לכל מי שהיה מוכן להקשיב.
eae5a1d94c29	2	wolf (wolves)	זאב (זאבים)	הזאב	The <b>wolf</b> howled at the moon from deep in the forest.	<b>הזאב</b> יילל אל הירח מעומק היער.
428552c65de9	2	wood	עץ; יער	מעץ	The deck was built from treated <b>wood</b> that would resist weather.	המרפסת נבנתה <b>מעץ</b> מטופל שיעמוד בפני מזג האוויר.
568571fcefa0	2	worldwide	כלל עולמי, בכל העולם	ברחבי העולם	The company operates stores <b>worldwide</b> and employs thousands of people.	החברה מפעילה חנויות <b>ברחבי העולם</b> ומעסיקה אלפי אנשים.
7c61fdba8da4	2	worry	דאגה, לדאוג	הדאגה	Her constant <b>worry</b> about money kept her awake most nights.	<b>הדאגה</b> המתמדת שלה לגבי כסף השאירה אותה ערה רוב הלילות.
aa9b12250a9f	2	zone	אזור	באזור	The warehouse was in a commercial <b>zone</b> near the airport.	המחסן היה <b>באזור</b> מסחרי ליד שדה התעופה.
7c3d04366e47	3	ability	יכולת	היכולת	Her <b>ability</b> to speak five languages impressed everyone at the conference.	<b>היכולת</b> שלה לדבר חמש שפות הרשימה את כולם בכנס.
709df35e8e36	3	accident	תאונה	תאונת	The car <b>accident</b> happened at the busy intersection during rush hour.	<b>תאונת</b> הדרכים קרתה בצומת העמוס בשעת העומס.
7120173515c8	3	active	פעיל	פעילה	She was so <b>active</b> that she played three different sports every season.	היא הייתה כל כך <b>פעילה</b> שהיא שיחקה שלושה ענפי ספורט שונים בכל עונה.
7cb56a0f6787	3	actress	שחקנית	השחקנית	The <b>actress</b> won an award for her performance in the film.	<b>השחקנית</b> זכתה בפרס על תפקידה בסרט.
df42d2fd2c03	3	adult	מבוגר	כמבוגרת	As an <b>adult</b>, she had to make important decisions about her future.	<b>כמבוגרת</b>, היא הייתה צריכה לקבל החלטות חשובות לגבי עתידה.
4d2dfb530749	3	agreement	הסכמה; הסכם	להסכם	They reached an <b>agreement</b> to split the rent fairly.	הם הגיעו <b>להסכם</b> לחלק את שכר הדירה בצורה הוגנת.
bd05f86019ef	3	allow	להרשות; לאפשר	מרשה	The school <b>allows</b> students to bring lunch from home.	בית הספר <b>מרשה</b> לתלמידים להביא ארוחת צהריים מהבית.
41747e590192	3	arrive	להגיע	תגיע	The train will <b>arrive</b> at the station in five minutes.	הרכבת <b>תגיע</b> לתחנה בעוד חמש דקות.
826674abaa0a	3	as a result	כתוצאה	וכתוצאה	It started raining, so <b>as a result</b>, the picnic was canceled.	התחיל לרדת גשם, <b>וכתוצאה</b> מכך הפיקניק בוטל.
219e80a12cfb	3	attractive	נאה, מושך	מושכת	She was so <b>attractive</b> that strangers often stopped to compliment her looks.	היא הייתה כל כך <b>מושכת</b> שזרים עצרו לעיתים קרובות כדי להחמיא למראה שלה.
6b9bef5a426d	3	award	פרס, להעניק פרס	בפרס	She won the science <b>award</b> for her innovative project.	היא זכתה <b>בפרס</b> המדע על הפרויקט החדשני שלה.
8612d2d4caa9	3	badly	בצורה גרועה, רע; קשות, נואשות	קשה	He was <b>badly</b> hurt in the motorcycle accident last week.	הוא נפצע <b>קשה</b> בתאונת האופנוע בשבוע שעבר.
5f697018769c	3	balance	שיווי משקל; איזון, לאזן	איזנה	She <b>balanced</b> her work and family responsibilities with care.	היא <b>איזנה</b> בין העבודה לאחריות המשפחתית בזהירות.
9b22c8647381	3	bank	בנק; גדה; לערום	בבנק	She deposited her paycheck at the <b>bank</b> near her apartment this morning.	היא הפקידה את המשכורת שלה <b>בבנק</b> ליד הדירה שלה הבוקר.
de5ef262e871	3	battle	קרב, התכתשות; מאבק, מלחמה; להיאבק, להילחם	בקרב	Soldiers fought a fierce <b>battle</b> for control of the city.	חיילים נלחמו <b>בקרב</b> עז על השליטה בעיר.
74c9fe096ff9	3	beard	זקן	הזקן	His thick <b>beard</b> made him look older than he was.	<b>הזקן</b> העבות שלו גרם לו להיראות מבוגר יותר משהיה.
5ffa585b23e3	3	behavior	התנהגות	ההתנהגות	The teacher praised the students for their good <b>behavior</b>.	המורה שיבחה את התלמידים על <b>ההתנהגות</b> הטובה שלהם.
fec3944a311e	3	bell	פעמון	הפעמון	The old <b>bell</b> rang loudly to announce the start of the parade.	<b>הפעמון</b> הישן צלצל בקול רם כדי להכריז על תחילת המצעד.
1ae5b566ca8d	3	birth	לידה	ילדה	She gave <b>birth</b> to a healthy baby boy last week.	היא <b>ילדה</b> תינוק בריא בשבוע שעבר.
5bec8b24742c	3	blind	עיוור	התעוור	He went <b>blind</b> after the accident but learned to adapt.	הוא <b>התעוור</b> אחרי התאונה אבל למד להסתגל.
e9b20b8b2d34	3	block	חסימה; לבנה, גוש, חלק	חסם	A fallen tree <b>blocked</b> the road after the storm.	עץ שנפל <b>חסם</b> את הכביש אחרי הסערה.
95b2049996fc	3	bone	עצם	העצם	The dog buried its <b>bone</b> in the backyard garden.	הכלב קבר את <b>העצם</b> שלו בגינה האחורית.
7dd20c2eaa78	3	border	גבול	הגבול	The hikers crossed the <b>border</b> between the two countries by mistake.	המטיילים חצו בטעות את <b>הגבול</b> בין שתי המדינות.
3c185c38887c	3	brave	אמיץ	האמיץ	The <b>brave</b> firefighter rescued the child from the burning building.	הכבאי <b>האמיץ</b> חילץ את הילד מהבניין הבוער.
4a10973e4544	3	built	בנה, נבנה (עבר/בינוני פעול של build); בנוי, בנוי היטב	בנו	They <b>built</b> their dream house on a hillside overlooking mountains.	הם <b>בנו</b> את בית החלומות שלהם על מדרון עם נוף להרים.
b4757396f8d1	3	carry	לשאת, לסחוב	סחב	He <b>carried</b> heavy boxes up the stairs without asking for help.	הוא <b>סחב</b> קופסאות כבדות במעלה המדרגות בלי לבקש עזרה.
52d9638a9fd7	3	castle	טירה	הטירה	The ancient <b>castle</b> stood on the hilltop for over five centuries.	<b>הטירה</b> העתיקה עמדה על ראש הגבעה במשך יותר מחמש מאות שנה.
b221416177a7	3	central	מרכזי	המרכזית	The <b>central</b> library is located in the heart of the city.	הספרייה <b>המרכזית</b> נמצאת בלב העיר.
294d6f2b375f	3	chapter	פרק	הפרק	The first <b>chapter</b> introduces the main character and her hometown.	<b>הפרק</b> הראשון מציג את הדמות הראשית ואת עיר הולדתה.
722b1339c13e	3	chase	לרדוף, מרדף	רדפה	The police <b>chased</b> the robber through the crowded streets.	המשטרה <b>רדפה</b> אחרי השודד ברחובות הצפופים.
df911288c281	3	cheer	לעודד	עודד	The crowd <b>cheered</b> loudly when their team scored the winning goal.	הקהל <b>עודד</b> בקול רם כשהקבוצה שלו כבשה את שער הניצחון.
911d67bfe3c5	3	childhood	ילדות	מהילדות	He had wonderful memories of his <b>childhood</b> in the countryside.	היו לו זיכרונות נפלאים <b>מהילדות</b> שלו בכפר.
56557b5f4128	3	choice	בחירה	בחירת	The <b>choice</b> of colors for the new office was difficult.	<b>בחירת</b> הצבעים למשרד החדש הייתה קשה.
34aedadd3d96	3	cigarette	סיגריה	סיגריות	He quit smoking <b>cigarettes</b> after a doctor's warning about health.	הוא הפסיק לעשן <b>סיגריות</b> אחרי אזהרה של רופא לגבי הבריאות.
8d5ce70b784b	3	colleague	עמית, קולגה	העמית	My <b>colleague</b> offered to help with the project next week.	<b>העמית</b> שלי הציע לעזור בפרויקט בשבוע הבא.
698e1b5918e7	3	coma	תרדמת	בתרדמת	The accident victim fell into a <b>coma</b> for several days.	נפגע התאונה שקע <b>בתרדמת</b> למשך כמה ימים.
cf53c91078ee	3	community	קהילה	הקהילה	The <b>community</b> organized a festival to celebrate their shared heritage.	<b>הקהילה</b> ארגנה פסטיבל כדי לחגוג את המורשת המשותפת שלה.
58db264b5eae	3	complete	שלם, מלא, מושלם; להשלים, לסיים	תשלים	She will <b>complete</b> her degree by next summer.	היא <b>תשלים</b> את התואר שלה עד הקיץ הבא.
124f66f3143b	3	complex	מורכב, מסובך; מתחם	מסובכת	The mathematical problem was too <b>complex</b> for most students.	הבעיה המתמטית הייתה <b>מסובכת</b> מדי לרוב התלמידים.
a5f230998780	3	concept	רעיון, מושג	הרעיון	The <b>concept</b> behind the new product was quite innovative.	<b>הרעיון</b> מאחורי המוצר החדש היה חדשני למדי.
9868569b2b29	3	confirm	לאשר, לאמת	אשרו	Please <b>confirm</b> your attendance at the meeting by tomorrow.	אנא <b>אשרו</b> את נוכחותכם בפגישה עד מחר.
7c643b3ea585	3	core	ליבה	ליבת	The apple <b>core</b> was hard to eat so I threw it away.	<b>ליבת</b> התפוח הייתה קשה לאכילה אז זרקתי אותה.
dc34c7123efb	3	corner	פינה, לדחוק לפינה	בפינת	The store is located at the <b>corner</b> of Main and Fifth.	החנות נמצאת <b>בפינת</b> רחוב מיין ורחוב חמישי.
48954bf7a699	3	cover	לכסות; לסקר, לכלול; כיסוי, מכסה	כיסה	Snow <b>covered</b> the mountain peaks during the winter.	שלג <b>כיסה</b> את פסגות ההרים במהלך החורף.
4722fe2f32f0	3	culture	תרבות	התרבות	Japanese <b>culture</b> has influenced art and fashion worldwide.	<b>התרבות</b> היפנית השפיעה על אמנות ואופנה ברחבי העולם.
c643039be734	3	cure	מרפא, תרופה; לרפא	ירפא	The doctor will <b>cure</b> his infection with antibiotics.	הרופא <b>ירפא</b> את הזיהום שלו באמצעות אנטיביוטיקה.
f3d34e153951	3	curious	סקרן; מוזר	הסקרן	The <b>curious</b> child asked endless questions about how things work.	הילד <b>הסקרן</b> שאל שאלות אינסופיות על איך דברים עובדים.
040b1ffbcd5d	3	customer	לקוח, צרכן	הלקוח	The <b>customer</b> complained about the poor quality of service.	<b>הלקוח</b> התלונן על איכות השירות הירודה.
19ca9a9d719b	3	daily	יומי, יומיומי; מדי יום	יומיומית	She takes a <b>daily</b> walk in the park for exercise.	היא הולכת הליכה <b>יומיומית</b> בפארק לצורך פעילות גופנית.
0b342fc7e28b	3	defend	להגן	הגן	The goalkeeper <b>defended</b> the goal with skill and determination.	השוער <b>הגן</b> על השער במיומנות ובנחישות.
9bf10d0b3a28	3	department	מחלקה	מחלקת	The marketing <b>department</b> created a new advertising campaign.	<b>מחלקת</b> השיווק יצרה קמפיין פרסום חדש.
753d8e3b7be4	3	described	מתואר	תיארה	The newspaper article <b>described</b> the accident in great detail.	כתבת העיתון <b>תיארה</b> את התאונה בפירוט רב.
f5eccb591859	3	description	תיאור	התיאור	Her detailed <b>description</b> of the movie revealed every plot twist and character.	<b>התיאור</b> המפורט שלה של הסרט חשף כל תפנית עלילה ודמות.
abf291b67b7f	3	deserve	מגיע (לו)	הגיע לה	She <b>deserved</b> the award for her kindness, though it was given to someone else.	הפרס <b>הגיע לה</b> בזכות טוב לבה, אף שהוא ניתן למישהו אחר.
4d85edcf958a	3	dessert	קינוח	לקינוח	After dinner, they served chocolate cake for <b>dessert</b>.	אחרי ארוחת הערב, הם הגישו עוגת שוקולד <b>לקינוח</b>.
8f70623184c6	3	destiny	גורל	בגורלנו	Some believe fate controls our <b>destiny</b>; others think we choose it.	יש המאמינים שהגורל שולט <b>בגורלנו</b>; אחרים חושבים שאנחנו בוחרים בו.
e40a62263a5e	3	develop	לפתח	מתפתחות	Cities <b>develop</b> when more businesses and people move to them.	ערים <b>מתפתחות</b> כשיותר עסקים ואנשים עוברים אליהן.
73eb1e9ec502	3	device	מכשיר	במכשיר	She used a heating <b>device</b> to keep her hands warm.	היא השתמשה <b>במכשיר</b> חימום כדי לשמור על ידיה חמות.
30e0759fd591	3	director	במאי; מנהל	הבמאי	The <b>director</b> told the actors exactly how to perform each scene.	<b>הבמאי</b> אמר לשחקנים בדיוק איך לבצע כל סצנה.
1b5826998fe5	3	disappear	להעלם	להיעלם	The magician made the rabbit <b>disappear</b> right before everyone's eyes.	הקוסם גרם לארנב <b>להיעלם</b> ממש לנגד עיני כולם.
054885cd771e	3	disturb	להפריע	תפריע	Don't <b>disturb</b> your brother while he studies; he needs silence to concentrate.	אל <b>תפריע</b> לאחיך בזמן שהוא לומד; הוא זקוק לשקט כדי להתרכז.
05c3748933c6	3	eagle	נשר	הנשר	The <b>eagle</b> soared high above the mountains looking for food.	<b>הנשר</b> ריחף גבוה מעל ההרים בחיפוש אחר מזון.
ad7cbd9ba9b4	3	editor	עורך	העורך	The <b>editor</b> reviewed the manuscript and suggested many changes.	<b>העורך</b> עבר על כתב היד והציע שינויים רבים.
6e441bf0f6f9	3	effective	יעיל, אפקטיבי	יעילה	The new medicine was <b>effective</b>; her fever disappeared within a day.	התרופה החדשה הייתה <b>יעילה</b>; החום שלה נעלם תוך יום אחד.
4c53d08d52c1	3	electricity	חשמל	לחשמל	We need <b>electricity</b> to power our lights, phones, and appliances.	אנחנו זקוקים <b>לחשמל</b> כדי להפעיל את התאורה, הטלפונים והמכשירים שלנו.
47a2b8025714	3	engineer	מהנדס, להנדס	המהנדס	The <b>engineer</b> designed the bridge to be strong and safe.	<b>המהנדס</b> תכנן את הגשר להיות חזק ובטוח.
e646d4d87e74	3	entrance	כניסה	הכניסה	The <b>entrance</b> to the building was blocked by construction equipment.	<b>הכניסה</b> לבניין הייתה חסומה על ידי ציוד בנייה.
295cf3605514	3	environment	סביבה	הסביבה	We must protect the <b>environment</b> for future generations to enjoy.	עלינו להגן על <b>הסביבה</b> כדי שדורות עתידיים ייהנו ממנה.
c44d5eaf8625	3	exact	מדויק	המדויק	She gave the <b>exact</b> amount of money needed for the bill.	היא נתנה את הסכום <b>המדויק</b> הדרוש לחשבון.
7ff1b812f604	3	excitement	התרגשות	התרגשותם	Fans showed their <b>excitement</b> by jumping, cheering, and screaming throughout the final game.	האוהדים הביעו את <b>התרגשותם</b> בקפיצות, עידוד וצעקות לאורך כל המשחק המכריע.
4739dd9ce556	3	exercise	פעילות גופנית, תרגיל; להתאמן; לממש, ליישם	תרגילים	Regular <b>exercise</b> keeps your body healthy and strong.	<b>תרגילים</b> גופניים סדירים שומרים על הגוף בריא וחזק.
1e6fe76026d6	3	exist	קיים	קיימים	Dinosaurs no longer <b>exist</b>; they died millions of years ago.	דינוזאורים כבר לא <b>קיימים</b>; הם מתו לפני מיליוני שנים.
1734aff229f8	3	expect	לצפות	מצפים	We <b>expect</b> the package to arrive by Tuesday based on the tracking information.	אנחנו <b>מצפים</b> שהחבילה תגיע עד יום שלישי בהתבסס על מידע המעקב.
c548f69b9124	3	experiment	ניסוי, להתנסות	הניסוי	The students carefully repeated the <b>experiment</b> to confirm their surprising results.	התלמידים חזרו בזהירות על <b>הניסוי</b> כדי לאשר את התוצאות המפתיעות שלהם.
c4b94ef5d08a	3	failure	כשלון	הכשלון	The bridge's sudden <b>failure</b> caused traffic to stop for several hours.	<b>הכשלון</b> הפתאומי של הגשר גרם לתנועה להיעצר למשך כמה שעות.
089f184f6c17	3	farmer	חקלאי, חוואי; איכר	החוואי	The <b>farmer</b> grows corn and wheat in his large fields.	<b>החוואי</b> מגדל תירס וחיטה בשדות הגדולים שלו.
c17d519e70bc	3	financial	כספי	כספיות	<b>Financial</b> problems forced the company to cut costs.	בעיות <b>כספיות</b> אילצו את החברה לצמצם עלויות.
df14de0e983f	3	fishing	דיג	לדוג	He enjoyed <b>fishing</b> for trout in the mountain streams.	הוא נהנה <b>לדוג</b> פורלים בנחלי ההרים.
6f7f2d793b42	3	fit	בכושר; להתאים	כושר	She kept <b>fit</b> by running five miles every morning.	היא שמרה על <b>כושר</b> בכך שרצה חמישה מיילים כל בוקר.
2da308599ab3	3	flat	שטוח; דירה	שטוחה	The land in this area is very <b>flat</b> with few hills.	הקרקע באזור הזה <b>שטוחה</b> מאוד עם מעט גבעות.
8117952106ff	3	foreign	חוץ; זר, נוכרי	זרות	She studied <b>foreign</b> languages including French and Spanish.	היא למדה שפות <b>זרות</b> כולל צרפתית וספרדית.
c57de566514f	3	frame	מסגרת, למסגר	במסגרת	She placed the photo in a wooden <b>frame</b> for display.	היא הניחה את התמונה <b>במסגרת</b> עץ לתצוגה.
9c027f014604	3	friendship	חברות	החברות	Their <b>friendship</b> lasted more than forty years despite the distance.	<b>החברות</b> ביניהם נמשכה יותר מארבעים שנה למרות המרחק.
d9abdba38aa0	3	function	תפקיד, תפקוד, לתפקד	התפקוד	The heart's main <b>function</b> is to pump blood.	<b>התפקוד</b> העיקרי של הלב הוא לשאוב דם.
838e7215ace3	3	garbage	זבל	הזבל	Please take out the <b>garbage</b> bin before the rotting food starts to stink.	אנא הוצא את פח <b>הזבל</b> לפני שהאוכל הרקוב יתחיל להסריח.
e21874c080f9	3	generation	דור	הדור	This <b>generation</b> grew up with computers and smartphones.	<b>הדור</b> הזה גדל עם מחשבים וסמארטפונים.
d7f4afb9ffd1	3	governor	מושל	המושל	The <b>governor</b> visited the new hospital and thanked the doctors there.	<b>המושל</b> ביקר בבית החולים החדש והודה לרופאים שם.
ccdcd332fb72	3	grade	כיתה; ציון, דרגה, מעמד; שיפוע	בכיתה	My daughter is in the fifth <b>grade</b> at her new school.	בתי לומדת <b>בכיתה</b> ה' בבית הספר החדש שלה.
802a5bffc259	3	grandson	נכד	הנכד	Her <b>grandson</b> visits every Sunday for dinner and stories.	<b>הנכד</b> שלה מבקר בכל יום ראשון לארוחת ערב וסיפורים.
670584bb7ac7	3	guide	מדריך, להדריך	ידריך	The park ranger will <b>guide</b> us safely through the dark cave.	שומר הפארק <b>ידריך</b> אותנו בבטחה דרך המערה החשוכה.
cd0f17708951	3	hall	אולם, מסדרון; היכל	המסדרון	Students rushed noisily through the long <b>hall</b> between their morning classes.	תלמידים מיהרו ברעש לאורך <b>המסדרון</b> הארוך בין שיעורי הבוקר שלהם.
814eed49c06b	3	height	גובה	הגובה	The <b>height</b> of the mountain made the climb very difficult.	<b>הגובה</b> של ההר הפך את הטיפוס לקשה מאוד.
56d21e41458f	3	highway	כביש ראשי	בכביש הראשי	Traffic on the <b>highway</b> was backed up for miles.	התנועה <b>בכביש הראשי</b> הייתה תקועה לאורך קילומטרים רבים.
b7adfa29e24e	3	hill	גבעה	הגבעה	We climbed the <b>hill</b> to see the view from the top.	טיפסנו על <b>הגבעה</b> כדי לראות את הנוף מלמעלה.
a9a85e44db21	3	honest	כן, הגון; ישר	הגונה	She stayed <b>honest</b> with her boss, even when the truth was embarrassing.	היא נשארה <b>הגונה</b> עם הבוס שלה, גם כשהאמת הייתה מביכה.
e01bc9dc1b5c	3	host	מארח	לארח	She enjoys <b>hosting</b> parties and gathering friends for dinner every weekend.	היא נהנית <b>לארח</b> מסיבות ולכנס חברים לארוחת ערב בכל סוף שבוע.
573a528c05e3	3	hunter	צייד	הצייד	The <b>hunter</b> tracked the wounded animal through the forest for hours.	<b>הצייד</b> עקב אחרי החיה הפצועה ביער במשך שעות.
316bcff3226f	3	ill	חולה	חלה	He became <b>ill</b> with a high fever and stayed home from work.	הוא <b>חלה</b> בחום גבוה ונשאר בבית במקום ללכת לעבודה.
2977a4f8d5d1	3	illegal	לא חוקי	לא חוקית	Driving without a valid license is <b>illegal</b> in most countries today.	נהיגה בלי רישיון בתוקף היא <b>לא חוקית</b> ברוב המדינות כיום.
df6dc3718653	3	image	דמות, תמונה; דימוי	התמונה	The <b>image</b> of the sunset was perfectly reflected in the still lake.	<b>התמונה</b> של השקיעה השתקפה בצורה מושלמת באגם השקט.
c33e980f204c	3	immediately	מיד	ומיד	He received the package and <b>immediately</b> opened it to check.	הוא קיבל את החבילה <b>ומיד</b> פתח אותה לבדיקה.
036f5e8bf29e	3	impressive	מרשים	מרשימה	Her performance was so <b>impressive</b> that the audience stood and applauded.	ההופעה שלה הייתה כל כך <b>מרשימה</b> שהקהל קם ומחא כפיים.
c4b5a6ec3338	3	include	לכלול	כולל	The price <b>includes</b> breakfast, lunch, and a bus tour of the city.	המחיר <b>כולל</b> ארוחת בוקר, ארוחת צהריים וסיור אוטובוס בעיר.
fcfd794e0409	3	independent	עצמאי	לעצמאית	She became <b>independent</b> after moving to her own apartment.	היא הפכה <b>לעצמאית</b> אחרי שעברה לדירה משלה.
0a939aff3d07	3	injury	פציעה	מפציעה	The athlete suffered a serious <b>injury</b> and missed three games.	הספורטאי סבל <b>מפציעה</b> קשה והחסיר שלושה משחקים.
de3a034b5d34	3	inner	פנימי	הפנימיים	She struggled with her <b>inner</b> demons and sought professional help.	היא נאבקה בשדים <b>הפנימיים</b> שלה ופנתה לעזרה מקצועית.
cf308115a839	3	instant	מיידי; בהרף עין	מיידית	She gave an <b>instant</b> reply to his urgent text message.	היא נתנה תשובה <b>מיידית</b> להודעת הטקסט הדחופה שלו.
e56ecfc1f8c7	3	intelligence	אינטליגנציה; מודיעין	האינטליגנציה	His <b>intelligence</b> helped him solve the complex mathematics problem.	<b>האינטליגנציה</b> שלו עזרה לו לפתור את בעיית המתמטיקה המורכבת.
0eb566c1a29e	3	investigate	לחקור	חקרה	The police <b>investigated</b> the robbery and found the stolen jewelry.	המשטרה <b>חקרה</b> את השוד ומצאה את התכשיטים הגנובים.
5c445961bdbd	3	judge	לשפוט; שופט	תשפוט	Don't <b>judge</b> others based on their appearance or background.	אל <b>תשפוט</b> אחרים לפי המראה או הרקע שלהם.
cc19a07fdcb8	3	kingdom	ממלכה	הממלכה	The <b>kingdom</b> was ruled by a wise and just monarch.	<b>הממלכה</b> נשלטה בידי מלך חכם וצודק.
a0cfd9e57177	3	kitchen	מטבח	במטבח	Mom prepares all the meals in the large <b>kitchen</b>.	אמא מכינה את כל הארוחות <b>במטבח</b> הגדול.
36bb60850ed2	3	knees	ברכיים	ברכיו	He fell to his <b>knees</b> when he heard the sad news.	הוא נפל על <b>ברכיו</b> כששמע את החדשות העצובות.
012805a6622e	3	knowledge	ידע	הידע	Her <b>knowledge</b> of ancient history impressed all the university professors.	<b>הידע</b> שלה בהיסטוריה עתיקה הרשים את כל פרופסורי האוניברסיטה.
538ec3b281ba	3	known	ידוע	ידועה	That restaurant is <b>known</b> for serving the best pizza in town.	המסעדה הזאת <b>ידועה</b> בכך שהיא מגישה את הפיצה הכי טובה בעיר.
0fc03096ff03	3	lake	אגם	האגם	The beautiful <b>lake</b> was surrounded by tall evergreen trees.	<b>האגם</b> היפה היה מוקף בעצי מחט גבוהים.
b1cbf9fe6cf1	3	lawyer	עורך-דין	עורכת הדין	The <b>lawyer</b> presented her case to the judge.	<b>עורכת הדין</b> הציגה את התיק שלה בפני השופט.
65f74b49c301	3	led to	הוביל ל-	הובילה	The investigation <b>led to</b> the arrest of three suspects.	החקירה <b>הובילה</b> למעצרם של שלושה חשודים.
6c53d80ab067	3	limit	גבול, לשים גבול, מוגבל	מגבלת	The speed <b>limit</b> on the highway is seventy miles per hour.	<b>מגבלת</b> המהירות בכביש המהיר היא שבעים מייל לשעה.
d7ac34167bda	3	lip	שפה	השפה	She had a scar on her upper <b>lip</b> from childhood.	היה לה צלקת על <b>השפה</b> העליונה מהילדות.
d0f892705450	3	manage	לנהל; להצליח, להסתדר (___ to)	מנהלת	She <b>manages</b> the office and oversees all the staff.	היא <b>מנהלת</b> את המשרד ומפקחת על כל הצוות.
035165ba8351	3	marriage	נישואין	הנישואים	Their <b>marriage</b> lasted fifty years before his unexpected death.	<b>הנישואים</b> שלהם נמשכו חמישים שנה לפני מותו הפתאומי.
5606c625d7e8	3	material	חומר, חומרני	החומר	The <b>material</b> of the dress felt soft and smooth.	<b>החומר</b> של השמלה היה רך וחלק למגע.
d9075494e3c4	3	mention	להזכיר, לאזכר	תזכיר	Don't <b>mention</b> the surprise party in front of the birthday boy.	אל <b>תזכיר</b> את מסיבת ההפתעה מול חתן יום ההולדת.
4616c699337d	3	method	שיטה	השיטה	His <b>method</b> for solving math problems saved him a lot of time.	<b>השיטה</b> שלו לפתרון בעיות מתמטיות חסכה לו הרבה זמן.
0a643f4f7032	3	military	צבא, צבאי	בצבא	He served in the <b>military</b> for five years of his life.	הוא שירת <b>בצבא</b> חמש שנים מחייו.
cc33fe4c8717	3	mirror	מראה	במראה	She looked at herself in the <b>mirror</b> every morning before work.	היא הסתכלה על עצמה <b>במראה</b> כל בוקר לפני העבודה.
fc895efd9a6f	3	monitor	להשגיח, מוניטור	תשגיח	The teacher will <b>monitor</b> your progress throughout the entire semester.	המורה <b>תשגיח</b> על ההתקדמות שלך לאורך כל הסמסטר.
60dfeec8cd9d	3	movement	תנועה	תנועת	The <b>movement</b> of the clouds suggested a storm was approaching.	<b>תנועת</b> העננים רמזה שסופה מתקרבת.
67fd07427097	3	mystery	תעלומה	התעלומה	The <b>mystery</b> of the missing artwork puzzled detectives for years.	<b>התעלומה</b> של יצירת האמנות הנעדרת הטרידה בלשים במשך שנים.
313a812d9314	3	nation	אומה	האומה	The <b>nation</b> celebrated its independence day with parades and fireworks.	<b>האומה</b> חגגה את יום העצמאות שלה במצעדים וזיקוקים.
ae1befcb795d	3	nearby	ליד, קרוב	בקרבת	There's a grocery store <b>nearby</b>, just two blocks away.	יש מכולת <b>בקרבת</b> מקום, במרחק שני רחובות בלבד.
5a63a995f4ea	3	necessary	הכרחי	הכרחיים	Warm clothes are <b>necessary</b> for surviving in arctic conditions.	בגדים חמים <b>הכרחיים</b> לשרוד בתנאים ארקטיים.
ef81b77300d7	3	neighborhood	שכונה	השכונה	Our <b>neighborhood</b> is safe and filled with friendly families.	<b>השכונה</b> שלנו בטוחה ומלאה במשפחות ידידותיות.
3234e583d9b1	3	nervous	עצבני, לחוץ, מתוח	עצבנית	She felt <b>nervous</b> before her first public speaking engagement.	היא הרגישה <b>עצבנית</b> לפני הנאום הציבורי הראשון שלה מול קהל.
4e357501c64e	3	no longer	לא עוד	כבר לא	He <b>no longer</b> smokes after successfully quitting last year.	הוא <b>כבר לא</b> מעשן אחרי שהצליח להיגמל בשנה שעברה.
3c253f7fc256	3	noon	צהריים (12:00)	בצהריים	We agreed to meet at <b>noon</b> by the fountain.	סיכמנו להיפגש <b>בצהריים</b> ליד המזרקה.
86523a1cb25d	3	notice	לשים לב; התראה	שמת לב	Did you <b>notice</b> the new painting on the gallery wall?	<b>שמת לב</b> לציור החדש על קיר הגלריה?
542fe07b5f9b	3	nuclear	גרעיני	גרעיניות	<b>Nuclear</b> power plants provide electricity to millions of people.	תחנות כוח <b>גרעיניות</b> מספקות חשמל למיליוני אנשים.
96466a4cae92	3	obviously	ברור	בבירור	She <b>obviously</b> forgot her umbrella because she got soaked.	היא <b>בבירור</b> שכחה את המטרייה שלה כי היא נרטבה כולה.
5f954ae8845f	3	opposite	מנוגד, ממול	הנגדי	My apartment is on the <b>opposite</b> side of the building.	הדירה שלי נמצאת בצד <b>הנגדי</b> של הבניין.
2aa771fb0cdd	3	organization	ארגון	הארגון	The non-profit <b>organization</b> donated thousands of meals to homeless shelters.	<b>הארגון</b> ללא מטרות רווח תרם אלפי ארוחות למקלטים לחסרי בית.
1efeee29da74	3	passion	תשוקה	התשוקה	His <b>passion</b> for music drove him to become a professional musician.	<b>התשוקה</b> שלו למוזיקה הובילה אותו להפוך למוזיקאי מקצועי.
e150872080bf	3	patience	סבלנות	הסבלנות	She waited in line for two hours without losing her <b>patience</b>.	היא חיכתה בתור שעתיים בלי לאבד את <b>הסבלנות</b>.
4ddb7759debd	3	patient	סבלני; חולה	סבלנית	She remained <b>patient</b> while waiting for her appointment.	היא נשארה <b>סבלנית</b> בזמן שחיכתה לתור שלה.
b8e62bb7d5a9	3	peaceful	שלו, שקט	שקטים	The <b>peaceful</b> village had quiet streets and friendly smiling neighbors.	הכפר השלו היה בעל רחובות <b>שקטים</b> ושכנים ידידותיים ומחייכים.
22bb417d9957	3	performance	ביצוע; הופעה	הביצועים	Her <b>performance</b> during the job interview exceeded her manager's expectations.	<b>הביצועים</b> שלה בראיון העבודה עלו על הציפיות של המנהל שלה.
8cb041141e4c	3	personality	אישיות	האישיות	Her bubbly <b>personality</b> made her popular with everyone at work.	<b>האישיות</b> התוססת שלה עשתה אותה פופולרית אצל כולם בעבודה.
8bcf78e5d01c	3	piece	יצירה; חתיכה, חלק	יצירת	She performed a beautiful piano <b>piece</b> at the concert.	היא ניגנה <b>יצירת</b> פסנתר יפה בקונצרט.
bd91683c6eb0	3	pipe	צינור	הצינור	Water flows through the metal <b>pipe</b> under the street.	מים זורמים דרך <b>הצינור</b> המתכתי מתחת לרחוב.
23bd856ef3f8	3	plant	צמח; לשתול; מפעל (power ___)	הצמח	The green <b>plant</b> on her desk needed water every other day.	<b>הצמח</b> הירוק על השולחן שלה היה צריך מים כל יומיים.
5c07aa515fb0	3	position	עמדה, מיקום, למקם; תנוחה; תפקיד, משרה	התנוחה	She adjusted her <b>position</b> on the chair to be more comfortable.	היא התאימה את <b>התנוחה</b> שלה על הכיסא כדי להיות נוחה יותר.
e58cfd44b09d	3	pot	סיר, קדרה	בסיר	I boil water in a large <b>pot</b> before cooking the pasta.	אני מרתיח מים <b>בסיר</b> גדול לפני שאני מבשל את הפסטה.
9ab92b1ccb5b	3	practice	לתרגל, תרגול	מתרגלת	She <b>practices</b> the piano for one hour every single day.	היא <b>מתרגלת</b> בפסנתר במשך שעה בכל יום.
42971f344826	3	precious	יקר	היקר	This <b>precious</b> diamond was passed down from my grandmother.	היהלום <b>היקר</b> הזה עבר בירושה מסבתא שלי.
781b8b25dc73	3	previous	קודם	הקודמת	His <b>previous</b> job was at a bank downtown.	העבודה <b>הקודמת</b> שלו הייתה בבנק במרכז העיר.
937670ceb534	3	priority	עדיפות	בעדיפות	Your health should be your top <b>priority</b> in life.	הבריאות שלך צריכה להיות <b>בעדיפות</b> העליונה שלך בחיים.
35496c688bc8	3	prison	כלא	לכלא	The criminal was sent to <b>prison</b> for five years.	הפושע נשלח <b>לכלא</b> לחמש שנים.
39e516da4937	3	prize	פרס	בפרס	She won first <b>prize</b> in the science competition.	היא זכתה <b>בפרס</b> הראשון בתחרות המדעים.
ff6794386b3a	3	product	מוצר; תוצר	המוצר	The company tested their new <b>product</b> for quality issues.	החברה בדקה את <b>המוצר</b> החדש שלה לבעיות איכות.
0862edb07219	3	project	לחזות, לתכנן; פרויקט, מיזם; להשליך, להקרין	צופים	Analysts <b>project</b> that sales will double within the next five years.	אנליסטים <b>צופים</b> שהמכירות יוכפלו בתוך חמש השנים הקרובות.
b9a0c65b06dd	3	public	ציבורי	הציבורית	The <b>public</b> library is free for all city residents.	הספרייה <b>הציבורית</b> חינמית לכל תושבי העיר.
8f4c009c0e6c	3	pump	משאבה, לשאוב	שואב	The heart <b>pumps</b> blood throughout your entire body.	הלב <b>שואב</b> דם לכל אורך הגוף שלך.
f3b1f2aee139	3	purpose	כוונה, מטרה	המטרה	The <b>purpose</b> of school is to prepare you for life.	<b>המטרה</b> של בית הספר היא להכין אותך לחיים.
0d79b4f05989	3	rage	זעם	הזעם	His <b>rage</b> was so intense he threw things across the room.	<b>הזעם</b> שלו היה כל כך עז שהוא זרק חפצים ברחבי החדר.
5e11c80214c8	3	raise	להעלות	מעלים	They <b>raise</b> the flag at the beginning of school.	הם <b>מעלים</b> את הדגל בתחילת יום הלימודים.
274104d71e00	3	react	להגיב	הגיבה	How did your family <b>react</b> when you told them the news?	איך המשפחה שלך <b>הגיבה</b> כשסיפרת לה את החדשות?
3e5d9eb6517f	3	reaction	תגובה	התגובה	His <b>reaction</b> to the surprise was complete shock and joy.	<b>התגובה</b> שלו להפתעה הייתה הלם מוחלט ושמחה.
6be737cb04ad	3	realize	להבין, הבין; להגשים	הבנתי	I <b>realized</b> that I had forgotten my keys at home.	<b>הבנתי</b> ששכחתי את המפתחות שלי בבית.
a5e1757178c6	3	recent	שארע לאחרונה	האחרונה	The <b>recent</b> earthquake caused damage to several buildings.	רעידת האדמה <b>האחרונה</b> גרמה נזק למספר בניינים.
aa6cd9b68f7d	3	recognize	לזהות; להכיר	מזהה	I <b>recognize</b> that woman from my chemistry class last year.	אני <b>מזהה</b> את האישה הזאת משיעור הכימיה שלי בשנה שעברה.
e58424b1bcce	3	recommend	להמליץ	ממליץ	I <b>recommend</b> this restaurant because the food is excellent.	אני <b>ממליץ</b> על המסעדה הזאת כי האוכל שם מצוין.
f3693a2857d5	3	release	לשחרר	ישחררו	They will <b>release</b> the new movie next Friday night.	הם <b>ישחררו</b> את הסרט החדש ביום שישי בערב הבא.
bd1a1dd12bd3	3	religion	דת	מדתות	People of different <b>religions</b> celebrate different holidays and customs.	אנשים <b>מדתות</b> שונות חוגגים חגים ומנהגים שונים.
f40c47a0b369	3	reporter	עיתונאי	העיתונאי	The <b>reporter</b> interviewed the famous scientist about her new discovery.	<b>העיתונאי</b> ראיין את המדענית המפורסמת על הגילוי החדש שלה.
502e2ca12e73	3	represent	לייצג, מייצג	מייצגת	She <b>represents</b> our country in the international swimming competition.	היא <b>מייצגת</b> את המדינה שלנו בתחרות השחייה הבינלאומית.
1b9747805e99	3	request	בקשה, לבקש	ביקש	The teacher <b>requested</b> that all students submit their homework.	המורה <b>ביקש</b> שכל התלמידים יגישו את שיעורי הבית שלהם.
e9821f52dd4f	3	rescue	להציל	הצילו	The firefighters <b>rescued</b> the cat from the tall tree.	הכבאים <b>הצילו</b> את החתול מהעץ הגבוה.
2d45bf7c720a	3	reward	פרס, לתגמל	כפרס	As a <b>reward</b> for good behavior, the class got free time.	<b>כפרס</b> על התנהגות טובה, הכיתה קיבלה זמן חופשי.
998637f873c2	3	rise	עליה, לעלות	עולה	The sun <b>rises</b> in the east every single morning.	השמש <b>עולה</b> במזרח כל בוקר.
2aac7ada9439	3	route	מסלול, דרך	המסלול	This is the fastest <b>route</b> to get to the airport.	זה <b>המסלול</b> המהיר ביותר להגיע לשדה התעופה.
d4d76e78dbe8	3	safety	בטיחות	לבטיחות	Wearing a helmet is important for your <b>safety</b> on a bike.	חבישת קסדה חשובה <b>לבטיחות</b> שלך על אופניים.
3b34509b4c3c	3	salary	שכר	השכר	His <b>salary</b> increased after he got promoted to manager.	<b>השכר</b> שלו עלה אחרי שהוא קיבל קידום למנהל.
cd4e3ae8b51d	3	scare	פחד, להפחיד	הפחיד	The loud noise <b>scared</b> the children and made them cry.	הרעש החזק <b>הפחיד</b> את הילדים וגרם להם לבכות.
f244648c2d26	3	schedule	לוח זמנים	לוח הזמנים	What is your work <b>schedule</b> for the entire week?	מה <b>לוח הזמנים</b> שלך לעבודה לכל השבוע?
4f480b930cd8	3	screen	לסרוק; מסך, צג, וילון; לסנן	סרקה	Security <b>screened</b> all bags before passengers entered the building.	אבטחה <b>סרקה</b> את כל התיקים לפני שהנוסעים נכנסו לבניין.
5eed8bea405a	3	script	תסריט	התסריט	The actor memorized the <b>script</b> before filming started.	השחקן שינן את <b>התסריט</b> לפני שהצילומים התחילו.
00e6607bf62d	3	section	יחידה, חלק	החלק	The children's <b>section</b> of the library has colorful pictures.	<b>החלק</b> לילדים בספרייה מלא בתמונות צבעוניות.
8803bd9f9953	3	senior	בכיר; בוגר (תלמיד שנה אחרונה); זקן	הבוגרים	The <b>senior</b> students get to leave school a half hour early.	התלמידים <b>הבוגרים</b> יוצאים מבית הספר חצי שעה מוקדם יותר.
455cbc818d2c	3	sensitive	רגיש	הרגיש	Her <b>sensitive</b> skin reacts badly to most harsh chemicals.	העור <b>הרגיש</b> שלה מגיב רע לרוב הכימיקלים החזקים.
b683df30b894	3	shadow	צל, להאפיל	הצל	The tall tree's <b>shadow</b> covered most of the backyard by evening.	<b>הצל</b> של העץ הגבוה כיסה את רוב החצר האחורית עד הערב.
05d0f791bfc7	3	shave	גילוח, לגלח	מתגלח	He <b>shaves</b> every morning before going to work.	הוא <b>מתגלח</b> כל בוקר לפני שהוא הולך לעבודה.
c422decedb6d	3	ship	לשלוח; אוניה	שליח	We will <b>ship</b> your package tomorrow morning by courier.	אנחנו נשלח את החבילה שלך מחר בבוקר באמצעות <b>שליח</b>.
b963bba5bcbd	3	shy	ביישן	הביישנית	The <b>shy</b> child hid behind her mother when strangers came.	הילדה <b>הביישנית</b> התחבאה מאחורי אמה כשזרים הגיעו.
241221ec7a59	3	signature	חתימה	החתימה	Please write your <b>signature</b> at the bottom of the form.	אנא כתוב את <b>החתימה</b> שלך בתחתית הטופס.
af14a57ac629	3	similar	דומה	דומים	The two houses are very <b>similar</b> in color and size.	שני הבתים <b>דומים</b> מאוד בצבע ובגודל.
7864fc0e55cd	3	soul	נשמה	נשמתו	The musician poured his <b>soul</b> into every note of the performance.	הנגן שפך את <b>נשמתו</b> לתוך כל תו בהופעה.
f7031f3ec3ba	3	southern	דרומי	הדרומיים	The <b>southern</b> regions of the country experience much warmer weather throughout the year.	האזורים <b>הדרומיים</b> של המדינה חווים מזג אוויר חם בהרבה לאורך כל השנה.
e8ed42ed4f83	3	space	חלל; רווח	בחלל	Astronauts in <b>space</b> need special suits to survive outside their spacecraft.	אסטרונאוטים <b>בחלל</b> זקוקים לחליפות מיוחדות כדי לשרוד מחוץ לחללית שלהם.
b27231840a41	3	square	ריבוע; כיכר	לריבוע	A <b>square</b> has four equal sides and four right angles.	<b>לריבוע</b> יש ארבע צלעות שוות וארבע זוויות ישרות.
e1729708812d	3	stage	שלב; במה; לביים, לארגן (הפגנה)	השלב	The first <b>stage</b> of the project involved gathering all necessary data.	<b>השלב</b> הראשון בפרויקט כלל איסוף כל הנתונים הנחוצים.
fd229fe1a48c	3	standard	רמה, תקן, מקובל	התקן	The school's high <b>standard</b> for student behavior was enforced strictly and fairly.	<b>התקן</b> הגבוה של בית הספר להתנהגות תלמידים נאכף בקפדנות ובהגינות.
c5d7574c6984	3	state	מצב; מדינה; לציין, להצהיר, לקבוע	במצב	The old house was in a terrible <b>state</b> after years of neglect.	הבית הישן היה <b>במצב</b> נורא אחרי שנים של הזנחה.
3f41936ff1e6	3	stomach	בטן, קיבה	הבטן	Her <b>stomach</b> hurt badly after eating too much pizza.	<b>הבטן</b> שלה כאבה מאוד אחרי שאכלה יותר מדי פיצה.
3d06daedf3eb	3	strength	כוח, חוזק	החוזק	The <b>strength</b> of the old oak tree amazed everyone during the storm.	<b>החוזק</b> של עץ האלון הישן הדהים את כולם במהלך הסערה.
f48f5da5bd2e	3	structure	מבנה, לבנות	המבנה	The <b>structure</b> of the building was damaged by the recent earthquake.	<b>המבנה</b> של הבניין ניזוק ברעידת האדמה האחרונה.
7ac6410590ed	3	stuck	תקוע	נתקעה	The car got <b>stuck</b> in the mud after the heavy rain.	המכונית <b>נתקעה</b> בבוץ אחרי הגשם הכבד.
3cd74f22b3c1	3	suffer	לסבול	סובלים	Many people <b>suffer</b> from allergies during the spring pollen season.	הרבה אנשים <b>סובלים</b> מאלרגיות בעונת האבקה באביב.
17d31094d53b	3	supply	אספקה	אספקת	The <b>supply</b> of fresh water was limited in the drought.	<b>אספקת</b> המים הטריים הייתה מוגבלת בבצורת.
ffe7e5f73bcb	3	surgery	ניתוח	הניתוח	The <b>surgery</b> was successful and took three hours to complete.	<b>הניתוח</b> הצליח ונמשך שלוש שעות.
b1bfe9c564be	3	switch	מתג; להחליף	המתג	He flipped the <b>switch</b> to turn on the bright kitchen lights.	הוא הפעיל את <b>המתג</b> כדי להדליק את אורות המטבח הבהירים.
f9770770668e	3	tale	סיפור, אגדה	הסיפור	The old <b>tale</b> about dragons and treasure fascinated children everywhere.	<b>הסיפור</b> הישן על דרקונים ואוצר ריתק ילדים בכל מקום.
b74b162bf6e2	3	target	מטרה	המטרה	The company's <b>target</b> was to increase sales by fifty percent.	<b>המטרה</b> של החברה הייתה להגדיל את המכירות בחמישים אחוז.
fc80551f52e0	3	task	משימה	המשימה	His <b>task</b> was to organize all the documents in alphabetical order.	<b>המשימה</b> שלו הייתה לסדר את כל המסמכים בסדר אלפביתי.
8c293626a615	3	tent	אוהל	האוהל	We pitched our <b>tent</b> near the river for the camping trip.	הקמנו את <b>האוהל</b> שלנו ליד הנהר לטיול הקמפינג.
53835df6c995	3	theme	נושא	הנושא	The <b>theme</b> of the book concerns the power of forgiveness.	<b>הנושא</b> של הספר עוסק בכוחה של הסליחה.
bde6820c8ef6	3	threat	איום	האיום	The <b>threat</b> of heavy storms caused the event to be cancelled.	<b>האיום</b> של סערות כבדות גרם לביטול האירוע.
3f5cf982f24f	3	tie	לקשור, קשר; עניבה	קשרה	She <b>tied</b> the rope around the wooden post to secure it.	היא <b>קשרה</b> את החבל סביב עמוד העץ כדי לאבטח אותו.
b18acadaebb1	3	title	כותרת; תואר	הכותרת	The <b>title</b> of the movie intrigued viewers despite being confusing.	<b>הכותרת</b> של הסרט סקרנה את הצופים למרות שהייתה מבלבלת.
6f1ba867a4ca	3	tongue	לשון	הלשון	His <b>tongue</b> was burned by the hot tea he drank too quickly.	<b>הלשון</b> שלו נכוותה מהתה החם ששתה מהר מדי.
66a897d35d94	3	track	מסילה, מסלול; לעקוב	מסילת	The old train <b>track</b> ran through the forest for many miles.	<b>מסילת</b> הרכבת הישנה עברה דרך היער לאורך קילומטרים רבים.
ab531e672944	3	tradition	מסורת	המסורת	The <b>tradition</b> of eating turkey on Thanksgiving dates back centuries.	<b>המסורת</b> של אכילת הודו בחג ההודיה מקורה במאות שנים.
2de08ba13e6b	3	train	רכבת; להכשיר, לאמן	הרכבת	The <b>train</b> departed from the station fifteen minutes ahead of schedule.	<b>הרכבת</b> יצאה מהתחנה חמש עשרה דקות לפני המועד המתוכנן.
6a9931f1946b	3	trap	מלכודת	למלכודת	The mouse fell into the <b>trap</b> set by the farmer.	העכבר נפל <b>למלכודת</b> שהציב החקלאי.
46949fa64da3	3	treatment	טיפול; יחס	הטיפול	The new <b>treatment</b> for the disease showed promising results in patients.	<b>הטיפול</b> החדש למחלה הראה תוצאות מבטיחות אצל המטופלים.
691ad2976345	3	unbelievable	לא יאמן	הלא יאמן	The <b>unbelievable</b> story about finding treasure spread quickly through town.	הסיפור <b>הלא יאמן</b> על מציאת אוצר התפשט מהר בעיר.
a7ce108bca8f	3	unfair	לא הוגן	הלא הוגנת	The teacher's <b>unfair</b> grading system upset all the hardworking students.	שיטת הציונים <b>הלא הוגנת</b> של המורה הכעיסה את כל התלמידים החרוצים.
4e3142e84276	3	unusual	בלתי רגיל, יוצא דופן	הבלתי רגילה	Her <b>unusual</b> choice to become a circus performer surprised all her family members.	הבחירה <b>הבלתי רגילה</b> שלה להפוך לאמנית קרקס הפתיעה את כל בני משפחתה.
efa2559fbb31	3	usual	רגיל	הרגילה	His <b>usual</b> routine was to wake up, exercise, and then eat breakfast.	השגרה <b>הרגילה</b> שלו הייתה להתעורר, להתאמן ואז לאכול ארוחת בוקר.
93ad71ec0efd	3	value	ערך, להעריך	הערך	The <b>value</b> of the antique increased significantly over many years.	<b>הערך</b> של העתיקה עלה משמעותית במשך שנים רבות.
16fff4fe03a2	3	violence	אלימות	האלימות	The <b>violence</b> in the movie was shocking to many viewers.	<b>האלימות</b> בסרט הייתה מזעזעת עבור צופים רבים.
1ac44fe265d8	3	violent	אלים	האלימה	The <b>violent</b> storm destroyed many homes in the coastal town.	הסערה <b>האלימה</b> הרסה בתים רבים בעיירת החוף.
9a0faeb2e97d	3	visitor	אורח, מבקר	המבקר	The <b>visitor</b> from Germany was amazed by the beautiful old architecture.	<b>המבקר</b> מגרמניה התפעל מהאדריכלות העתיקה והיפה.
a9dff93151e6	3	visual	חזותי	החזותיים	The <b>visual</b> effects in the film were incredible and memorable.	האפקטים <b>החזותיים</b> בסרט היו מדהימים ובלתי נשכחים.
b0ab73d06567	3	wear	ללבוש; להתבלות	לבשה	She <b>wore</b> her favorite blue jeans to the concert last night.	היא <b>לבשה</b> את הג'ינס הכחול האהוב עליה לקונצרט אתמול בלילה.
5d1299ade1de	3	weather	מזג אוויר	מזג האוויר	The <b>weather</b> was perfect for a picnic in the park.	<b>מזג האוויר</b> היה מושלם לפיקניק בפארק.
0f7cddd4bf11	3	wedding	חתונה	חתונתם	Their <b>wedding</b> was celebrated by hundreds of friends and family.	מאות חברים ובני משפחה חגגו את <b>חתונתם</b>.
8c52026186d7	3	wild	פראי, טבע	הפראיות	The <b>wild</b> animals roamed freely across the vast open grassland.	החיות <b>הפראיות</b> שוטטו בחופשיות במרחבי העשב הפתוחים.
20fc28392a8a	3	wing	כנף	כנפו	The bird's <b>wing</b> was injured but it could still fly.	<b>כנפו</b> של הציפור נפצעה אך היא עדיין הצליחה לעוף.
ba1de8e6600a	4	activist	פעיל, אקטיביסט	הפעיל	The environmental <b>activist</b> urged the city to ban plastic bags.	<b>הפעיל</b> הסביבתי דרש מהעירייה לאסור על שקיות פלסטיק.
658f023a4b1f	4	additionally	בנוסף	ובנוסף	The team finished the report on time; <b>additionally</b>, they included extra research.	הצוות סיים את הדוח בזמן, <b>ובנוסף</b> הוסיף מחקר נוסף.
49eb6defcd3d	4	advertisement	מודעה, פרסום	המודעה	The <b>advertisement</b> featured a famous celebrity promoting the new product.	<b>המודעה</b> הציגה סלבריטי מפורסם שמקדם את המוצר החדש.
c730db3fc16d	4	advice	עצה	העצה	Her <b>advice</b> to study hard and sleep well was helpful.	<b>העצה</b> שלה ללמוד קשה ולישון טוב הייתה מועילה.
caeefbb238e1	4	aesthetic	אסתטי; אסתטיקה	האסתטי	The <b>aesthetic</b> appeal of the ancient temple amazed all the visitors.	הקסם <b>האסתטי</b> של המקדש העתיק הדהים את כל המבקרים.
44b0fa070dc6	4	air conditioner	מזגן	המזגן	The <b>air conditioner</b> kept the room cool during the hot summer.	<b>המזגן</b> שמר על החדר קריר בקיץ החם.
92b21b5888b8	4	airline	חברת תעופה	חברת התעופה	The <b>airline</b> announced new routes to expand its European network.	<b>חברת התעופה</b> הודיעה על מסלולים חדשים כדי להרחיב את הרשת האירופית שלה.
517dbfc868c5	4	amateur	חובבן	החובבן	The <b>amateur</b> photographer still captured some amazing shots.	הצלם <b>החובבן</b> בכל זאת צילם כמה תמונות מדהימות.
05f11b5f0a55	4	amaze	להדהים	ידהים	The magician's trick will <b>amaze</b> the entire audience.	הטריק של הקוסם <b>ידהים</b> את כל הקהל.
d245d6385358	4	analog	אנלוגי (ההיפך מדיגיטלי); מקבילה	אנלוגיים	<b>Analog</b> watches use traditional mechanical gears unlike modern digital devices.	שעונים <b>אנלוגיים</b> משתמשים בגלגלי שיניים מכניים מסורתיים, בניגוד למכשירים דיגיטליים מודרניים.
f992a742ec78	4	ancient	קדום, עתיק	קדומים	Archaeologists discovered <b>ancient</b> coins buried deep under the old stone temple.	ארכיאולוגים גילו מטבעות <b>קדומים</b> קבורים עמוק מתחת למקדש האבן העתיק.
b35b5ce88646	4	appear	להופיע; נראה ש-	מופיעים	Dark clouds <b>appear</b> on the horizon just before a big storm hits.	עננים כהים <b>מופיעים</b> באופק ממש לפני שסערה גדולה מגיעה.
7bf979faf9ad	4	architecture	אדריכלות, ארכיטקטורה	האדריכלות	The city's modern <b>architecture</b> uses glass and steel instead of old brick.	<b>האדריכלות</b> המודרנית של העיר משתמשת בזכוכית ובפלדה במקום בלבנים ישנות.
2d073a6e7c42	4	arrest	מעצר, לעצור	תעצור	Police will <b>arrest</b> anyone caught stealing merchandise from the store without paying.	המשטרה <b>תעצור</b> כל מי שייתפס גונב סחורה מהחנות בלי לשלם.
b77a85f1a45a	4	artistic	אמנותי	האמנותי	Her <b>artistic</b> talent impressed everyone at the photography exhibition last week.	הכישרון <b>האמנותי</b> שלה הרשים את כולם בתערוכת הצילום בשבוע שעבר.
d0871c38790f	4	attitude	גישה	הגישה	Her positive <b>attitude</b> helped her succeed despite many serious obstacles.	<b>הגישה</b> החיובית שלה עזרה לה להצליח למרות מכשולים רציניים רבים.
f324a42e7005	4	audience	קהל	הקהל	The <b>audience</b> applauded loudly when the singer finished the final song.	<b>הקהל</b> מחא כפיים בקול רם כשהזמרת סיימה את השיר האחרון.
57c4572e812d	4	author	סופר, מחבר	הסופר	The famous <b>author</b> wrote novels that became bestsellers throughout the world.	<b>הסופר</b> המפורסם כתב רומנים שהפכו לרבי מכר ברחבי העולם.
87b36bef7e2f	4	belong	שייך	שייכים	These books <b>belong</b> to me and I want them returned immediately.	הספרים האלה <b>שייכים</b> לי ואני רוצה שיוחזרו מיד.
4701781a4043	4	benefit	תועלת, יתרון; הטבה; להפיק תועלת	כיתרון	Her college degree turned out to be a huge <b>benefit</b> in her job search.	התואר האקדמי שלה התברר <b>כיתרון</b> עצום בחיפוש העבודה שלה.
52111e9935f3	4	besides	בכל מקרה; בנוסף על; מלבד, חוץ מ-	ומלבד	It was raining hard, and <b>besides</b>, we had no umbrella with us.	ירד גשם חזק, <b>ומלבד</b> זאת לא היה לנו מטרייה.
6382fe4654fb	4	best-seller	רב-מכר	לרב מכר	That novel became an instant <b>best</b>-seller in bookstores across the world.	הרומן הזה הפך <b>לרב מכר</b> מיידי בחנויות ספרים ברחבי העולם.
663509a51c07	4	bicycle	אופניים	האופניים	She rode her <b>bicycle</b> to school instead of taking the bus.	היא רכבה על <b>האופניים</b> שלה לבית הספר במקום לקחת את האוטובוס.
808ca1dbf61b	4	bright	בהיר, זוהר; חכם, מבריק	הבהירים	The <b>bright</b> colors of her dress stood out in the dark room.	הצבעים <b>הבהירים</b> של השמלה שלה בלטו בחדר החשוך.
e145487e7916	4	brilliant	מבריק	המבריק	His <b>brilliant</b> solution to the problem surprised everyone at the meeting.	הפתרון <b>המבריק</b> שלו לבעיה הפתיע את כולם בישיבה.
9dc411a691b5	4	bullet	קליע	הקליע	The <b>bullet</b> left a small hole in the metal target during practice.	<b>הקליע</b> השאיר חור קטן במטרת המתכת במהלך האימון.
54cca8deb3ee	4	calculator	מחשבון	המחשבון	He grabbed his <b>calculator</b> to solve the complex math problem.	הוא תפס את <b>המחשבון</b> שלו כדי לפתור את בעיית המתמטיקה המורכבת.
57e596a4d70c	4	cast	להשליך, לגרש; צוות שחקנים	השליך	The fisherman <b>cast</b> his net far into the ocean water.	הדייג <b>השליך</b> את הרשת שלו רחוק אל תוך מי האוקיינוס.
9ad727b98702	4	casual	אגבי, רגיל, יומיומי	יומיומיים	He wore <b>casual</b> clothes like jeans and a t-shirt to work.	הוא לבש בגדים <b>יומיומיים</b> כמו ג'ינס וחולצת טי לעבודה.
767f5c88a898	4	caviar	קוויאר	הקוויאר	The expensive <b>caviar</b> cost more than a week of groceries.	<b>הקוויאר</b> היקר עלה יותר משבוע של קניות מזון.
6539c5a3978a	4	century	מאה שנים	ממאה	That castle was built more than a <b>century</b> ago.	הטירה ההיא נבנתה לפני יותר <b>ממאה</b> שנה.
7b5a37bb2be7	4	charge	לגבות; להאשים; להסתער; לחייב	גבה	The doctor <b>charged</b> five hundred dollars for the surgery.	הרופא <b>גבה</b> חמש מאות דולר עבור הניתוח.
bf898ebe29b6	4	chief	ראשי, בכיר, מנהיג; צ'יף	ראש	The <b>chief</b> decided to move the tribe to better hunting grounds.	<b>ראש</b> השבט החליט להעביר את השבט לשטחי ציד טובים יותר.
2132573a6bd1	4	claim	טענה, טוען; תביעה	טען	He <b>claimed</b> he was innocent despite the evidence against him.	הוא <b>טען</b> שהוא חף מפשע למרות הראיות נגדו.
9801b06f6a96	4	class	מעמד; סוג; כיתה	למעמד	The wealthy family belonged to the upper <b>class</b> of their society.	המשפחה העשירה השתייכה <b>למעמד</b> העליון בחברה שלה.
e6552436c4af	4	clever	פיקח	הפיקח	The <b>clever</b> fox outsmarted the hunter and escaped the trap.	השועל <b>הפיקח</b> הערים על הצייד וברח מהמלכודת.
8750e42875a1	4	coast	חוף	בחוף	The rocky <b>coast</b> had huge waves crashing against the cliffs.	<b>בחוף</b> הסלעי היו גלים ענקיים שהתנפצו על הצוקים.
6c78dcb821dc	4	cognitive	קוגניטיבי, הכרתי	הקוגניטיביים	Solving puzzles and reading books can improve a child's <b>cognitive</b> skills.	פתרון חידות וקריאת ספרים יכולים לשפר את הכישורים <b>הקוגניטיביים</b> של ילד.
e13710b408f2	4	common	נפוץ, משותף	נפוצות	Blue eyes are <b>common</b> among people from northern European countries.	עיניים כחולות <b>נפוצות</b> בקרב אנשים ממדינות צפון אירופה.
fe91a06acdb3	4	compete	להתחרות, להתמודד	מתחרים	Many athletes <b>compete</b> to win the top prize at the national championship.	ספורטאים רבים <b>מתחרים</b> כדי לזכות בפרס הראשון באליפות הלאומית.
c74e37cf99b3	4	conference	ועידה	בוועידה	Business leaders attended the <b>conference</b> to discuss global economic issues.	מנהיגים עסקיים השתתפו <b>בוועידה</b> כדי לדון בנושאים כלכליים עולמיים.
e42834153b1f	4	confuse	לבלבל	בלבלו	His unclear explanations <b>confused</b> most of the students in the class.	ההסברים הלא ברורים שלו <b>בלבלו</b> את רוב התלמידים בכיתה.
14e0f02b1f64	4	consider	לקחת בחשבון, לשקול	שתשקול	You should <b>consider</b> his offer before making your final decision.	כדאי <b>שתשקול</b> את ההצעה שלו לפני שתקבל את ההחלטה הסופית שלך.
17ed0a9ae420	4	context	הקשר	ההקשר	The <b>context</b> of the sentence helped me understand the difficult word.	<b>ההקשר</b> של המשפט עזר לי להבין את המילה הקשה.
95b2d855acb0	4	contrast	ניגוד; להוות ניגוד	בניגוד	The white paint was in stark <b>contrast</b> to the dark walls.	הצבע הלבן היה <b>בניגוד</b> חד לקירות הכהים.
0b826813ba16	4	coordinator	מתאם	המתאם	The <b>coordinator</b> organized the event and made sure everything worked.	<b>המתאם</b> ארגן את האירוע ווידא שהכול פועל כשורה.
d90d0f47c42b	4	cosmopolitan	קוסמופוליטי, רב-תרבותי, בעל אופי בין-לאומי	קוסמופוליטית	New York is a <b>cosmopolitan</b> city with people from many countries.	ניו יורק היא עיר <b>קוסמופוליטית</b> עם אנשים ממדינות רבות.
4b0295c7580c	4	course	מנה; קורס; מסלול	מנות	The dinner had three <b>courses</b>: soup, fish, and dessert.	בארוחת הערב היו שלוש <b>מנות</b>: מרק, דג וקינוח.
857c9fe93fda	4	creator	יוצר	היוצר	The <b>creator</b> of the video game became very rich and famous.	<b>היוצר</b> של משחק הווידאו הפך לעשיר ומפורסם מאוד.
6659c0bdd0c8	4	curse	קללה, לקלל	שהקללה	The old man's <b>curse</b> was said to bring bad luck forever.	נאמר <b>שהקללה</b> של הזקן מביאה מזל רע לנצח.
a255ff95622d	4	customize	להתאים באופן אישי	התאים אישית	He <b>customized</b> his bike by painting it blue and adding new handlebars.	הוא <b>התאים אישית</b> את האופניים שלו כשצבע אותם בכחול והוסיף כידון חדש.
f30958f9df9d	4	dare	להעיז, תעוזה; אתגר	מאתגר	I <b>dare</b> you to eat five hot peppers without water.	אני <b>מאתגר</b> אותך לאכול חמישה פלפלים חריפים בלי מים.
68d686576ec9	4	decorative	קישוטי, דקורטיבי	הקישוטית	The <b>decorative</b> frame made the simple picture look more elegant.	המסגרת <b>הקישוטית</b> גרמה לתמונה הפשוטה להיראות אלגנטית יותר.
c71f1a7b8391	4	deliver	למסור, לספק; לשאת (נאום); ליילד	ימסור	The courier will <b>deliver</b> your package by noon tomorrow.	השליח <b>ימסור</b> לך את החבילה עד הצהריים מחר.
b3e2dce0794f	4	dimension	ממד, מימד; היבט	המימד	Time is often called the fourth <b>dimension</b> in physics.	הזמן מכונה לעיתים קרובות <b>המימד</b> הרביעי בפיזיקה.
7560af377cbf	4	divide	לחלק	חילקה	She <b>divided</b> the pizza into four equal pieces for everyone.	היא <b>חילקה</b> את הפיצה לארבעה חלקים שווים לכולם.
0f41fbfac375	4	divorce	גירושין	להתגרש	The couple decided to <b>divorce</b> after ten years of unhappiness.	הזוג החליט <b>להתגרש</b> אחרי עשר שנים של אומללות.
38cbc22207f7	4	dominate	לשלוט	שלטה	The winning team <b>dominated</b> every game throughout the season.	הקבוצה המנצחת <b>שלטה</b> בכל משחק במהלך העונה.
ec8c664fcbe6	4	donate	לתרום	תרמו	Please <b>donate</b> your old clothes to charity instead of trash.	אנא <b>תרמו</b> את הבגדים הישנים שלכם לצדקה במקום לזרוק אותם.
416def30768b	4	duty	תפקיד, חובה	חובתך	It is your <b>duty</b> to help people when they are struggling.	זו <b>חובתך</b> לעזור לאנשים כשהם מתקשים.
f0caa87cd25b	4	earn	להרוויח; לזכות ב	מרוויחה	She <b>earns</b> a comfortable salary from her job at the bank.	היא <b>מרוויחה</b> משכורת נוחה מהעבודה שלה בבנק.
33cefa042fc3	4	earthquake	רעידת אדמה	רעידת האדמה	The <b>earthquake</b> damaged buildings and disrupted lives throughout the region.	<b>רעידת האדמה</b> פגעה בבניינים ושיבשה חיים ברחבי האזור.
f8ae539c183a	4	emperor	שליט, קיסר	הקיסר	The <b>emperor</b> ruled over a vast empire with millions of subjects.	<b>הקיסר</b> שלט באימפריה עצומה עם מיליוני נתינים.
e87e83c11c56	4	enable	לאפשר	מאפשרת	Modern technology <b>enables</b> us to communicate with people worldwide instantly.	הטכנולוגיה המודרנית <b>מאפשרת</b> לנו לתקשר עם אנשים בכל העולם באופן מיידי.
827d4dd2e182	4	enzyme	אנזים	אנזימים	<b>Enzymes</b> help break down food during the digestive process completely.	<b>אנזימים</b> מסייעים לפרק את המזון לחלוטין במהלך תהליך העיכול.
0410c3376991	4	epic	אפוס; אפי	האפוס	The ancient <b>epic</b> tells the incredible story of a hero's long journey.	<b>האפוס</b> העתיק מספר את סיפורו המדהים של המסע הארוך של הגיבור.
627d1bacb797	4	epidemic	מגיפה, אפידמיה	המגיפה	During the <b>epidemic</b>, hospitals were overwhelmed with seriously ill patients.	במהלך <b>המגיפה</b>, בתי החולים היו עמוסים בחולים במצב קשה.
ecdc08b25552	4	evidence	ראיה	הראיה	The <b>evidence</b> at the scene proved he was completely innocent.	<b>הראיה</b> בזירה הוכיחה שהוא חף מפשע לחלוטין.
290816a0ccc3	4	evolve	להתפתח	מתפתחים	Species <b>evolve</b> slowly over millions of years to adapt to environments.	מינים <b>מתפתחים</b> לאט על פני מיליוני שנים כדי להסתגל לסביבתם.
a130a3c6a6ef	4	examination	בחינה, בדיקה	לבחינה	She studied for weeks to prepare for the difficult final <b>examination</b>.	היא למדה שבועות כדי להתכונן <b>לבחינה</b> הסופית הקשה.
546cc5413533	4	examine	לבחון	בחן	The doctor <b>examined</b> her throat to see if it was infected.	הרופא <b>בחן</b> את הגרון שלה כדי לראות אם הוא נגוע.
ce4277439613	4	excite	לרגש, לעורר	ריגשו	The news about the surprise party <b>excited</b> the young children greatly.	החדשות על מסיבת ההפתעה <b>ריגשו</b> מאוד את הילדים הקטנים.
ad60d8265afc	4	exclusive	בלעדי; יוקרתי	הבלעדי	Only members with special invitations can enter this <b>exclusive</b> club here.	רק חברים עם הזמנות מיוחדות יכולים להיכנס למועדון <b>הבלעדי</b> הזה.
3ae2888aea90	4	expectations	ציפיות	הציפיות	Her <b>expectations</b> for the new job were high but realistic.	<b>הציפיות</b> שלה מהעבודה החדשה היו גבוהות אך ריאליות.
b8bdf09db460	4	explore	לחקור, ללמוד	חוקרים	Scientists <b>explore</b> caves to understand life in underground ecosystems completely.	מדענים <b>חוקרים</b> מערות כדי להבין לחלוטין את החיים במערכות האקולוגיות התת-קרקעיות.
17c41050f3b0	4	explosive	נפיץ, חומר נפץ	בחומרי נפץ	<b>Explosive</b> materials must be handled with extreme care and safety.	יש לטפל <b>בחומרי נפץ</b> בזהירות ובבטיחות מרביות.
274de7dd670d	4	export	ייצוא	מייצאת	Japan <b>exports</b> high-quality cars to countries around the entire world.	יפן <b>מייצאת</b> מכוניות איכותיות למדינות ברחבי העולם.
dee1eb7059c4	4	external	חיצוני	חיצוניים	<b>External</b> conditions like weather affect how plants grow and develop.	תנאים <b>חיצוניים</b> כמו מזג האוויר משפיעים על האופן שבו צמחים גדלים ומתפתחים.
41c82ff646d7	4	fairy	פיה	הפיה	The <b>fairy</b> waved her magic wand and disappeared into the forest.	<b>הפיה</b> נופפה בשרביטה הקסום ונעלמה ביער.
454cda136ede	4	fairytale	אגדה	האגדה	The <b>fairytale</b> told of a princess locked in a tall tower.	<b>האגדה</b> סיפרה על נסיכה כלואה במגדל גבוה.
d24ccc48baee	4	familiar	מוכר	המוכר	He instantly recognized the <b>familiar</b> voice of his childhood best friend.	הוא זיהה מיד את הקול <b>המוכר</b> של חברו הכי טוב מהילדות.
083322d9c133	4	fatal	קטלני, ממית; הרה-אסון, גורלי	הקטלנית	The <b>fatal</b> crash killed the driver instantly and injured two passengers.	התאונה <b>הקטלנית</b> הרגה את הנהג במקום ופצעה שני נוסעים.
d23d0669b331	4	fate	גורל, חרץ גורל	גורלם	Once they made that choice, their <b>fate</b> was sealed forever.	ברגע שקיבלו את ההחלטה הזו, <b>גורלם</b> נחתם לעד.
221b971a5200	4	filmmaker	יוצר סרטים	יוצרת הסרטים	The <b>filmmaker</b> spent three years directing her independent first movie.	<b>יוצרת הסרטים</b> בילתה שלוש שנים בבימוי סרטה העצמאי הראשון.
45d2ad797c30	4	flexible	גמיש	הגמישה	The <b>flexible</b> rubber band can stretch far without breaking easily.	הגומייה <b>הגמישה</b> יכולה להימתח הרבה בלי להישבר בקלות.
e796cbc1bc47	4	folklore	פולקלור; מסורת עממית	הפולקלור	<b>Folklore</b> includes myths and legends passed through generations by tradition.	<b>הפולקלור</b> כולל מיתוסים ואגדות שעוברים מדור לדור במסורת.
76070f80e404	4	fork	מזלג; הסתעפות	במזלג	Use a <b>fork</b> to eat the salad, not a big spoon.	השתמש <b>במזלג</b> כדי לאכול את הסלט, לא בכף גדולה.
31903d19c57b	4	formal	רשמי	רשמית	A <b>formal</b> dinner requires wearing nice clothes and excellent manners.	ארוחת ערב <b>רשמית</b> מחייבת בגדים נאים ונימוסים מצוינים.
8599a308ff27	4	fortune	מזל; עושר	במזל	By great <b>fortune</b>, she found the ring she had lost.	<b>במזל</b> גדול, היא מצאה את הטבעת שאיבדה.
893da5edba60	4	frustration	תסכול	התסכול	His <b>frustration</b> grew as the computer kept crashing repeatedly.	<b>התסכול</b> שלו גבר ככל שהמחשב המשיך לקרוס שוב ושוב.
a5cbcea7fbe0	4	fundamental	בסיסי (פונדמנטלי)	בסיסיים	Reading and math are <b>fundamental</b> skills for all students.	קריאה וחשבון הם כישורים <b>בסיסיים</b> לכל התלמידים.
070180872ae9	4	generate	לייצר, להפיק, ליצור	מייצרות	Wind turbines <b>generate</b> electricity for thousands of local homes.	טורבינות רוח <b>מייצרות</b> חשמל עבור אלפי בתים מקומיים.
b39cfbe1b54e	4	genre	ז'אנר, סוגה	הז אנר	Science fiction is her favorite <b>genre</b> because of adventure stories.	מדע בדיוני הוא <b>הז'אנר</b> האהוב עליה בזכות סיפורי ההרפתקאות.
8d7abac30c5b	4	given	נתון	בהינתן	<b>Given</b> the difficult circumstances, she made the best possible decision.	<b>בהינתן</b> הנסיבות הקשות, היא קיבלה את ההחלטה הטובה ביותר האפשרית.
e7eb040435f6	4	grammatical	דקדוקי	דקדוקית	Her essay was <b>grammatical</b>, but the ideas felt disorganized and unclear.	החיבור שלה היה תקין מבחינה <b>דקדוקית</b>, אך הרעיונות הרגישו לא מסודרים ולא ברורים.
804592c1a2b8	4	grand	גדול, כולל, מרשים	המרשים	The <b>grand</b> hotel had beautiful rooms and excellent service.	המלון <b>המרשים</b> הציע חדרים יפים ושירות מצוין.
24de4cc778d9	4	handle	לטפל, להתמודד; ידית	התמודדה	She <b>handled</b> the crisis calmly and solved all problems successfully.	היא <b>התמודדה</b> עם המשבר בשלווה ופתרה את כל הבעיות בהצלחה.
9e84456061ad	4	heartbeat	דופק, פעימות לב	הדופק	You can feel your <b>heartbeat</b> by placing your hand on your chest.	אתה יכול להרגיש את <b>הדופק</b> שלך אם תניח את היד על החזה.
7aa01dd58cd1	4	historian	היסטוריון	ההיסטוריון	The <b>historian</b> wrote a detailed book about ancient Roman life.	<b>ההיסטוריון</b> כתב ספר מפורט על החיים ברומא העתיקה.
5327202bc27a	4	hold back	להתאפק, לעכב, למנוע	תדחיק	Don't <b>hold back</b> your feelings; it's good to express yourself.	אל <b>תדחיק</b> את הרגשות שלך; טוב לבטא את עצמך.
6bd6ec9dcb65	4	horn	צופר; קרן (של בע"ח)	הצופר	The car's <b>horn</b> warned pedestrians that the driver was coming.	<b>הצופר</b> של המכונית הזהיר הולכי רגל שהנהג מתקרב.
a4dc2a2ab8d3	4	humorous	מצחיק, הומוריסטי	ההומוריסטיות	His <b>humorous</b> jokes made everyone at the party laugh loudly.	הבדיחות <b>ההומוריסטיות</b> שלו גרמו לכולם במסיבה לצחוק בקול רם.
ea15f2c4d51d	4	hybrid	כלאיים, היברידי	היברידית	The car is a <b>hybrid</b> that runs on both electricity and gasoline.	המכונית היא <b>היברידית</b> שפועלת הן על חשמל והן על בנזין.
ea60a4f61b34	4	iceberg	הר קרח	מהקרחון	The ship avoided the massive <b>iceberg</b> floating in the Arctic waters.	הספינה נמנעה <b>מהקרחון</b> הענק שצף במי הארקטיקה.
32900ac680d2	4	importance	חשיבות	החשיבות	The doctor explained the <b>importance</b> of drinking enough water every day.	הרופא הסביר את <b>החשיבות</b> של שתיית מספיק מים בכל יום.
a86588f6dc7c	4	improve	לשפר; להשתפר	ישפר	Daily practice will <b>improve</b> your skills significantly over time.	תרגול יומי <b>ישפר</b> את הכישורים שלך משמעותית עם הזמן.
7ec8dee939de	4	innocent	תמים; חף מפשע	התמים	The <b>innocent</b> child did not understand the complicated situation.	הילד <b>התמים</b> לא הבין את המצב המסובך.
35f62e5a24f3	4	inspire	לעורר השראה	יעורר השראה	Her success story will <b>inspire</b> many young people to pursue their dreams.	סיפור ההצלחה שלה <b>יעורר השראה</b> אצל צעירים רבים לרדוף אחר חלומותיהם.
2450cd7903a9	4	interact	ליצור אינטראקציה, לתקשר, להשפיע הדדית	מתקשרים	Students <b>interact</b> with each other during group projects in class.	תלמידים <b>מתקשרים</b> זה עם זה במהלך פרויקטים קבוצתיים בכיתה.
5bc7cb0a12a5	4	introduction	הקדמה, מבוא, היכרות	ההקדמה	The book's <b>introduction</b> explains the author's main ideas clearly.	<b>ההקדמה</b> של הספר מסבירה בבירור את הרעיונות המרכזיים של המחבר.
6c7972de619a	4	laboratory	מעבדה	במעבדה	The scientist conducted experiments in the <b>laboratory</b> each day.	המדען ביצע ניסויים <b>במעבדה</b> כל יום.
4e30663cbf15	4	legend	אגדה; מקרא מפה	האגדה	The <b>legend</b> says that a dragon once guarded this mountain.	<b>האגדה</b> מספרת שדרקון שמר פעם על ההר הזה.
14cd04112f51	4	load	מטען, להעמיס; לטעון	מעמיסים	Workers <b>load</b> the truck with boxes before departure.	עובדים <b>מעמיסים</b> את המשאית בקופסאות לפני היציאה.
5890237175b7	4	logic	הגיון	ההיגיון	Her <b>logic</b> for choosing that option made perfect sense.	<b>ההיגיון</b> שלה לבחירת האפשרות הזו היה מובן לחלוטין.
eeea98ed54b6	4	march	לצעוד	צועדים	Soldiers <b>march</b> in formation down the street during the parade.	חיילים <b>צועדים</b> במסדר לאורך הרחוב במהלך המצעד.
e671dafb61f1	4	marketing	שיווק, לשווק	השיווק	The <b>marketing</b> department created a new advertisement campaign.	מחלקת <b>השיווק</b> השיקה קמפיין פרסום חדש.
42fbf7bc7caf	4	mate	בן זוג, חבר; להזדווג	החבר	My <b>mate</b> helped me carry the heavy boxes up the stairs.	<b>החבר</b> שלי עזר לי לשאת את הקופסאות הכבדות במעלה המדרגות.
88cef83a48c7	4	mind	לשים לב, לשמור; שכל; אכפת	שים לב	<b>Mind</b> the gap when you exit the train.	<b>שים לב</b> לרווח כשאתה יורד מהרכבת.
8da27bb64e7d	4	missile	טיל	הטילים	The military tested the new <b>missile</b> system yesterday.	הצבא בדק אתמול את מערכת <b>הטילים</b> החדשה.
e23201bf3dc2	4	monument	אנדרטה	האנדרטה	The <b>monument</b> stands in the center of the town square.	<b>האנדרטה</b> ניצבת במרכז כיכר העיר.
fdc186d30080	4	motivate	לדרבן	מדרבנים	Good teachers <b>motivate</b> their students to work hard.	מורים טובים <b>מדרבנים</b> את התלמידים שלהם לעבוד קשה.
7e636f7dbf86	4	mountaintop	פסגת הר	מפסגת	From the <b>mountaintop</b>, you could see for miles around.	<b>מפסגת</b> ההר, אפשר היה לראות למרחקים גדולים סביב.
753c24542717	4	narrow	צר; לצמצם	הצר	The <b>narrow</b> hallway required us to walk single file.	המסדרון <b>הצר</b> חייב אותנו ללכת בטור עורפי.
012bd6434ff0	4	nickname	כינוי	הכינוי	His <b>nickname</b> was Tiger because he was so competitive.	<b>הכינוי</b> שלו היה טיגריס כי הוא היה תחרותי מאוד.
2efde8e5ae2e	4	numeric	מספרי	המספרי	The <b>numeric</b> code on the package contains important information.	הקוד <b>המספרי</b> על החבילה מכיל מידע חשוב.
ce72e0bfeef2	4	nut	אגוז	האגוז	She cracked the <b>nut</b> with a special metal tool.	היא פיצחה את <b>האגוז</b> בכלי מתכת מיוחד.
55c5eb817ff8	4	olive	זית	הזית	The <b>olive</b> trees grew throughout the Mediterranean region.	עצי <b>הזית</b> צמחו ברחבי אזור הים התיכון.
c828f42381ea	4	operation	ניתוח; מבצע, פעולה	לניתוח	She needs an <b>operation</b> to fix her injured knee.	היא זקוקה <b>לניתוח</b> כדי לתקן את הברך הפצועה שלה.
e8d4e8b77f77	4	overall	כולל, באופן כללי	הכוללת	The <b>overall</b> quality of the meal was excellent.	האיכות <b>הכוללת</b> של הארוחה הייתה מצוינת.
cbc5688a5ee8	4	painter	צייר	הצייר	The famous <b>painter</b> displayed his work at the gallery.	<b>הצייר</b> המפורסם הציג את עבודתו בגלריה.
3513b5590a29	4	party	מפלגה; מסיבה	המפלגה	The new political <b>party</b> held its first public meeting last week.	<b>המפלגה</b> הפוליטית החדשה קיימה את המפגש הציבורי הראשון שלה בשבוע שעבר.
43b5caef4cc7	4	pathology	פתולוגיה, ענף ברפואה	הפתולוגיה	The <b>pathology</b> report confirmed that the tumor was not cancerous.	דוח <b>הפתולוגיה</b> אישר שהגידול אינו סרטני.
6c5b2e4217ef	4	penalty	עונש; קנס	עונשין	The referee gave a <b>penalty</b> kick to the other team.	השופט נתן בעיטת <b>עונשין</b> לקבוצה היריבה.
00f3d418f4c5	4	post	להציב, למנות ; עמדה, משרה, תפקיד; עמוד; לפרסם ; פרסום; לשלוח בדואר ; דואר	מינתה	The company <b>posted</b> her to a new branch in another city.	החברה <b>מינתה</b> אותה לסניף חדש בעיר אחרת.
bd4e7baa4eec	4	pregnancy	הריון	ההריון	She experienced severe morning sickness during the early months of her <b>pregnancy</b>.	היא סבלה מבחילות בוקר קשות בחודשים הראשונים של <b>ההריון</b> שלה.
0ac046828dc6	4	preparation for	הכנות לקראת	ההכנות לקראת	<b>Preparation for</b> the concert required weeks of hard practice.	<b>ההכנות לקראת</b> ההופעה דרשו שבועות של תרגול קשה.
e83d76301037	4	presence	נוכחות	נוכחותה	Her <b>presence</b> in the room made everyone feel calm.	<b>נוכחותה</b> בחדר גרמה לכולם להרגיש רגועים.
ebb6fff0deea	4	pretend	להעמיד פנים	מעמידים פנים	Children often <b>pretend</b> to be superheroes when they play in the yard.	ילדים לעיתים קרובות <b>מעמידים פנים</b> שהם גיבורי על כשהם משחקים בחצר.
e53106d81450	4	previously	הקודם, לפני-כן	לפני כן	We <b>previously</b> discussed this issue at last month's meeting.	דנו בנושא הזה <b>לפני כן</b> בפגישה של החודש שעבר.
1ed4db67e717	4	priest	כומר; כהן	הכומר	The <b>priest</b> performed the wedding ceremony in the old stone church.	<b>הכומר</b> ערך את טקס החתונה בכנסיית האבן העתיקה.
ac10f383fc4d	4	prime	ראשוני, עיקרי, מובחר	העיקרית	The <b>prime</b> reason for the meeting was to discuss the budget cuts.	הסיבה <b>העיקרית</b> לפגישה הייתה לדון בקיצוצים בתקציב.
c4a10819d713	4	primitive	קדום, חסר תרבות	קדומים	<b>Primitive</b> humans hunted animals with simple stone tools and spears.	בני אדם <b>קדומים</b> צדו חיות בעזרת כלי אבן וחניתות פשוטים.
16ce3a9230a1	4	prove	להוכיח; להתברר	הוכיח	The scientist <b>proved</b> his theory was correct through careful experiments.	המדען <b>הוכיח</b> שהתאוריה שלו נכונה באמצעות ניסויים קפדניים.
c55d7faacd41	4	publish	לפרסם, להוציא לאור	פרסמה	The author <b>published</b> her novel after working on it for five years.	הסופרת <b>פרסמה</b> את הרומן שלה אחרי שעבדה עליו חמש שנים.
2b90290e3291	4	purchase	לקנות, לרכוש	קניתי	I <b>purchased</b> a new laptop computer for work yesterday.	<b>קניתי</b> מחשב נייד חדש לצורכי עבודה אתמול.
b77a03c17b2f	4	quote	ציטוט	בציטוט	She began her essay with a famous <b>quote</b> from a poet.	היא פתחה את החיבור שלה <b>בציטוט</b> מפורסם של משורר.
8b31a14a7daa	4	race	מרוץ; גזע	למרוץ	The runners prepared for the <b>race</b> by stretching and warming up.	הרצים התכוננו <b>למרוץ</b> באמצעות מתיחות וחימום.
e2b48fe10775	4	rainfall	ירידת גשמים	ירידת הגשמים	The <b>rainfall</b> last week was heavy enough to cause some flooding.	<b>ירידת הגשמים</b> בשבוע שעבר הייתה חזקה מספיק כדי לגרום להצפות.
45ecdad770e4	4	rank	דרגה	בדרגת	She earned the <b>rank</b> of captain after serving in the military.	היא זכתה <b>בדרגת</b> קפטן אחרי ששירתה בצבא.
d06bf05a04d2	4	rapid	מהיר; אשד, זרם מים מהיר בנהר	מהירים	The river had <b>rapid</b> currents that made crossing very dangerous.	לנהר היו זרמים <b>מהירים</b> שהפכו את החצייה למסוכנת מאוד.
386eacbdc705	4	rational	הגיוני, רציונאלי	ההגיונית	His <b>rational</b> approach to the problem helped solve it quickly.	הגישה <b>ההגיונית</b> שלו לבעיה עזרה לפתור אותה במהירות.
46565500ed89	4	reader	קורא	הקורא	The <b>reader</b> finished the book in just two days.	<b>הקורא</b> סיים את הספר תוך יומיים בלבד.
e192f6dd939d	4	rebel	מורד	המורד	The <b>rebel</b> refused to follow the strict rules of his boarding school.	<b>המורד</b> סירב לציית לכללים המחמירים של הפנימייה שלו.
90d29b5f8a95	4	recordings	הקלטות	ההקלטות	The <b>recordings</b> of the concert were released as an album.	<b>ההקלטות</b> של הקונצרט שוחררו כאלבום.
e4d4159b10a6	4	recycle	למחזר	ממחזרים	We <b>recycle</b> paper, plastic, and glass to protect the environment.	אנחנו <b>ממחזרים</b> נייר, פלסטיק וזכוכית כדי לשמור על הסביבה.
4176d3b245c1	4	redhead	ג'ינג'י (סלנג)	הג ינג ית	The <b>redhead</b> stood out in the crowd with her bright red hair.	<b>הג'ינג'ית</b> בלטה בקהל עם שיערה האדום הבוהק.
8c78c551f6c9	4	reform	שינוי, רפורמה	הרפורמה	The new education <b>reform</b> changed how schools teach mathematics.	<b>הרפורמה</b> החינוכית החדשה שינתה את אופן הוראת המתמטיקה בבתי הספר.
444e4ef28eed	4	regret	להצטער, להתחרט, חרטה	מתחרט	I <b>regret</b> not calling my grandmother before she moved away.	אני <b>מתחרט</b> שלא התקשרתי לסבתא שלי לפני שעברה דירה.
2b27435a33d4	4	relations	יחסים	היחסים	The business <b>relations</b> between the two companies are improving.	<b>היחסים</b> העסקיים בין שתי החברות משתפרים.
5f2232a79a11	4	reorganize	לארגן מחדש	ארגנו מחדש	We <b>reorganized</b> the files to make them easier to find.	<b>ארגנו מחדש</b> את הקבצים כדי שיהיה קל יותר למצוא אותם.
8d66b3e368e4	4	replacement	מחליף	המחליף	His <b>replacement</b> started work on Monday at the company.	<b>המחליף</b> שלו התחיל לעבוד בחברה ביום שני.
c265ff552fe2	4	reply	להשיב	השיבה	She <b>replied</b> to his email within an hour of receiving it.	היא <b>השיבה</b> למייל שלו תוך שעה מרגע קבלתו.
a801501df2a4	4	resource	משאב	המשאב	Water is our most important natural <b>resource</b> for survival.	מים הם <b>המשאב</b> הטבעי החשוב ביותר שלנו להישרדות.
f9dee7b41179	4	rest	מנוחה; יתר, שאר	למנוחה	After the long trip, she needed <b>rest</b> to recover.	אחרי הנסיעה הארוכה היא נזקקה <b>למנוחה</b> כדי להתאושש.
b9caeddf23f7	4	retroactive	רטרואקטיבי, למפרע	רטרואקטיבית	The pay raise was <b>retroactive</b> to January of this year.	העלאת השכר הייתה <b>רטרואקטיבית</b> לינואר של השנה הזו.
2b9b4c59f572	4	rough	קשה, מחוספס	המחוספס	The <b>rough</b> surface of the stone hurt his skin.	המשטח <b>המחוספס</b> של האבן פצע את עורו.
4276f5880539	4	ruin	להרוס; חורבה	הרסו	Poor decisions <b>ruined</b> his chances of getting a good job.	החלטות גרועות <b>הרסו</b> את סיכוייו לקבל עבודה טובה.
ab7ba5f9c34b	4	sacrifice	להקריב, קורבן	מקריבים	Parents <b>sacrifice</b> their time and money for their children.	הורים <b>מקריבים</b> את זמנם וכספם למען ילדיהם.
54b0918f45c7	4	savanna	ערבה, סוואנה	בסוואנה	Many wild animals live in the African <b>savanna</b>.	חיות בר רבות חיות <b>בסוואנה</b> האפריקאית.
e8974581fb1a	4	seek	לחפש, לתור אחר; לשאוף ל-; לבקש	מחפשת	The police <b>seek</b> information about the missing person.	המשטרה <b>מחפשת</b> מידע על האדם הנעדר.
a767081b2a7a	4	segment	קטע, מקטע	הקטע	The final <b>segment</b> of the show featured surprising interviews with the winners.	<b>הקטע</b> האחרון של התוכנית כלל ראיונות מפתיעים עם הזוכים.
d69ee5f9f8f5	4	select	לבחור	בוחרים	Students <b>select</b> which classes they want to take next year.	תלמידים <b>בוחרים</b> באילו שיעורים הם רוצים ללמוד בשנה הבאה.
a305e68bbddf	4	self-confidence	בטחון-עצמי	הביטחון העצמי	Her <b>self</b>-confidence grew as she practiced the piano.	<b>הביטחון העצמי</b> שלה גדל ככל שתרגלה בפסנתר.
858ce2b26457	4	separation	הפרדה; פרידה	ההפרדה	The <b>separation</b> of the two groups made them feel unhappy.	<b>ההפרדה</b> בין שתי הקבוצות גרמה להן להרגיש לא מרוצות.
4bd8588e289e	4	shelf (shelves)	מדף (מדפים)	המדף	The <b>shelf</b> in the kitchen held many plates and dishes.	<b>המדף</b> במטבח החזיק צלחות וכלים רבים.
34f18d3af1fa	4	shift	שינוי, משמרת; להזיז	במשמרת	She works the night <b>shift</b> at the hospital.	היא עובדת <b>במשמרת</b> הלילה בבית החולים.
372f71d50d64	4	side effect	תופעת לוואי	לתופעות לוואי	The medicine helped his illness but had bad <b>side effects</b>.	התרופה עזרה למחלתו אך גרמה <b>לתופעות לוואי</b> לא נעימות.
195c78857ed9	4	sight	ראייה, כוונת; מראה	הראייה	His <b>sight</b> improved greatly after doctors performed surgery on his damaged eye.	<b>הראייה</b> שלו השתפרה מאוד אחרי שהרופאים ניתחו את עינו הפגועה.
3a6f06bde6af	4	slavery	עבדות	העבדות	<b>Slavery</b> was abolished in the United States in eighteen sixty-five.	<b>העבדות</b> בוטלה בארצות הברית בשנת אלף שמונה מאות שישים וחמש.
62c550a17623	4	speaker	דובר; רמקול	הדובר	The <b>speaker</b> at the conference was a famous scientist.	<b>הדובר</b> בכנס היה מדען מפורסם.
28482c577357	4	spread	התפשטות, פיזור; ממרח, למרוח	התפשטה	The fire <b>spread</b> quickly through the old wooden building.	האש <b>התפשטה</b> במהירות דרך הבניין העץ הישן.
97804b139230	4	stadium	אצטדיון	האצטדיון	Thousands of fans filled the <b>stadium</b> to watch the game.	אלפי אוהדים מילאו את <b>האצטדיון</b> כדי לצפות במשחק.
9b5e423d19b2	4	stamina	כושר עמידה, סיבולת	לסיבולת	Long-distance runners need great <b>stamina</b> to finish the race.	רצי מרחקים ארוכים זקוקים <b>לסיבולת</b> רבה כדי לסיים את המרוץ.
4a47789e2d1b	4	statement	הצהרה	ההצהרה	The company's <b>statement</b> addressed customer complaints about the late deliveries.	<b>ההצהרה</b> של החברה התייחסה לתלונות לקוחות על משלוחים מאוחרים.
7ff5cb074fed	4	study	ללמוד, מחקר; חדר עבודה	המחקר	His <b>study</b> showed that exercise improves mental health.	<b>המחקר</b> שלו הראה שפעילות גופנית משפרת את הבריאות הנפשית.
59daa1285ba5	4	subject	נושא; נתין, אזרח; נבדק; להכפיף, לחשוף ל-; נתון ל-, כפוף ל-	הנושא	The <b>subject</b> of today's lesson is ancient Egyptian history.	<b>הנושא</b> של השיעור היום הוא ההיסטוריה של מצרים העתיקה.
5ac1835d5249	4	sundown	שקיעה	השקיעה	We must return before <b>sundown</b> or we will be trapped.	עלינו לחזור לפני <b>השקיעה</b> אחרת נהיה תקועים.
20654d393cf7	4	surface	משטח, פני שטח; לצוף	פני השטח	The <b>surface</b> of the lake was smooth and calm.	<b>פני השטח</b> של האגם היו חלקים ושקטים.
6057ec004215	4	surprisingly	במפתיע	מפתיעה	The news arrived <b>surprisingly</b> fast, which shocked everyone that evening.	החדשות הגיעו במהירות <b>מפתיעה</b>, מה שהדהים את כולם באותו ערב.
d9687b2be537	4	suspect	חשוד (מישהו); לחשוד	החשוד	The main <b>suspect</b> in the robbery was arrested outside the museum.	<b>החשוד</b> העיקרי בשוד נעצר מחוץ למוזיאון.
ab4d5e4f9832	4	symbolize	לסמל	מסמלת	The dove <b>symbolizes</b> peace in many books, movies, and works of art.	היונה <b>מסמלת</b> שלום בהרבה ספרים, סרטים ויצירות אמנות.
5eca29c72dd1	4	symmetry	סימטריה, התאמה	הסימטריה	The building's perfect <b>symmetry</b> showed identical design on both sides.	<b>הסימטריה</b> המושלמת של הבניין הראתה עיצוב זהה משני הצדדים.
d0f6f9b20177	4	tact	טקט	בטקט	She used <b>tact</b> to tell her friend the dress didn't look flattering.	היא השתמשה <b>בטקט</b> כדי לספר לחברתה שהשמלה לא הלמה אותה.
dd2ae1fab161	4	take place	להתרחש, התרחש; להתקיים	יתרחש	The concert will <b>take place</b> in the city next Friday evening.	הקונצרט <b>יתרחש</b> בעיר ביום שישי הבא בערב.
b58c3399d614	4	teach, taught	ללמד, לימד	לימדה	My grandmother <b>taught</b> me to cook using her own secret recipes.	סבתי <b>לימדה</b> אותי לבשל לפי המתכונים הסודיים שלה.
d36af3bf7cc8	4	terms	מונחים; תנאים	במונחים	Scientists use many specific <b>terms</b> that beginners find hard to understand.	מדענים משתמשים <b>במונחים</b> ספציפיים רבים שקשה למתחילים להבין.
288bdc981de9	4	texture	מרקם, טקסטורה	המרקם	The <b>texture</b> of velvet feels incredibly smooth under your fingers.	<b>המרקם</b> של הקטיפה מרגיש חלק להפליא תחת האצבעות.
ba898515fd3f	4	therefore	לכן	ולכן	It rained yesterday; <b>therefore</b>, the soccer game was moved to tomorrow.	אתמול ירד גשם, <b>ולכן</b> משחק הכדורגל נדחה למחר.
820ce6110922	4	tight	הדוק, לחוץ, צמוד	הדוקות	These shoes are so <b>tight</b> that my toes hurt when walking.	הנעליים האלה כל כך <b>הדוקות</b> שהאצבעות שלי כואבות כשאני הולך.
e746dfc5c317	4	timeline	ציר זמן	ציר הזמן	The <b>timeline</b> showed our project took exactly two years to finish.	<b>ציר הזמן</b> הראה שהפרויקט שלנו לקח בדיוק שנתיים להשלמה.
89d51f4305db	4	trade	להחליף; לסחור, מסחר	סוחרות	Countries <b>trade</b> oil and wheat to get resources they need.	מדינות <b>סוחרות</b> בנפט ובחיטה כדי להשיג משאבים שהן צריכות.
810cdc7eda82	4	trance	טראנס, מצב היפנוטי	לטראנס	The hypnotist put the volunteer into a <b>trance</b> using his voice.	ההיפנוטיזר הכניס את המתנדב <b>לטראנס</b> באמצעות קולו.
f6751ed74f8d	4	transform	לשנות צורה, להפוך ל-	יהפוך	A caterpillar will <b>transform</b> into a butterfly in just a few weeks.	זחל <b>יהפוך</b> לפרפר תוך שבועות ספורים בלבד.
71e75d79b5bf	4	translator	מתרגם	המתרגם	The <b>translator</b> worked through the night to finish the translation.	<b>המתרגם</b> עבד כל הלילה כדי לסיים את התרגום.
fa4d5013c65a	4	treat	להתייחס; פינוק, ממתק; לפנק	מתייחסים	My parents <b>treat</b> me as an adult when I show responsibility.	ההורים שלי <b>מתייחסים</b> אליי כמו למבוגר כשאני מגלה אחריות.
5a90e68f41e5	4	tropical	טרופי	טרופיות	<b>Tropical</b> birds have bright colors and live in very warm regions.	לציפורים <b>טרופיות</b> יש צבעים בהירים והן חיות באזורים חמים מאוד.
920ee3d9dc0f	4	unclear	לא ברור	לא ברורות	His instructions were so <b>unclear</b> that everyone felt lost and confused.	ההוראות שלו היו כל כך <b>לא ברורות</b> שכולם הרגישו אבודים ומבולבלים.
9c8366e43c75	4	universe	יקום	היקום	Scientists study the <b>universe</b> to understand stars, galaxies, and space.	מדענים חוקרים את <b>היקום</b> כדי להבין כוכבים, גלקסיות וחלל.
289e7aadde15	4	unofficial	בלתי רשמי	הבלתי רשמי	The <b>unofficial</b> report suggested major problems, but management denied everything.	הדוח <b>הבלתי רשמי</b> רמז על בעיות חמורות, אך ההנהלה הכחישה הכול.
2e4f10ad77ab	4	unrealistic	לא מציאותי	לא מציאותית	Your plan is <b>unrealistic</b> because you don't have enough money.	התוכנית שלך <b>לא מציאותית</b> כי אין לך מספיק כסף.
738c6c38f7b5	4	unwanted	לא רצוי	לא רצויים	Several <b>unwanted</b> guests showed up at the party without invitation.	כמה אורחים <b>לא רצויים</b> הופיעו במסיבה בלי הזמנה.
ca0793a99190	4	valley	עמק	העמק	The <b>valley</b> between the mountains was green and full of trees.	<b>העמק</b> שבין ההרים היה ירוק ומלא עצים.
ebb50515d4c1	4	verbal	ורבלי, מילולי; בעל פה	המילולי	The <b>verbal</b> agreement should be written down to prevent disputes.	יש לתעד בכתב את ההסכם <b>המילולי</b> כדי למנוע חילוקי דעות.
d859d724cd4b	4	veteran	ותיק; חייל משוחרר, יוצא צבא	הוותיק	The <b>veteran</b> actor has performed on stage for fifty years successfully.	השחקן <b>הוותיק</b> הופיע על הבמה במשך חמישים שנה בהצלחה.
0b05eab42dc2	4	view	דעה, השקפה; נוף, מראה; שדה ראייה; לראות, לצפות; להתייחס ל-	דעתי	My <b>view</b> is that this restaurant serves the best food.	<b>דעתי</b> היא שהמסעדה הזו מגישה את האוכל הטוב ביותר.
0d9be72a7b3c	4	villain	רשע, נבל	הנבל	The <b>villain</b> in the story tried to steal the valuable diamond.	<b>הנבל</b> בסיפור ניסה לגנוב את היהלום היקר.
8af2d350e9f6	4	wagon	עגלה	העגלה	The farmer loaded hay into the <b>wagon</b> for transport to the barn.	האיכר טען חציר על <b>העגלה</b> להובלה אל האסם.
16120f9b2f13	4	waste	בזבוז, לבזבז; הפסולת	תבזבז	Don't <b>waste</b> time on video games when you should study.	אל <b>תבזבז</b> זמן על משחקי מחשב כשאתה צריך ללמוד.
639f869f0524	4	waterfall	מפל	המפל	The <b>waterfall</b> dropped hundreds of feet into a pool of water.	<b>המפל</b> צנח מגובה של עשרות מטרים אל תוך בריכת מים.
33d98b9106a7	4	weaken	להחליש	יחליש	Lack of sleep will <b>weaken</b> your body and affect your thinking.	חוסר שינה <b>יחליש</b> את גופך וישפיע על החשיבה שלך.
491df98a3ac4	4	whale	לוויתן	לווייתן	A blue <b>whale</b> is larger than any animal living on land.	<b>לווייתן</b> כחול גדול מכל חיה אחרת החיה על היבשה.
2a48b700b325	4	wherever	בכל מקום, לא משנה היכן	לא משנה לאן	<b>Wherever</b> you travel, remember to stay safe and watch your luggage.	<b>לא משנה לאן</b> תיסע, זכור לשמור על עצמך ולהשגיח על המזוודות שלך.
04b6b4eef646	4	wonder	לתהות, להטיל ספק; פלא	תוהה	I <b>wonder</b> whether she will come to the party or not.	אני <b>תוהה</b> אם היא תגיע למסיבה או לא.
7aa7fe778059	4	woods	יער	ביער	The children got lost in the <b>woods</b> during their hiking trip.	הילדים הלכו לאיבוד <b>ביער</b> במהלך טיול הליכה.
197ae8618d69	5	abroad	חו"ל	בחו ל	She studied <b>abroad</b> in France for one full year during college.	היא למדה <b>בחו"ל</b> בצרפת במשך שנה שלמה במהלך הלימודים.
efdbd24b7344	5	acceptable	מקובל	מקובלת	Your work is <b>acceptable</b>, although you can still improve quality.	העבודה שלך <b>מקובלת</b>, אף שאתה יכול עדיין לשפר את האיכות.
dc4c30744ac6	5	achieve	להשיג	השיגה	She <b>achieved</b> her goal of running a marathon after training.	היא <b>השיגה</b> את מטרתה לרוץ מרתון אחרי אימונים.
c5502f1abd72	5	activate	להפעיל	הפעל	<b>Activate</b> the security system before you leave the house tonight.	<b>הפעל</b> את מערכת האבטחה לפני שאתה עוזב את הבית הלילה.
4b6a4a3483a0	5	adapt	להתאים; לעבד; להסתגל	עיבד	The director <b>adapted</b> the popular novel into a two-hour movie.	הבמאי <b>עיבד</b> את הרומן הפופולרי לסרט בן שעתיים.
5661313f99c1	5	addition	תוספת, הוספה	בנוסף	In <b>addition</b> to lunch, we ordered dessert and coffee too.	<b>בנוסף</b> לארוחת הצהריים, הזמנו גם קינוח וקפה.
31eafab62ed7	5	affect	להשפיע	ישפיע	Bad weather will definitely <b>affect</b> tomorrow's soccer game and schedule.	מזג אוויר גרוע <b>ישפיע</b> בהחלט על משחק הכדורגל של מחר ועל לוח הזמנים.
81f3759a235d	5	afterwards	לאחר מכן	ולאחר מכן	We watched the movie, and <b>afterwards</b> we went out to dinner.	צפינו בסרט, <b>ולאחר מכן</b> יצאנו לארוחת ערב.
c9a0578655ba	5	annoy	להרגיז, להציק	יציק	The loud noise will <b>annoy</b> all the students studying in libraries.	הרעש החזק <b>יציק</b> לכל התלמידים שלומדים בספריות.
259c7aebd9a5	5	apply	ליישם, להחיל; לחול על; להגיש בקשה, לפנות	מיישמים	Teachers <b>apply</b> new methods to help students learn math better.	מורים <b>מיישמים</b> שיטות חדשות כדי לעזור לתלמידים ללמוד מתמטיקה טוב יותר.
4d68fe7d2f89	5	approve	לאשר	יאשר	The boss will <b>approve</b> the budget if the numbers make sense.	הבוס <b>יאשר</b> את התקציב אם המספרים יהיו הגיוניים.
576c033d73b8	5	arrange	לסדר; לארגן	סידרה	She <b>arranged</b> the flowers beautifully in a vase on the table.	היא <b>סידרה</b> את הפרחים בצורה יפה באגרטל על השולחן.
71851c5de31b	5	artificial	מלאכותי	מלאכותיים	The cake was decorated with <b>artificial</b> flowers made of colored plastic.	העוגה קושטה בפרחים <b>מלאכותיים</b> העשויים פלסטיק צבעוני.
cb3da39bf39b	5	athlete	ספורטאי, אתלט	הספורטאי	The <b>athlete</b> trained hard for the Olympic competition.	<b>הספורטאי</b> התאמן קשה לקראת התחרות האולימפית.
37f7d1cc40d0	5	attach	לצרף, לחבר, לייחס	חיברה	She <b>attached</b> a photo to the email message.	היא <b>חיברה</b> תמונה להודעת האימייל.
95de237fcafc	5	attract	למשוך	משכה	The new store <b>attracted</b> many customers on opening day.	החנות החדשה <b>משכה</b> הרבה לקוחות ביום הפתיחה.
7937fb198ed4	5	attraction	משיכה; אטרקציה	המשיכה	The amusement park's biggest <b>attraction</b> is the roller coaster.	<b>המשיכה</b> הגדולה ביותר בפארק השעשועים היא הרכבת ההרים.
cb34efd7849c	5	autumn	סתיו	בסתיו	In <b>autumn</b>, the leaves change to gold and red.	<b>בסתיו</b>, העלים משנים צבע לזהוב ואדום.
61d5e81c88a5	5	awkward	מגושם; מוזר, מביך	המגושמות	His <b>awkward</b> dance moves made the whole party laugh.	תנועות הריקוד <b>המגושמות</b> שלו גרמו לכל המסיבה לצחוק.
79c5bba1d448	5	baggage	מטען, מזוודה	המטען	She packed her <b>baggage</b> before the airplane trip.	היא ארזה את <b>המטען</b> שלה לפני טיסת המטוס.
07eefb7fb129	5	baker	אופה	האופה	The <b>baker</b> made fresh bread every single morning.	<b>האופה</b> הכין לחם טרי בכל בוקר.
5e1bab35ec70	5	ban	חרם, איסור	אסרה	The government <b>banned</b> plastic bags throughout the country.	הממשלה <b>אסרה</b> על שקיות פלסטיק בכל רחבי המדינה.
1309739628cb	5	bass	בס (במוזיקה)	הבס	The <b>bass</b> line gave the rock song depth.	קו <b>הבס</b> העניק לשיר הרוק עומק.
04925b36f0ee	5	beside	ליד	לידי	She sat <b>beside</b> me on the crowded bus.	היא ישבה <b>לידי</b> באוטובוס הצפוף.
29573a585e33	5	blade	להב	הלהב	The sharp <b>blade</b> cut through the thin paper.	<b>הלהב</b> החד חתך את הנייר הדק.
6a63956349e5	5	blank	ריק, רווח	הריק	I stared at the <b>blank</b> wall for hours.	בהיתי בקיר <b>הריק</b> במשך שעות.
e5461994bd08	5	boost	להגביר, דחף, המריץ	תמריץ	The new program will <b>boost</b> our company sales.	התוכנית החדשה <b>תמריץ</b> את המכירות של החברה שלנו.
af0390768563	5	bore	לשעמם, שעמום; לקדוח (חור)	שיעמם	That story about rocks <b>bored</b> me to death.	הסיפור הזה על סלעים <b>שיעמם</b> אותי עד מוות.
a3b5ff4b6d05	5	bounce	לקפץ, ניתור	קפץ	The rubber ball <b>bounced</b> off the brick wall.	כדור הגומי <b>קפץ</b> מקיר הלבנים.
827811df7f33	5	brick	לבנה	מלבנים	The old wall is made of red <b>brick</b>.	הקיר הישן עשוי <b>מלבנים</b> אדומות.
94bf8202102a	5	budget	תקציב, לתקצב	מתקצבת	She carefully <b>budgets</b> her money for weekly groceries.	היא <b>מתקצבת</b> בקפידה את הכסף שלה לקניות השבועיות.
e1d15eb9c6e2	5	bully	בריון; להציק	הבריון	The class <b>bully</b> always took the smaller kids' lunch money.	<b>הבריון</b> של הכיתה תמיד לקח את כסף הצהריים של הילדים הקטנים.
c34d515c8bc8	5	bury	לקבור	קברו	They <b>buried</b> the golden treasure in the ground.	הם <b>קברו</b> את האוצר הזהוב באדמה.
bc7626b32367	5	cabin	תא, בקתה	בבקתה	They stayed in a <b>cabin</b> by the lake.	הם התארחו <b>בבקתה</b> ליד האגם.
a4d18466fa16	5	cage	כלוב, לכלוא	הכלוב	The bright bird sang from inside its <b>cage</b>.	הציפור הצבעונית שרה מתוך <b>הכלוב</b> שלה.
2ae8423fe2b3	5	cashier	קופאי	הקופאי	The friendly <b>cashier</b> scanned my items at checkout.	<b>הקופאי</b> הידידותי סרק את הפריטים שלי בקופה.
17fe14915b69	5	cathedral	קתדרלה	הקתדרלה	The <b>cathedral</b> contains beautiful and colorful stained glass.	<b>הקתדרלה</b> מכילה חלונות ויטראז' יפים וצבעוניים.
7b476f517e83	5	charity	צדקה	לצדקה	She donated money to <b>charity</b> every single year.	היא תרמה כסף <b>לצדקה</b> בכל שנה.
84304fd4f233	5	charm	קסם	הקסם	Despite saying very little, his natural <b>charm</b> made everyone like him instantly.	למרות שדיבר מעט מאוד, <b>הקסם</b> הטבעי שלו גרם לכולם לחבב אותו מיד.
b7432f529dd2	5	cheerful	עליז, שמח	עליזה	She had a <b>cheerful</b> attitude every single morning.	הייתה לה גישה <b>עליזה</b> בכל בוקר.
b3130bca4d24	5	cliff	צוק	הצוק	The brave hiker stood at the <b>cliff's</b> edge.	המטייל האמיץ עמד בקצה <b>הצוק</b>.
41abd55b886a	5	climate	אקלים	האקלים	The tropical <b>climate</b> is very hot and humid.	<b>האקלים</b> הטרופי חם ולח מאוד.
c8e8918d65b3	5	column	טור; עמוד	בטורים	The numbers are all arranged in neat <b>columns</b>.	המספרים מסודרים כולם <b>בטורים</b> מסודרים.
e5dc6e806dd0	5	commercial	מסחרי; סרטון פרסומת	המסחרי	She works in the <b>commercial</b> real estate business.	היא עובדת בתחום הנדל"ן <b>המסחרי</b>.
9bbba49cf0ba	5	commit	ביצוע/ לבצע; להתחייב	ביצע	He <b>committed</b> a serious crime against the law.	הוא <b>ביצע</b> פשע חמור נגד החוק.
3d0afa909ae0	5	complain	להתלונן	התלוננה	She <b>complained</b> about the poor service at work.	היא <b>התלוננה</b> על השירות הגרוע בעבודה.
1e5e91b07c27	5	concentrate	להתרכז	התרכז	He <b>concentrated</b> very hard while solving the tricky puzzle.	הוא <b>התרכז</b> מאוד בזמן פתרון החידה המסובכת.
c434e3e2b331	5	confident	בטוח בעצמו; בטוח	בטוחה בעצמה	She felt very <b>confident</b> before the big presentation.	היא הרגישה מאוד <b>בטוחה בעצמה</b> לפני המצגת הגדולה.
0d09b4ff2f7c	5	conservative	שמרני	שמרנית	She made a <b>conservative</b> estimate of how much the trip would cost.	היא ערכה הערכה <b>שמרנית</b> לגבי עלות הטיול.
aeaabcc05d7c	5	conspiracy	קשר, מזימה	הקשר	The office <b>conspiracy</b> involved three employees secretly stealing supplies.	<b>הקשר</b> במשרד כלל שלושה עובדים שגנבו ציוד בסתר.
8c127701b804	5	constant	קבוע, רצוף	הקבוע	The <b>constant</b> noise kept me awake all night.	הרעש <b>הקבוע</b> השאיר אותי ער כל הלילה.
b0d0dc36827c	5	consult	להתייעץ; לעיין ב	התייעצה	She <b>consulted</b> an experienced lawyer about the contract.	היא <b>התייעצה</b> עם עורך דין מנוסה לגבי החוזה.
de3e0232a337	5	contain	להכיל, מכיל; לבלום	הכילה	The wooden box <b>contained</b> dozens of old handwritten letters.	קופסת העץ <b>הכילה</b> עשרות מכתבים ישנים כתובים ביד.
c610b0f42e36	5	continent	יבשת	כיבשת	Africa is known as the hottest <b>continent</b> on Earth.	אפריקה ידועה <b>כיבשת</b> החמה ביותר בעולם.
6f0b5fc559c1	5	convert	להמיר; מומר	המיר	The factory <b>converted</b> old newspapers into recycled paper products.	המפעל <b>המיר</b> עיתונים ישנים למוצרי נייר ממוחזר.
16faf86636d7	5	cooperation	שיתוף פעולה	שיתוף הפעולה	<b>Cooperation</b> between the two neighbors helped finish the fence quickly.	<b>שיתוף הפעולה</b> בין שני השכנים עזר לסיים את הגדר במהירות.
bbf6c3b085f3	5	corrupt	להשחית, מושחת	המושחת	The <b>corrupt</b> manager secretly accepted bribes from several suppliers.	המנהל <b>המושחת</b> קיבל בסתר שוחד ממספר ספקים.
8db4c85146f1	5	crown	כתר, להכתיר	הכתר	The queen proudly wore her golden royal <b>crown</b>.	המלכה ענדה בגאווה את <b>הכתר</b> המלכותי הזהוב שלה.
8c3f243d01c8	5	cult	כת	הכת	The secretive <b>cult</b> isolated its members from friends and family.	<b>הכת</b> החשאית בידדה את חבריה מחברים ומשפחה.
58d5c0d5398f	5	curiosity	סקרנות	הסקרנות	Her natural <b>curiosity</b> led her to ask questions.	<b>הסקרנות</b> הטבעית שלה גרמה לה לשאול שאלות.
9d7117439646	5	curtain	וילון	הווילון	She drew the <b>curtain</b> to block the light.	היא משכה את <b>הווילון</b> כדי לחסום את האור.
5bc4a0ca4093	5	curve	עקומה, פניה	פנייה	The mountain road follows a sharp <b>curve</b> here.	כביש ההר עוקב אחר <b>פנייה</b> חדה כאן.
e80e1288417f	5	defeat	להביס, לנצח; תבוסה, הבסה	הביסו	Their opponents <b>defeated</b> them, shocking everyone who believed in their chances.	היריבים שלהם <b>הביסו</b> אותם, והדהימו את כל מי שהאמין בסיכוי שלהם.
d546ef117806	5	defeated	הובס	שהובסה	After being <b>defeated</b> twice before, she finally won the championship.	אחרי <b>שהובסה</b> פעמיים קודם לכן, היא סוף סוף ניצחה באליפות.
da80f73c0df2	5	define	להגדיר	הגדר	Please <b>define</b> the word precisely, using its exact dictionary meaning.	אנא <b>הגדר</b> את המילה במדויק, לפי המשמעות המילונית המדויקת שלה.
325db1322b3a	5	degree	מעלה (מדידה); תואר אקדמי; דרגה; מידה, במידה מסוימת	מעלות	The temperature dropped twenty <b>degrees</b> overnight during the storm.	הטמפרטורה ירדה בעשרים <b>מעלות</b> במהלך הלילה בזמן הסערה.
c9fa8c7abe56	5	demand	לדרוש, דרישה; ביקוש	דורשת	Her job <b>demands</b> careful attention to detail and accuracy.	העבודה שלה <b>דורשת</b> תשומת לב רבה לפרטים ולדיוק.
996ffd45d8c3	5	dental	שקשור בשיניים	השיניים	The <b>dental</b> clinic checked her teeth and cleaned each one carefully.	מרפאת <b>השיניים</b> בדקה את שיניה וניקתה כל אחת בקפידה.
2399902b2ffb	5	dentist	רופא שיניים	רופא השיניים	The <b>dentist</b> cleaned my teeth and fixed one small cavity.	<b>רופא השיניים</b> ניקה את שיניי ותיקן חור קטן אחד.
e4a7df3d9d6d	5	deny	לסרב; להכחיש	הכחיש	He <b>denied</b> being at the store when it was robbed.	הוא <b>הכחיש</b> שהיה בחנות כשהיא נשדדה.
198f35cbf9fd	5	depart	לעזוב	תעזוב	The train will <b>depart</b> from platform five in fifteen minutes.	הרכבת <b>תעזוב</b> מרציף חמש בעוד רבע שעה.
813765afc481	5	destination	יעד	היעד	Our <b>destination</b> was a small village in the mountains.	<b>היעד</b> שלנו היה כפר קטן בהרים.
622613d478d1	5	destructive	הרסני	הרסניות	The storm caused <b>destructive</b> winds that damaged hundreds of homes.	הסערה גרמה לרוחות <b>הרסניות</b> שפגעו במאות בתים.
9c1cc65c9c98	5	diary	יומן	ביומן	She wrote in her <b>diary</b> every evening before sleeping.	היא כתבה <b>ביומן</b> שלה כל ערב לפני השינה.
4b1875535832	5	disappoint	לאכזב	תאכזב	I hope our performance does not <b>disappoint</b> the audience tonight.	אני מקווה שההופעה שלנו לא <b>תאכזב</b> את הקהל הערב.
fdfd13e80699	5	distant	מרוחק	המרוחקים	The <b>distant</b> mountains looked beautiful in the evening light.	ההרים <b>המרוחקים</b> נראו יפים באור הערב.
01f538cbf71f	5	district	מחוז, רובע	אזור	The school serves students from the entire downtown <b>district</b>.	בית הספר משרת תלמידים מכל <b>אזור</b> מרכז העיר.
22fefd1df5e0	5	Dutch	הולנדי	ההולנדי	My <b>Dutch</b> friend taught me how to make stroopwafels.	החבר <b>ההולנדי</b> שלי לימד אותי איך להכין סטרופוואפלס.
1a8c4b28ac2d	5	ease	להקל, קלות	תקל	This software will <b>ease</b> the burden of data entry.	התוכנה הזאת <b>תקל</b> על נטל הזנת הנתונים.
1659b80535ff	5	efficient	יעיל	יעילה	An <b>efficient</b> system saves time and reduces waste.	מערכת <b>יעילה</b> חוסכת זמן ומצמצמת בזבוז.
3afddc11cea4	5	elderly	זקן	הזקן	The <b>elderly</b> man slowly walked across the street.	האיש <b>הזקן</b> צעד לאט לרוחב הרחוב.
5c65dba33bf4	5	employ	להעסיק; להשתמש ב-, לנקוט	מעסיק	The factory <b>employs</b> over five hundred workers in production.	המפעל <b>מעסיק</b> למעלה מחמש מאות עובדים בייצור.
af0584e7cce2	5	employer	מעסיק, מעביד	המעסיק	My <b>employer</b> offered me a raise after my good performance.	<b>המעסיק</b> שלי הציע לי העלאה אחרי הביצועים הטובים שלי.
fdce97ec6c9a	5	encourage	לעודד	מעודדים	Teachers <b>encourage</b> students to ask questions during the lesson.	מורים <b>מעודדים</b> תלמידים לשאול שאלות במהלך השיעור.
9c9cb20998ee	5	era	עידן	העידן	We study the Victorian <b>era</b> in history class.	אנחנו לומדים על <b>העידן</b> הוויקטוריאני בשיעור היסטוריה.
84abd7f3c143	5	essential	חיוני	חיוניים	Water is <b>essential</b> for all life on Earth.	מים <b>חיוניים</b> לכל צורות החיים על כדור הארץ.
31698a936df9	5	evolved	התפתח	התפתחו	Fish <b>evolved</b> from earlier sea creatures millions of years ago.	דגים <b>התפתחו</b> מיצורי ים קדומים לפני מיליוני שנים.
6112cfa4c788	5	execute	להוציא לפועל; להוציא להורג	יוציא את התוכנית לפועל	The team will <b>execute</b> the plan next Monday morning.	הצוות <b>יוציא את התוכנית לפועל</b> ביום שני בבוקר.
aef6c8136067	5	existence	קיום	קיומם	The <b>existence</b> of dinosaurs was proven through fossil evidence.	<b>קיומם</b> של הדינוזאורים הוכח באמצעות עדויות מאובנים.
2cedf1c752f2	5	expansion	הרחבה, התרחבות, התפשטות	הרחבת	The <b>expansion</b> of the airport will take about two years.	<b>הרחבת</b> שדה התעופה תיקח כשנתיים.
56b39accec93	5	expense	הוצאות	הוצאה	Travel is a major <b>expense</b> when living abroad.	נסיעות הן <b>הוצאה</b> משמעותית כשגרים בחוץ לארץ.
104d9154fca2	5	express	מהיר; לבטא	המהירה	We took the <b>express</b> train to save three hours of travel.	נסענו ברכבת <b>המהירה</b> כדי לחסוך שלוש שעות נסיעה.
16096854adfd	5	expression	ביטוי; הבעה	הביטוי	Her happy <b>expression</b> told us she had good news.	<b>הביטוי</b> השמח שלה סיפר לנו שיש לה חדשות טובות.
1d8a94620947	5	extension	הארכה, הרחבה; תוספת (מבנה); שלוחה (טלפון)	ההארכה	The <b>extension</b> of the meeting lasted only five more minutes.	<b>ההארכה</b> של הישיבה נמשכה רק חמש דקות נוספות.
dcec9e626525	5	facial	שקשור בפנים	הפנים	The <b>facial</b> cream soothed the redness and dryness on her face.	קרם <b>הפנים</b> הרגיע את האדמומיות והיובש בפניה.
3f30872d5af2	5	feature	להציג; סרט באורך מלא; תכונה, מאפיין	מציג	This month's magazine <b>features</b> stories about unusual animals.	המגזין של החודש <b>מציג</b> סיפורים על בעלי חיים יוצאי דופן.
84e1db1f5a18	5	feminine	נשי	הנשי	Her <b>feminine</b> style with jewelry and soft colors was elegant.	הסגנון <b>הנשי</b> שלה עם התכשיטים והצבעים הרכים היה אלגנטי.
c0416182e0c3	5	fisherman	דייג	הדייג	The <b>fisherman</b> caught three large fish in the river.	<b>הדייג</b> תפס שלושה דגים גדולים בנהר.
7fdde412d78d	5	flood	שיטפון; להציף	לשיטפון	Heavy rains caused a terrible <b>flood</b> in the village.	גשמים כבדים גרמו <b>לשיטפון</b> נורא בכפר.
f6e99b4a49f1	5	forbid	לאסור	אוסרים	Parents <b>forbid</b> their children from staying out after ten at night.	הורים <b>אוסרים</b> על ילדיהם להישאר בחוץ אחרי עשר בלילה.
543296a64749	5	frightening	מפחיד	המפחיד	The <b>frightening</b> movie gave her nightmares all week.	הסרט <b>המפחיד</b> גרם לה לסיוטים במשך כל השבוע.
ef5df5e32a59	5	gather	להתאסף, אסף; לאסוף	יתאספו	Everyone will <b>gather</b> at the park for the picnic.	כולם <b>יתאספו</b> בפארק לפיקניק.
61585284f7e3	5	granddaughter	נכדה	הנכדה	My <b>granddaughter</b> loves to visit me every summer.	<b>הנכדה</b> שלי אוהבת לבקר אותי בכל קיץ.
7fbf0cb0ad25	5	greet	לברך, לקבל פנים	מקבלים את פני	Teachers <b>greet</b> students warmly when they arrive at school.	מורים <b>מקבלים את פני</b> התלמידים בחום כשהם מגיעים לבית הספר.
3f58179ba7fe	5	guarantee	להבטיח, ערבות	תבטיח	The store will <b>guarantee</b> the quality of the product.	החנות <b>תבטיח</b> את איכות המוצר.
467b9894fe72	5	hike	טיול רגלי, הליכה, טיול; העלאה	לטיול	We took a long <b>hike</b> through the forest yesterday.	יצאנו <b>לטיול</b> ארוך ביער אתמול.
c56186b4624c	5	homeland	מולדת	למולדתה	After many years working abroad, she finally returned to her <b>homeland</b>.	אחרי שנים רבות של עבודה בחוץ לארץ, היא סוף סוף חזרה <b>למולדתה</b>.
cf3056315c61	5	illness	מחלה	המחלה	His <b>illness</b> kept him in the hospital for weeks.	<b>המחלה</b> שלו השאירה אותו בבית החולים במשך שבועות.
15d0725f1dc9	5	imagination	דמיון	בדמיון	Children use their <b>imagination</b> when playing pretend games.	ילדים משתמשים <b>בדמיון</b> שלהם כשהם משחקים במשחקי תפקידים.
0e973c416e20	5	impatient	חסר סבלנות	חסר הסבלנות	The <b>impatient</b> customer complained about the slow service.	הלקוח <b>חסר הסבלנות</b> התלונן על השירות האיטי.
05cd95e66f79	5	imprisonment	מאסר, כליאה	המאסר	His <b>imprisonment</b> lasted twenty years for the crime.	<b>המאסר</b> שלו נמשך עשרים שנה בגין הפשע.
ea9794288b8e	5	income	הכנסה	ההכנסה	Her <b>income</b> from writing two books helped her pay for college tuition.	<b>ההכנסה</b> שלה מכתיבת שני ספרים עזרה לה לשלם על שכר הלימוד בקולג'.
0f4512f1ec24	5	industry	תעשייה	תעשיית	The automobile <b>industry</b> employs millions of workers across North America.	<b>תעשיית</b> הרכב מעסיקה מיליוני עובדים ברחבי צפון אמריקה.
698d9b81918c	5	infected	נגוע, הודבק	שהודבק	The <b>infected</b> wound needed immediate medical treatment to prevent disease.	הפצע <b>שהודבק</b> דרש טיפול רפואי מיידי כדי למנוע מחלה.
edcc4e6745c1	5	inform	להודיע, לעדכן	יודיע	The doctor will <b>inform</b> you of the test results by tomorrow.	הרופא <b>יודיע</b> לך על תוצאות הבדיקה עד מחר.
3d5d7a68407b	5	initial	ראשי תיבות; התחלתי, ראשוני	ראשי התיבות	What are the <b>initial</b> letters of your full name?	מהם <b>ראשי התיבות</b> של שמך המלא?
b932a7c283cb	5	insanity	אי שפיות	אי השפיות	His <b>insanity</b> meant he could not stand trial for the crime.	<b>אי השפיות</b> שלו פירושה שהוא לא יכול היה לעמוד לדין על הפשע.
82ee3875be30	5	institute	מוסד, מכון; לכונן	במכון	She works at a science <b>institute</b> that studies rare diseases.	היא עובדת <b>במכון</b> מדעי שחוקר מחלות נדירות.
2560d025d743	5	intention	כוונה	הכוונה	My <b>intention</b> was to help, not to make things worse for everyone.	<b>הכוונה</b> שלי הייתה לעזור, לא להרע את המצב לכולם.
2902d0683509	5	internal	פנימי	פנימיים	<b>Internal</b> organs require careful surgery to repair or replace safely.	איברים <b>פנימיים</b> דורשים ניתוח זהיר כדי לתקן או להחליף אותם בבטחה.
9e8dc66d961a	5	interrupt	להפריע	תפריע	Please do not <b>interrupt</b> me while I am speaking to the principal.	בבקשה אל <b>תפריע</b> לי בזמן שאני מדבר עם המנהל.
32dee498557d	5	invent	להמציא	המציא	Who <b>invented</b> the telephone, and when did this discovery change communication?	מי <b>המציא</b> את הטלפון, ומתי הגילוי הזה שינה את התקשורת?
e218a52dcbbb	5	investment	השקעה	ההשקעה	Her <b>investment</b> in real estate has made her very wealthy over time.	<b>ההשקעה</b> שלה בנדל"ן הפכה אותה לעשירה מאוד עם הזמן.
7df946d04f9f	5	isolate	לבודד	מבודדים	Scientists <b>isolate</b> the virus in the laboratory to study its behavior.	מדענים <b>מבודדים</b> את הנגיף במעבדה כדי לחקור את התנהגותו.
a1917ce7226c	5	labor	להתאמץ; עבודה, עמל, לעמול; לידה	עמלה	She <b>labored</b> in the fields from sunrise until sunset every single day.	היא <b>עמלה</b> בשדות מזריחה ועד שקיעה בכל יום ויום.
056ef790c7fb	5	lack	מחסור	המחסור	The <b>lack</b> of rain caused a serious drought throughout the region.	<b>המחסור</b> בגשם גרם לבצורת חמורה בכל האזור.
54b347c265f5	5	lame	צולע	הצולע	The <b>lame</b> horse could not walk properly after its serious injury.	הסוס <b>הצולע</b> לא הצליח ללכת כראוי אחרי הפציעה החמורה שלו.
4e1300b8687b	5	lifetime	תקופת החיים, במשך החיים	כל חייה	She spent her <b>lifetime</b> teaching chemistry to high school students.	היא בילתה את <b>כל חייה</b> בהוראת כימיה לתלמידי תיכון.
fcc52eb069f2	5	liver	כבד	הכבד	The <b>liver</b> is the largest internal organ in the human body system.	<b>הכבד</b> הוא האיבר הפנימי הגדול ביותר במערכת גוף האדם.
ea1ec3e70f94	5	loneliness	בדידות	לבדידות	Moving to a new city where she knew nobody caused terrible <b>loneliness</b>.	המעבר לעיר חדשה שבה לא הכירה אף אחד גרם לה <b>לבדידות</b> נוראה.
76238d802d29	5	lung	ריאה	בריאות	Smoking damages your <b>lungs</b> and increases the risk of cancer.	עישון פוגע <b>בריאות</b> שלך ומגביר את הסיכון לסרטן.
a0dc19328e28	5	measure	אמצעי; למדוד; מידה	אמצעים	The government took <b>measures</b> to reduce pollution in the city.	הממשלה נקטה <b>אמצעים</b> כדי להפחית את הזיהום בעיר.
4d863a7547a2	5	Mediterranean	ים תיכוני	הים התיכון	Many tourists visit countries around the <b>Mediterranean</b> for their beautiful beaches.	תיירים רבים מבקרים במדינות סביב <b>הים התיכון</b> בזכות החופים היפים שלהן.
197b7dead18d	5	melt	להימס, להמיס	נמסה	The ice cream <b>melted</b> quickly in the hot summer sun.	הגלידה <b>נמסה</b> במהירות תחת שמש הקיץ החמה.
e03a02fcbaf8	5	moral	מוסרי, מוסר; מוסר השכל	המוסר	The <b>moral</b> of the story is that honesty is always the best policy.	<b>המוסר</b> של הסיפור הוא שהיושר הוא תמיד הדרך הטובה ביותר.
7619448b39c2	5	native	יליד, מקומי, טבעי	ילידי	<b>Native</b> Americans lived in North America for thousands of years.	<b>ילידי</b> אמריקה חיו בצפון אמריקה במשך אלפי שנים.
870a0699e747	5	notify	להודיע, ליידע	תודיע	The university will <b>notify</b> you of your admission decision by email.	האוניברסיטה <b>תודיע</b> לך על החלטת הקבלה שלך במייל.
7a6dd135faaa	5	observation	תצפית, התבוננות; הערה, הבחנה	התצפית	Her careful <b>observation</b> of the birds revealed patterns no one else had noticed.	<b>התצפית</b> הקפדנית שלה על הציפורים חשפה דפוסים שאף אחד אחר לא הבחין בהם.
deff7d187f98	5	observe	להתבונן, להבחין; לשמור	מתבוננים	The scientists <b>observe</b> the animals in their natural habitat every day.	המדענים <b>מתבוננים</b> בבעלי החיים בבית גידולם הטבעי בכל יום.
c689dfd2fb35	5	offend	להעליב	העליבה	My joke about her cooking seemed to <b>offend</b> her more than I expected.	נראה שהבדיחה שלי על הבישול שלה <b>העליבה</b> אותה יותר משציפיתי.
7a62d5e3a4a1	5	offensive	מעליב, פוגעני; התקפה	המעליבה	His <b>offensive</b> language made everyone uncomfortable during the meeting.	השפה <b>המעליבה</b> שלו גרמה לכולם להרגיש לא בנוח במהלך הפגישה.
abb7b3ca5ded	5	operate	לפעול, להפעיל, לתפעל; לנתח	פועל	The factory <b>operates</b> twenty-four hours a day to meet demand.	המפעל <b>פועל</b> עשרים וארבע שעות ביממה כדי לענות על הביקוש.
e541a279b8d1	5	opponent	יריב, מתנגד	היריב	My tennis <b>opponent</b> was much stronger, but I played my best.	<b>היריב</b> שלי בטניס היה הרבה יותר חזק, אבל שיחקתי הכי טוב שיכולתי.
5cb10e6a4508	5	orbit	מסלול (סביב גרם שמים); להקיף במסלול, לחוג	המסלול	The Earth's <b>orbit</b> around the sun takes exactly 365 days to complete.	<b>המסלול</b> של כדור הארץ סביב השמש נמשך בדיוק 365 יום להשלמתו.
fa3acbaba015	5	outer	חיצוני	החיצוניים	The <b>outer</b> walls of the castle were made of thick stone.	הקירות <b>החיצוניים</b> של הטירה היו עשויים מאבן עבה.
f01fc5cb51a0	5	outstanding	יוצא מן הכלל, מצוין	המצוין	Her <b>outstanding</b> performance in the play earned her a scholarship.	הביצוע <b>המצוין</b> שלה במחזה הקנה לה מלגה.
0f989aaa6e4c	5	oven	תנור בישול	התנור	Heat the <b>oven</b> to 350 degrees before putting in the pizza.	חממו את <b>התנור</b> ל-350 מעלות לפני שמכניסים את הפיצה.
7bbe9d943d3e	5	pad	פנקס, לרפד; רפידה	מרפדים	Athletes <b>pad</b> their joints to prevent injuries during intense sports.	ספורטאים <b>מרפדים</b> את המפרקים שלהם כדי למנוע פציעות בספורט אינטנסיבי.
c1b61e9de87d	5	pan	מחבת	המחבת	She heated the <b>pan</b> on the stove before adding the butter.	היא חיממה את <b>המחבת</b> על הכיריים לפני שהוסיפה את החמאה.
b545eec9461c	5	parallel	מקביל	במקביל	The two streets run <b>parallel</b> to each other through the city.	שני הרחובות רצים <b>במקביל</b> זה לזה לאורך העיר.
4675d289035c	5	pattern	תבנית, דפוס, מתכונת; דוגמת עיטור	הדפוס	The <b>pattern</b> on her dress consisted of bright blue and red squares.	<b>הדפוס</b> על השמלה שלה כלל ריבועים כחולים ואדומים בהירים.
f63d9ae5e69c	5	perform	לבצע, להציג	ביצע	The actor <b>performed</b> brilliantly in the lead role of the play.	השחקן <b>ביצע</b> את התפקיד הראשי במחזה באופן מבריק.
eb439d69915a	5	pharmacy	בית מרקחת	לבית המרקחת	I need to go to the <b>pharmacy</b> to pick up my prescription.	אני צריך ללכת <b>לבית המרקחת</b> כדי לאסוף את התרופה שלי.
50087ada3821	5	poet	משורר	המשורר	The famous <b>poet</b> wrote beautiful verses about love and nature.	<b>המשורר</b> המפורסם כתב שירים יפים על אהבה וטבע.
3889a342793b	5	poisonous	רעיל	רעילות	Some mushrooms are <b>poisonous</b> and can cause serious illness if eaten.	כמה פטריות <b>רעילות</b> ועלולות לגרום למחלה חמורה אם אוכלים אותן.
72097a25d59c	5	polar	קוטבי, הפוך לחלוטין	הקוטב	<b>Polar</b> bears have thick fur to survive the freezing Arctic winters.	לדובי <b>הקוטב</b> יש פרווה עבה כדי לשרוד את חורפי הארקטי הקפואים.
cd9d5f8d25c8	5	population	אוכלוסייה	האוכלוסייה	The <b>population</b> of the city has grown to over two million people.	<b>האוכלוסייה</b> של העיר גדלה לכדי יותר משני מיליון תושבים.
eef048b72316	5	portrait	דיוקן	הדיוקן	The <b>portrait</b> of the king hung in the museum for centuries.	<b>הדיוקן</b> של המלך היה תלוי במוזיאון במשך מאות שנים.
ce12a769292d	5	practical	מעשי	המעשית	The <b>practical</b> approach was to use existing materials instead of ordering new ones.	הגישה <b>המעשית</b> הייתה להשתמש בחומרים קיימים במקום להזמין חדשים.
13652f8b3f42	5	primary	יסודי, עיקרי	העיקרית	Her <b>primary</b> concern was getting the children to school safely every morning.	הדאגה <b>העיקרית</b> שלה הייתה להביא את הילדים לבית הספר בבטחה בכל בוקר.
724ead11511e	5	principle	עיקרון, כלל יסוד	עקרון	The <b>principle</b> of honesty guided all their business decisions and personal relationships.	<b>עקרון</b> היושר הנחה את כל ההחלטות העסקיות והיחסים האישיים שלהם.
ed3fd0ca4e7b	5	produce	לייצר; תוצר, ירקות ופירות	מייצרת	The farm <b>produces</b> tomatoes, lettuce, and beans for local restaurants.	החווה <b>מייצרת</b> עגבניות, חסה ושעועית עבור מסעדות מקומיות.
10b12c8cbfb1	5	profession	מקצוע	כמקצוע	She chose medicine as a <b>profession</b> after volunteering at the hospital.	היא בחרה ברפואה <b>כמקצוע</b> אחרי שהתנדבה בבית החולים.
88d20b806192	5	promotion	קידום	הקידום	His <b>promotion</b> to manager came after years of excellent performance.	<b>הקידום</b> שלו לתפקיד מנהל הגיע אחרי שנים של ביצועים מצוינים.
c4c5631d3e9c	5	proposal	הצעה	ההצעה	The city rejected the <b>proposal</b> for a new shopping center downtown.	העירייה דחתה את <b>ההצעה</b> למרכז קניות חדש במרכז העיר.
e35179dc8d00	5	provoke	לעורר, להתגרות, להסית	תגרה	Insulting his work would only <b>provoke</b> him to argue back.	העלבת העבודה שלו רק <b>תגרה</b> אותו להתווכח בחזרה.
6746d3cbd4f0	5	razor	סכין גילוח	סכין הגילוח	He sharpened his <b>razor</b> before shaving his thick beard.	הוא השחיז את <b>סכין הגילוח</b> שלו לפני שגילח את הזקן העבות שלו.
825723cec1f9	5	rebellion	מרד	המרד	The teenager's <b>rebellion</b> against curfew rules upset his tired parents every night.	<b>המרד</b> של הנער נגד כללי העוצר הכעיס את הוריו העייפים בכל לילה.
21b0c0ae05c2	5	recipe	מתכון	המתכון	The <b>recipe</b> called for two eggs, flour, and a pinch of salt.	<b>המתכון</b> דרש שתי ביצים, קמח וקורט מלח.
4c0e9d150e10	5	recover	להתאושש	התאושש	The patient <b>recovered</b> quickly from surgery and went home after one week.	המטופל <b>התאושש</b> במהירות מהניתוח וחזר הביתה כעבור שבוע.
3fda6833dda2	5	region	מחוז, אזור	האזור	The northern <b>region</b> experiences snow while the south remains warm.	<b>האזור</b> הצפוני חווה שלג בעוד הדרום נשאר חם.
8d4f0c40e640	5	registration	הרשמה	ההרשמה	<b>Registration</b> for the class closes on Friday at five o'clock.	<b>ההרשמה</b> לכיתה נסגרת ביום שישי בשעה חמש.
0bc2d1970c8e	5	relative	קרוב-משפחה; יחסי	קרוב משפחה	She had a <b>relative</b> from England visit for a week.	<b>קרוב משפחה</b> שלה מאנגליה ביקר אצלה במשך שבוע.
82ef14b58e00	5	reliable	אמין, שניתן לסמוך עליו	כאמינה	This car has proven <b>reliable</b> even after ten years of driving.	המכונית הזאת הוכיחה את עצמה <b>כאמינה</b> גם אחרי עשר שנות נהיגה.
d6a963c8a90f	5	reputation	שם, מוניטין	המוניטין	His <b>reputation</b> as a doctor was damaged by the medical error.	<b>המוניטין</b> שלו כרופא נפגע בעקבות הטעות הרפואית.
65b316c13625	5	require	לדרוש, דרישה	דורשת	The job <b>requires</b> experience in programming and strong communication skills.	המשרה <b>דורשת</b> ניסיון בתכנות וכישורי תקשורת חזקים.
493a1fa320f8	5	resistance	התנגדות, מחתרת; עמידות	ההתנגדות	Her strong <b>resistance</b> to change made switching to the new software frustrating for everyone.	<b>ההתנגדות</b> החזקה שלה לשינוי הפכה את המעבר לתוכנה החדשה למתסכל עבור כולם.
38ee6b73a6b4	5	resort	אתר נופש; לנקוט באמצעים	באתר נופש	They spent a relaxing week at a beach <b>resort</b> near the coast.	הם בילו שבוע מרגיע <b>באתר נופש</b> על שפת הים.
7a3cea32db9d	5	retirement	פרישה	הפרישה	Her <b>retirement</b> at sixty-five finally allowed her to travel the world.	<b>הפרישה</b> שלה בגיל שישים וחמש איפשרה לה סוף סוף לטייל בעולם.
52ab155db267	5	rising	זריחה; עולה	העולה	The <b>rising</b> sun painted the sky orange and pink.	השמש <b>העולה</b> צבעה את השמיים בכתום וורוד.
dbb28703e589	5	ritual	טקס, פולחן	הטקס	The family's <b>ritual</b> was to gather for dinner every Sunday together.	<b>הטקס</b> המשפחתי היה להתכנס יחד לארוחת ערב בכל יום ראשון.
72c7c6b954b2	5	rival	יריב	יריבות	The two companies were bitter <b>rivals</b> competing for the same market.	שתי החברות היו <b>יריבות</b> מרות שהתחרו על אותו שוק.
73321de22410	5	roast	לצלות, לקלות; צלי	צלתה	She <b>roasted</b> the chicken with garlic and herbs for dinner.	היא <b>צלתה</b> את העוף עם שום ועשבי תיבול לארוחת הערב.
3919ca9a0010	5	rub	לשפשף	משפשף	He would <b>rub</b> his hands together when nervous or excited.	הוא היה <b>משפשף</b> את הידיים זו בזו כשהיה עצבני או נרגש.
8a31a04ff2b8	5	rubber	גומי	הגומי	The <b>rubber</b> seal on the door keeps cold air from entering.	אטם <b>הגומי</b> שבדלת מונע כניסה של אוויר קר.
49b35864e4c8	5	ruins	הריסות, עיי חורבות	ההריסות	Tourists wandered through the ancient <b>ruins</b> scattered across the quiet hillside.	תיירים שוטטו בין <b>ההריסות</b> העתיקות שהיו מפוזרות על גבעה שקטה.
45fdcbf97c31	5	rumor	שמועה	השמועה	The <b>rumor</b> spread quickly but was proven false by morning.	<b>השמועה</b> התפשטה במהירות אבל התבררה כשקרית עד הבוקר.
a0bd7d7b5194	5	sailor	ימאי	הימאי	The <b>sailor</b> spent twenty years traveling the ocean on ships.	<b>הימאי</b> בילה עשרים שנה בשיט באוקיינוס על ספינות.
2978fa68fb6b	5	sculpture	פסל	הפסל	The <b>sculpture</b> made of marble stood in the museum's main gallery.	<b>הפסל</b> העשוי משיש עמד בגלריה הראשית של המוזיאון.
c30dfc07a7e5	5	sequence	רצף	ברצף	The events happened in the wrong <b>sequence</b> and caused confusion.	האירועים קרו <b>ברצף</b> הלא נכון וגרמו לבלבול.
ac92fdbd37bc	5	servant	משרת	המשרת	The <b>servant</b> brought tea and biscuits to the guests.	<b>המשרת</b> הביא תה ועוגיות לאורחים.
f0d6eddeaa32	5	session	מפגש, פגישה; מושב	פגישת	The therapy <b>session</b> lasted an hour and helped her feel better.	<b>פגישת</b> הטיפול נמשכה שעה ועזרה לה להרגיש טוב יותר.
e0b53cf3af79	5	sheet	סדין; דף	הסדין	She pulled the white <b>sheet</b> over the mattress carefully.	היא משכה את <b>הסדין</b> הלבן על המזרן בזהירות.
a69eeb2231b2	5	shell	קליפה, מעטפת; פגז	הקליפה	The <b>shell</b> of a turtle protects it from danger.	<b>הקליפה</b> של הצב מגנה עליו מפני סכנה.
4e0fb57ae67c	5	shiny	נוצץ, בוהק	הנוצצת	The <b>shiny</b> car reflected sunlight as it drove down the street.	המכונית <b>הנוצצת</b> שיקפה את אור השמש בנסיעתה ברחוב.
34e34cd286f3	5	shrink	להתכווץ, לכווץ ,כיווץ	יכווצו	Hot water will <b>shrink</b> wool sweaters if you wash them incorrectly.	מים חמים <b>יכווצו</b> סוודרי צמר אם תכבסו אותם בצורה לא נכונה.
ace556dbc268	5	significant	משמעותי	משמעותית	The study showed a <b>significant</b> increase in local bird populations this year.	המחקר הראה עלייה <b>משמעותית</b> באוכלוסיות הציפורים המקומיות השנה.
7821e0047c7f	5	silk	משי	ממשי	The dress was made of expensive <b>silk</b> imported from Asia.	השמלה הייתה עשויה <b>ממשי</b> יקר שיובא מאסיה.
3cef1bcdfc66	5	sink	כיור; לשקוע	בכיור	She washed the dirty dishes in the kitchen <b>sink</b> after dinner.	היא שטפה את הכלים המלוכלכים <b>בכיור</b> המטבח אחרי ארוחת הערב.
2f17059d120f	5	spiritual	רוחני	רוחנית	Standing among the tall trees gave her a quiet <b>spiritual</b> sense of peace.	לעמוד בין העצים הגבוהים העניק לה תחושה <b>רוחנית</b> שקטה של שלווה.
5e08c6f8d38a	5	spoil	לקלקל; לפנק; לבזוז, שלל; להרוס	יקלקלו	Too many gifts will <b>spoil</b> the child and make him ungrateful.	יותר מדי מתנות <b>יקלקלו</b> את הילד ויהפכו אותו לכפוי טובה.
d3d283725cae	5	spotlight	זרקור	הזרקור	The <b>spotlight</b> on the singer made the audience focus on her performance.	<b>הזרקור</b> על הזמרת גרם לקהל להתמקד בהופעה שלה.
b9a015ea9fda	5	stable	יציב; אורווה	יציבה	A <b>stable</b> job provided him with financial security and peace of mind.	עבודה <b>יציבה</b> סיפקה לו ביטחון כלכלי ושקט נפשי.
f307771ea8aa	5	staircase	גרם מדרגות	גרם המדרגות	The <b>staircase</b> led up to the second floor of the office.	<b>גרם המדרגות</b> הוביל לקומה השנייה של המשרד.
46f5b736a525	5	starve	לרעוב	ירעבו	Without food and clean water, people will <b>starve</b> in weeks.	בלי מזון ומים נקיים, אנשים <b>ירעבו</b> תוך שבועות.
262139a10ff4	5	sticky	דביק	הדביק	The <b>sticky</b> tape held the broken vase together perfectly.	הסלוטייפ <b>הדביק</b> החזיק את האגרטל השבור יחד בצורה מושלמת.
087760f8e49c	5	strict	נוקשה	הנוקשה	Her <b>strict</b> teacher did not allow any talking during the test.	המורה <b>הנוקשה</b> שלה לא איפשרה שום דיבור במהלך המבחן.
a37317928940	5	stripes	פסים	הפסים	The zebra's black and white <b>stripes</b> help it blend into the grassland.	<b>הפסים</b> השחורים והלבנים של הזברה עוזרים לה להתמזג בערבה.
cabab47470de	5	succeed	להצליח, הצליח; לרשת	תצליח	She will <b>succeed</b> in medical school if she studies every night.	היא <b>תצליח</b> בבית הספר לרפואה אם תלמד כל ערב.
36aa563dda98	5	suitable	ראוי, מתאים, יאה	מתאימים	Jeans and sneakers are not <b>suitable</b> for a formal wedding or job interview.	ג'ינס ונעלי ספורט אינם <b>מתאימים</b> לחתונה רשמית או לראיון עבודה.
66b394b39645	5	sum	סכום, סך, לסכם	הסכום	The final <b>sum</b> he owed the bank was ten thousand dollars.	<b>הסכום</b> הסופי שהוא היה חייב לבנק היה עשרת אלפים דולר.
7cfaa6fe46b3	5	supportive	תומך	התומכת	His <b>supportive</b> family encouraged him to follow his dreams no matter what.	המשפחה <b>התומכת</b> שלו עודדה אותו להגשים את חלומותיו לא משנה מה.
cdd31323675e	5	supreme	עליון	העליון	The team's <b>supreme</b> effort helped them win the championship game.	המאמץ <b>העליון</b> של הקבוצה סייע לה לזכות במשחק האליפות.
33df22ddeab7	5	suspicious	חשוד (משהו); חשדן	חשודה	She looked <b>suspicious</b> when her brother asked about the missing money.	היא נראתה <b>חשודה</b> כשאחיה שאל על הכסף שנעלם.
8e223b4c2f9f	5	swallow	לבלוע; סנונית	בלעה	She <b>swallowed</b> the medicine with a glass of water.	היא <b>בלעה</b> את התרופה עם כוס מים.
bcd7bef0434b	5	swing	להתנדנד, לנדנד, נדנדה	הנדנדה	The old <b>swing</b> in the park moved back and forth slowly.	<b>הנדנדה</b> הישנה בפארק נעה קדימה ואחורה לאט.
02dafdfd03d3	5	temporary	זמני	זמנית	This job is <b>temporary</b> and only lasts three months this summer.	העבודה הזאת <b>זמנית</b> ונמשכת רק שלושה חודשים בקיץ הזה.
516cea990a27	5	thick	סמיך; עבה	הסמיך	The <b>thick</b> fog made it impossible to see across the street.	הערפל <b>הסמיך</b> הפך את זה לבלתי אפשרי לראות מעבר לרחוב.
bd699835a71e	5	threaten	לאיים	מאיימים	The dark clouds <b>threaten</b> to bring rain to the picnic tomorrow.	העננים הכהים <b>מאיימים</b> להביא גשם לפיקניק מחר.
6163910263db	5	toes	בהונות	הבהונות	The little girl counted her ten <b>toes</b> while sitting in the bathtub.	הילדה הקטנה ספרה את עשר <b>הבהונות</b> שלה בזמן שישבה באמבטיה.
1d8ba5812a90	5	tomb	קבר	הקבר	The ancient <b>tomb</b> was hidden deep underground for thousands of years.	<b>הקבר</b> העתיק הוסתר עמוק מתחת לאדמה במשך אלפי שנים.
46e04e692316	5	traffic jam	פקק תנועה	פקק התנועה	The rush hour <b>traffic jam</b> made him thirty minutes late to work.	<b>פקק התנועה</b> בשעת העומס גרם לו לאחר חצי שעה לעבודה.
474e1462b58f	5	transition	מעבר, שינוי	המעבר	The <b>transition</b> from high school to college was difficult for most students.	<b>המעבר</b> מתיכון לקולג' היה קשה לרוב הסטודנטים.
caf01050d997	5	trigger	לגרום, הדק	בהדק	The photographer used a remote <b>trigger</b> to take the picture from far away.	הצלם השתמש <b>בהדק</b> מרחוק כדי לצלם את התמונה ממרחק.
85eef199920c	5	triggered	גרם, עורר, הוביל ל-	עוררו	His angry words <b>triggered</b> an argument that lasted all evening long.	המילים הכועסות שלו <b>עוררו</b> ויכוח שנמשך כל הערב.
0b6e93bc069e	5	ultimate	מוחלט, סופי	הסופית	After many small promotions, her <b>ultimate</b> goal was to become company president.	אחרי הרבה קידומים קטנים, המטרה <b>הסופית</b> שלה הייתה להפוך לנשיאת החברה.
28cb86b61a65	5	underestimate	הערכה נמוכה, לזלזל	תזלזל	Never <b>underestimate</b> your opponent because they might be stronger than you think.	לעולם אל <b>תזלזל</b> ביריב שלך כי הוא עשוי להיות חזק ממה שאתה חושב.
e82f2ecbc2b0	5	unnecessary	מיותר, לא הכרחי	מיותרים	All those extra decorations were <b>unnecessary</b> for such a simple birthday party.	כל הקישוטים הנוספים האלה היו <b>מיותרים</b> למסיבת יום הולדת כל כך פשוטה.
3cad400d487c	5	unstable	לא יציב	הלא יציב	The <b>unstable</b> chair wobbled whenever he sat down in it.	הכיסא <b>הלא יציב</b> התנדנד בכל פעם שהוא התיישב עליו.
8b5a656d6598	5	urgent	דחוף	הדחוף	This <b>urgent</b> matter requires your immediate attention before tomorrow morning.	העניין <b>הדחוף</b> הזה דורש את תשומת לבך המיידית לפני מחר בבוקר.
c1063d122ea6	5	valuable	יקר ערך	היקר	That <b>valuable</b> painting was worth more than the entire house cost.	הציור <b>היקר</b> ההוא היה שווה יותר מכל הבית.
d56aedeeaeda	5	various	מגוון	מגוונים	<b>Various</b> books about cooking, sports, and history filled the shelves in the study.	ספרים <b>מגוונים</b> על בישול, ספורט והיסטוריה מילאו את המדפים בחדר העבודה.
db968e974590	5	vital	חיוני	חיוניים	Clean water is <b>vital</b> for survival in the harsh desert climate.	מים נקיים הם <b>חיוניים</b> להישרדות באקלים המדברי הקשוח.
712d75b8992c	5	volunteer	להתנדב, מתנדב	מתנדבים	Many people <b>volunteer</b> at the hospital because they want to help others.	הרבה אנשים <b>מתנדבים</b> בבית החולים כי הם רוצים לעזור לאחרים.
0c6bf8697d23	5	warmth	חום	החום	The <b>warmth</b> of the sun felt wonderful on her cold skin.	<b>החום</b> של השמש הרגיש נפלא על עורה הקר.
8c025803ca4e	5	warrior	לוחם	הלוחם	The brave <b>warrior</b> fought hard to protect his people and land.	<b>הלוחם</b> האמיץ נלחם קשה כדי להגן על עמו ואדמתו.
4b2d65ce2345	5	wealth	עושר	עושרו	His great <b>wealth</b> allowed him to buy whatever he wanted.	<b>עושרו</b> הרב איפשר לו לקנות כל מה שרצה.
49090fa98281	5	wealthy	עשיר	העשיר	The <b>wealthy</b> man donated millions of dollars to various charities.	האיש <b>העשיר</b> תרם מיליוני דולרים לצדקות שונות.
14d6d57d7936	5	weigh	לשקול	ישקול	The scale will <b>weigh</b> your suitcase to make sure it is not too heavy.	המשקל <b>ישקול</b> את המזוודה שלך כדי לוודא שהיא לא כבדה מדי.
b4d6bb482775	5	wheat	חיטה	החיטה	Farmers ground the golden <b>wheat</b> into flour to bake fresh bread.	חקלאים טחנו את <b>החיטה</b> הזהובה לקמח כדי לאפות לחם טרי.
2f0b7d42bd4d	5	whistle	משרוקית, לשרוק	במשרוקית	The referee used a <b>whistle</b> to signal the end of the game.	השופט השתמש <b>במשרוקית</b> כדי לסמן את סיום המשחק.
a600ca47e5a4	5	wisdom	חכמה, בינה	החכמה	She had the <b>wisdom</b> to know when to speak and when to listen.	היה לה <b>החכמה</b> לדעת מתי לדבר ומתי להקשיב.
0a30b267e6c2	5	wrap	לעטוף, מעטפת	עטפה	She <b>wrapped</b> the gift carefully in colorful paper before the party.	היא <b>עטפה</b> את המתנה בזהירות בנייר צבעוני לפני המסיבה.
e0a5960a4b30	6	absence	היעדרות, היעדר; אי-נוכחות	היעדרותו	His <b>absence</b> from class was noticed by the teacher immediately.	<b>היעדרותו</b> מהשיעור הובחנה על ידי המורה מיד.
4751f4767c90	6	accurate	מדויק	מדויקת	The doctor needed an <b>accurate</b> measurement of his height and weight.	הרופא היה זקוק למדידה <b>מדויקת</b> של גובהו ומשקלו.
2a6efd140231	6	actual	ממשי	הממשית	The <b>actual</b> cost of the project was higher than the original estimate.	העלות <b>הממשית</b> של הפרויקט הייתה גבוהה יותר מהאומדן המקורי.
d540171d6d71	6	adaptation	הסתגלות; עיבוד	ההסתגלות	His quick <b>adaptation</b> to the new country surprised his entire family.	<b>ההסתגלות</b> המהירה שלו למדינה החדשה הפתיעה את כל משפחתו.
498dc70d33de	6	admire	להעריץ	מעריצים	Many people <b>admire</b> her for her courage and determination in life.	הרבה אנשים <b>מעריצים</b> אותה בזכות האומץ וכוח הרצון שלה בחיים.
e923205e002b	6	admit	להודות; להכניס, לקבל לתוך קבוצה	הודה	He finally <b>admitted</b> that he had made a terrible mistake.	הוא <b>הודה</b> לבסוף שעשה טעות נוראה.
78ceab2da48f	6	advance	להתקדם, לקדם; התקדמות; מקדמה; מוקדם, מראש	תתקדם	She will <b>advance</b> to the next level if she passes this test.	היא <b>תתקדם</b> לרמה הבאה אם תעבור את המבחן הזה.
e5848660d37f	6	advertise	לפרסם, להודיע ברבים	תפרסם	The company will <b>advertise</b> its new product on television and online.	החברה <b>תפרסם</b> את המוצר החדש שלה בטלוויזיה ובאינטרנט.
585edbe3ab1b	6	advise	לייעץ	מייעץ	I <b>advise</b> you to study hard if you want a good grade.	אני <b>מייעץ</b> לך ללמוד קשה אם אתה רוצה ציון טוב.
f4155789b1f1	6	alike	דומה	דומות	The twin sisters look so <b>alike</b> that nobody can tell them apart.	האחיות התאומות נראות כל כך <b>דומות</b> שאף אחד לא יכול להבדיל ביניהן.
cdfef5b2b77a	6	ally (allies)	בן-ברית (בנות-ברית)	לבנות ברית	The two neighboring towns became <b>allies</b> to build a shared water system.	שתי הערים השכנות הפכו <b>לבנות ברית</b> כדי לבנות מערכת מים משותפת.
8053843bfcfd	6	ambition	שאפתנות, שאיפה	השאיפה	His <b>ambition</b> was to become a doctor and help poor patients.	<b>השאיפה</b> שלו הייתה להפוך לרופא ולעזור לחולים עניים.
d2fbad4673bf	6	analogy	אנלוגיה, הקבלה	באנלוגיה	He used an <b>analogy</b> to explain how the computer works to his grandmother.	הוא השתמש <b>באנלוגיה</b> כדי להסביר לסבתא שלו איך המחשב עובד.
cc148c506208	6	apathy	אפאתיה, אדישות	האדישות	His <b>apathy</b> toward his studies concerned his parents very much.	<b>האדישות</b> שלו כלפי לימודיו הדאיגה מאוד את הוריו.
b63b48b01c2f	6	apology	התנצלות	התנצלה	She gave him an <b>apology</b> for breaking his expensive camera.	היא <b>התנצלה</b> בפניו על ששברה את המצלמה היקרה שלו.
06004ad13c0f	6	appearance	מראה, הופעה	המראה	Her <b>appearance</b> changed dramatically after she cut and dyed her long hair.	<b>המראה</b> שלה השתנה באופן דרמטי אחרי שגזרה וצבעה את שיערה הארוך.
7b87e4f4e3c0	6	appreciate	להעריך, להוקיר; (כלכלי) לעלות בערך	מעריך	I really <b>appreciate</b> all the help you have given me this year.	אני באמת <b>מעריך</b> את כל העזרה שנתת לי השנה.
9e838beda857	6	approach	גישה, שיטה; להתקרב, לפנות אל	הגישה	His <b>approach</b> to the problem was different from everyone else's method.	<b>הגישה</b> שלו לבעיה הייתה שונה משיטתו של כל אחד אחר.
7eaca9d9e896	6	argue	לטעון, לגרוס; להתווכח, להתדיין	יטען	The team will <b>argue</b> that the data supports their conclusion.	הצוות <b>יטען</b> שהנתונים תומכים במסקנה שלו.
589213edfa70	6	argument	טיעון, נימוק; ויכוח, מחלוקת	הטיעון	Her strongest <b>argument</b> was supported by three different studies.	<b>הטיעון</b> החזק ביותר שלה נתמך בשלושה מחקרים שונים.
348030cc4074	6	arm	לחמש; זרוע	חימשה	The company <b>armed</b> its sales team with new laptops for client visits.	החברה <b>חימשה</b> את צוות המכירות שלה במחשבים ניידים חדשים לביקורי לקוחות.
bf43347ef075	6	arrogant	יהיר, שחצן	היהיר	His <b>arrogant</b> attitude made him unpopular with colleagues at work.	היחס <b>היהיר</b> שלו הפך אותו ללא פופולרי בקרב עמיתים בעבודה.
3514f32f35cd	6	associate	לקשר; עמית	מקשרים	Most people <b>associate</b> sunshine with happiness and positive feelings.	רוב האנשים <b>מקשרים</b> בין שמש לבין אושר ותחושות חיוביות.
d4d57fd9cbd1	6	assume	להניח	מניח	I <b>assume</b> you finished your work before leaving the office.	אני <b>מניח</b> שסיימת את העבודה שלך לפני שעזבת את המשרד.
c24e982e3616	6	attend	להשתתף, להיות נוכח	תשתתף	Will you <b>attend</b> the meeting tomorrow at noon?	האם <b>תשתתף</b> בפגישה מחר בצהריים?
97e1b8797c0e	6	attorney	עורך-דין	עורך הדין	The <b>attorney</b> reviewed the contract before the client signed it.	<b>עורך הדין</b> בחן את החוזה לפני שהלקוח חתם עליו.
6e24f49ab2c2	6	auction	מכירה פומבית	במכירה הפומבית	The rare painting sold for a million dollars at the <b>auction</b>.	הציור הנדיר נמכר במיליון דולר <b>במכירה הפומבית</b>.
52f27d562667	6	barn	אסם	האסם	Hay was stacked high inside the red <b>barn</b>.	חציר נערם גבוה בתוך <b>האסם</b> האדום.
cd78f65caec9	6	bat	מחבט; עטלף	המחבט	The player swung the <b>bat</b> hard and hit a home run.	השחקן הניף את <b>המחבט</b> בחוזקה והיכה רץ הביתה.
e5f913170100	6	belief	אמונה	האמונה	Her <b>belief</b> in hard work shaped her entire approach to life.	<b>האמונה</b> שלה בעבודה קשה עיצבה את כל הגישה שלה לחיים.
c51e51bc4f9a	6	bend	לכופף; עיקול	כופף	<b>Bend</b> the metal rod carefully so it does not break.	<b>כופף</b> את מוט המתכת בזהירות כדי שלא יישבר.
db00faa79c43	6	bent	כפוף, כופף	הכפוף	The <b>bent</b> pipe needed to be replaced before winter.	צריך היה להחליף את הצינור <b>הכפוף</b> לפני החורף.
5aea0acf7efa	6	berry	גרגרי יער	גרגר יער	She picked a small red <b>berry</b> from the wild bush behind the house.	היא קטפה <b>גרגר יער</b> אדום קטן מהשיח הפרוע מאחורי הבית.
d288d1e80e22	6	betray	לבגוד	בוגד	He would never <b>betray</b> his best friend no matter what.	הוא לעולם לא היה <b>בוגד</b> בחברו הטוב ביותר לא משנה מה.
5080a5f9d0e6	6	biblical	תנ"כי	תנ כיים	The storm caused flooding of almost <b>biblical</b> proportions across the region.	הסערה גרמה להצפה כמעט בממדים <b>תנ"כיים</b> ברחבי האזור.
83d7fa04c492	6	blanket	שמיכה	השמיכה	The soft <b>blanket</b> kept her warm during the cold night.	<b>השמיכה</b> הרכה שמרה עליה חמה במהלך הלילה הקר.
fc4115c8ce69	6	blew	נשב (רוח), ניפח, פוצץ	נשבה	The wind <b>blew</b> so hard that it knocked down trees.	הרוח <b>נשבה</b> כל כך חזק שהיא הפילה עצים.
4b079a39cfde	6	blur	טשטוש, לטשטש	יטשטש	The rain will <b>blur</b> the car windows and reduce visibility.	הגשם <b>יטשטש</b> את חלונות המכונית ויפחית את הראות.
7c63fff49d47	6	bold	אמיץ, חצוף; מודגש	האמיצה	His <b>bold</b> decision to start a new business surprised everyone.	ההחלטה <b>האמיצה</b> שלו לפתוח עסק חדש הפתיעה את כולם.
08974bc1d494	6	broadcast	לשדר; שידור	בשידור	The station will <b>broadcast</b> the game live on television tonight.	התחנה תשדר את המשחק <b>בשידור</b> חי בטלוויזיה הערב.
2ca5cd0ae947	6	butcher	קצב; לשחוט	הקצב	The <b>butcher</b> cut the meat into thin slices for stew.	<b>הקצב</b> חתך את הבשר לפרוסות דקות לתבשיל.
9162e1cbb7fd	6	candidate	מועמד	המועמד	The <b>candidate</b> for the job answered every question with confidence.	<b>המועמד</b> לתפקיד ענה על כל שאלה בביטחון.
2f92e415e7b6	6	capable	מסוגל, יכול	מסוגלת	She is <b>capable</b> of solving difficult math problems quickly.	היא <b>מסוגלת</b> לפתור בעיות מתמטיות קשות במהירות.
68937684e1a9	6	capital	עיר בירה; אות גדולה; ראשי, משמעותי; הון	עיר הבירה	The <b>capital</b> of France is Paris, a beautiful city.	<b>עיר הבירה</b> של צרפת היא פריז, עיר יפהפייה.
b4bdded76646	6	categorize	לקטלג, למיין, לסווג	תקטלג	The librarian will <b>categorize</b> the new books by subject.	הספרנית <b>תקטלג</b> את הספרים החדשים לפי נושא.
6959772360ae	6	clay	חימר	החימר	The <b>clay</b> was perfect for making a beautiful pottery bowl.	<b>החימר</b> היה מושלם ליצירת קערת קרמיקה יפה.
fd8e2525d859	6	closure	סגירה; סיום	סגירתה	The store announced its <b>closure</b> after thirty years in business.	החנות הודיעה על <b>סגירתה</b> אחרי שלושים שנות פעילות.
fb7276d909ce	6	cloth	בד, אריג; מטלית	הבד	The <b>cloth</b> was soft and perfect for making a cozy blanket.	<b>הבד</b> היה רך ומושלם ליצירת שמיכה נעימה.
00a0666e3cd4	6	cognition	קוגניציה, הכרה	מהקוגניציה	Memory is an important part of human <b>cognition</b>.	הזיכרון הוא חלק חשוב <b>מהקוגניציה</b> האנושית.
c25bb0e80de7	6	colonial	קולוניאלי	הקולוניאלית	The <b>colonial</b> period shaped the history of the Americas.	התקופה <b>הקולוניאלית</b> עיצבה את ההיסטוריה של אמריקה.
b54c480ddc43	6	colony	מושבה	למושבת	The ant <b>colony</b> had thousands of workers and one queen.	<b>למושבת</b> הנמלים היו אלפי פועלות ומלכה אחת.
a025a73dd5cf	6	committee	ועדה	הוועדה	The <b>committee</b> met yesterday to discuss the budget proposal.	<b>הוועדה</b> נפגשה אתמול כדי לדון בהצעת התקציב.
083fff21c6b8	6	compatible	תואם, מתיישב עם, מתאים (זה לזה)	תואמות	These two software programs are <b>compatible</b> with each other.	שתי תוכנות המחשב האלה <b>תואמות</b> זו לזו.
0d1e920e679a	6	concern	דאגה, עניין	הדאגה	Her main <b>concern</b> was whether the children would be safe.	<b>הדאגה</b> העיקרית שלה הייתה אם הילדים יהיו בטוחים.
1ec175e50f23	6	conclusion	מסקנה; סיום	המסקנה	The <b>conclusion</b> of the study shows that exercise helps.	<b>המסקנה</b> של המחקר מראה שפעילות גופנית עוזרת.
c69b5599ffee	6	confession	הודאה, וידוי	הווידוי	Her tearful <b>confession</b> about the missing money surprised everyone at the meeting.	<b>הווידוי</b> הדומע שלה על הכסף שנעלם הפתיע את כולם בפגישה.
e77ce629f9a7	6	construct	לבנות	יבנו	Workers will <b>construct</b> a new bridge across the river.	פועלים <b>יבנו</b> גשר חדש מעל הנהר.
61cdbe3b7c9f	6	contest	תחרות; לערער על, לחלוק על; להתמודד על	בתחרות	She won first place in the singing <b>contest</b> last week.	היא זכתה במקום הראשון <b>בתחרות</b> השירה בשבוע שעבר.
decfd71a40fa	6	copper	נחושת	מנחושת	The old pipes were made of reddish-brown <b>copper</b> commonly used in wiring.	הצינורות הישנים היו עשויים <b>מנחושת</b> חומה-אדמדמה שנפוצה בחיווט.
3347c5bbb552	6	correlate	לתאם, לקשר	מתואמים	Research shows that education and income strongly <b>correlate</b>.	מחקרים מראים שחינוך והכנסה <b>מתואמים</b> בחוזקה.
8d1436421fa9	6	council	מועצה	מועצת	The student <b>council</b> decided to plan a fun event for the school.	<b>מועצת</b> התלמידים החליטה לתכנן אירוע כיפי לבית הספר.
fe98a1feae17	6	criticize	לבקר	יבקרו	Teachers will <b>criticize</b> weak arguments in student essays.	מורים <b>יבקרו</b> טיעונים חלשים בחיבורי תלמידים.
4d599f927e94	6	critique	ביקורת	הביקורת	The <b>critique</b> of his painting was mostly positive overall.	<b>הביקורת</b> על הציור שלו הייתה חיובית ברובה.
e3732b302f46	6	crossroad	צומת	בצומת	The two busy streets met at a <b>crossroad</b> in the center of town.	שני הרחובות העמוסים נפגשו <b>בצומת</b> במרכז העיר.
8db2f15c1ad1	6	culinary	קולינרי, של בישול	לבישול	<b>Culinary</b> schools teach students how to become chefs.	בתי ספר <b>לבישול</b> מלמדים תלמידים איך להפוך לשפים.
5af6e05d4c7c	6	daydream	לחלום בהקיץ	חלמה בהקיץ	She <b>daydreamed</b> about traveling to distant countries during a boring class.	היא <b>חלמה בהקיץ</b> על נסיעות למדינות רחוקות במהלך שיעור משעמם.
9cee76914266	6	debt	חוב	חובה	The company had to pay off its <b>debt</b> in five years.	החברה נאלצה לסלק את <b>חובה</b> תוך חמש שנים.
766d82ede081	6	declare	להכריז	תכריז	The teacher will <b>declare</b> the winner of the science contest today.	המורה <b>תכריז</b> על הזוכה בתחרות המדע היום.
7e74bea2178c	6	decorate	לקשט	נקשט	We will <b>decorate</b> the room with flowers and balloons.	אנחנו <b>נקשט</b> את החדר בפרחים ובבלונים.
4bbf484aaa9e	6	decrease	ירידה, הפחתה; להפחית, לצמצם	ירדו	Temperatures will <b>decrease</b> tomorrow and snow is expected.	הטמפרטורות <b>ירדו</b> מחר וצפוי שלג.
3390671c46e4	6	dedicated	מסור; מוקדש ל-	המסורה	The <b>dedicated</b> teacher spent hours preparing for lessons.	המורה <b>המסורה</b> בילתה שעות בהכנת שיעורים.
6df719948296	6	delicate	עדין	העדין	The <b>delicate</b> vase was carefully wrapped in bubble wrap.	האגרטל <b>העדין</b> נעטף בזהירות בניילון בועות.
99b43177d970	6	demographic	דמוגרפי	הדמוגרפיים	The <b>demographic</b> data clearly showed an aging and declining population.	הנתונים <b>הדמוגרפיים</b> הראו בבירור אוכלוסייה מזדקנת ומצטמצמת.
8819501605d1	6	department-store	חנות כלבו	חנות הכלבו	The <b>department</b>-store sells clothing, home goods, and household items.	<b>חנות הכלבו</b> מוכרת בגדים, מוצרי בית וכלי משק בית.
da36d5dc8fb1	6	desert	מדבר; לנטוש	המדבר	The <b>desert</b> is extremely hot during the day.	<b>המדבר</b> חם מאוד במהלך היום.
89fd69e2e18b	6	determine	לקבוע	יקבעו	Scientists will <b>determine</b> which bacteria caused the infection.	מדענים <b>יקבעו</b> אילו חיידקים גרמו לזיהום.
4afaa24693ed	6	differ	להיות שונה, להיבדל, לחלוק; לחלוק על	נבדלות	The twins look similar, but their opinions <b>differ</b> quite a lot.	התאומים נראים דומים, אבל דעותיהם <b>נבדלות</b> זו מזו במידה רבה.
bbeef7654804	6	discomfort	אי-נוחות	לאי-נוחות	Wearing shoes two sizes too small causes real <b>discomfort</b>.	נעילת נעליים בשני מספרים קטנים מדי גורמת <b>לאי-נוחות</b> ממשית.
4715ca087ce6	6	disloyal	לא נאמן	הלא נאמנים	His <b>disloyal</b> friends abandoned him when he lost his job.	חבריו <b>הלא נאמנים</b> נטשו אותו כשהוא איבד את העבודה.
d98e08994704	6	domestic	ביתי; מקומי, פנים-ארצי; מבוית (חיה)	הביתית	She left her job to focus on <b>domestic</b> responsibilities at home.	היא עזבה את העבודה כדי להתמקד באחריות <b>הביתית</b> בבית.
c4a1f649c56a	6	draft	גיוס; טיוטה; משיכה; רוח פרצים	הגיוס	Young men faced the military <b>draft</b> during the war years.	גברים צעירים ניצבו מול <b>הגיוס</b> הצבאי בשנות המלחמה.
70c811fc6c41	6	duplicate	לשכפל	שכפל	Please <b>duplicate</b> this report and send copies to everyone.	אנא <b>שכפל</b> את הדוח הזה ושלח עותקים לכולם.
bf9c36182980	6	eccentric	מוזר, אקסצנטרי	המוזר	The <b>eccentric</b> professor kept forty cats and never wore matching socks.	הפרופסור <b>המוזר</b> החזיק ארבעים חתולים ולא לבש אף פעם גרביים תואמות.
4b315e86ed15	6	educate	לחנך	מחנכים	Schools <b>educate</b> children in reading, writing, and mathematics.	בתי ספר <b>מחנכים</b> ילדים לקריאה, כתיבה וחשבון.
6b453d50964d	6	encounter	להיתקל ב-, לפגוש; מפגש, היתקלות	נתקלתי	I <b>encountered</b> an old friend at the grocery store yesterday.	<b>נתקלתי</b> בחבר ותיק בסופרמרקט אתמול.
5e67de42f862	6	endanger	לסכן	מסכנת	Careless driving <b>endangers</b> the lives of everyone on the road.	נהיגה פזיזה <b>מסכנת</b> את חייהם של כל הנוסעים בכביש.
5c829ef97eae	6	engagement	מעורבות, התחייבות; אירוסין	המחויבות	Her strong <b>engagement</b> with the charity project lasted for many years.	<b>המחויבות</b> העמוקה שלה לפרויקט הצדקה נמשכה שנים רבות.
259305eb8012	6	enormous	עצום	עצומה	The elephant was an <b>enormous</b> animal weighing several tons.	הפיל היה חיה <b>עצומה</b> ששקלה כמה טונות.
0c8a0981e078	6	ensure	להבטיח	מבטיחות	Locked doors <b>ensure</b> that nobody enters without permission.	דלתות נעולות <b>מבטיחות</b> שאף אחד לא ייכנס בלי אישור.
efc9a1a56aa9	6	enthusiastic	נלהב	נלהבת	She was so <b>enthusiastic</b> about the new project that she arrived early and stayed late.	היא הייתה כל כך <b>נלהבת</b> מהפרויקט החדש שהגיעה מוקדם ונשארה עד מאוחר.
89c0839b2905	6	entitled	זכאי	זכאים	Senior citizens are <b>entitled</b> to discounts at many stores.	אזרחים ותיקים <b>זכאים</b> להנחות בחנויות רבות.
0872642b2297	6	envelope	מעטפה	למעטפה	She put the letter in a white <b>envelope</b> carefully.	היא הכניסה את המכתב <b>למעטפה</b> לבנה בזהירות.
f052c37338b0	6	equip	לצייד	צייד	The army <b>equipped</b> soldiers with weapons and protective gear.	הצבא <b>צייד</b> את החיילים בנשק ובציוד מגן.
47cfce706ea4	6	eraser	מחק	במחק	She used an <b>eraser</b> to remove the pencil marks.	היא השתמשה <b>במחק</b> כדי להסיר את סימוני העיפרון.
1fee426b4fd7	6	establish	לייסד; לבסס	נוסדה	The company was <b>established</b> fifty years ago by two brothers.	החברה <b>נוסדה</b> לפני חמישים שנה בידי שני אחים.
e22d8ee9b288	6	evolutionary	אבולוציוני, התפתחותי	התפתחותיים	<b>Evolutionary</b> changes in animals happen over thousands of years.	שינויים <b>התפתחותיים</b> בבעלי חיים מתרחשים במשך אלפי שנים.
d80086863130	6	expose	לחשוף, להעמיד בפני	חשף	The journalist <b>exposed</b> the company's illegal business practices.	העיתונאי <b>חשף</b> את הנוהגים העסקיים הבלתי חוקיים של החברה.
297bee582913	6	facility	מתקן	מתקנים	The hospital has modern <b>facilities</b> such as clean rooms and comfortable beds.	לבית החולים יש <b>מתקנים</b> מודרניים כמו חדרים נקיים ומיטות נוחות.
a74f74d8dde5	6	fade	לדהות, לדעוך	דוהים	The colors of the old carpet <b>fade</b> in bright sunlight.	הצבעים של השטיח הישן <b>דוהים</b> באור שמש חזק.
a4f5e0159e88	6	fame	תהילה, פרסום	לתהילה	The athlete achieved <b>fame</b> after winning the championship.	הספורטאי זכה <b>לתהילה</b> לאחר שניצח באליפות.
03e8d3b83bdf	6	fancy	מפואר, מחבב; מגונדר; לחבב	העדיפה	She <b>fancied</b> spending time at the beach more than staying in the city.	היא <b>העדיפה</b> לבלות זמן בחוף הים יותר מאשר להישאר בעיר.
e4ccdec27a9b	6	faulty	לקוי, לא תקין	הלקויים	The <b>faulty</b> brakes caused the car accident last week.	הבלמים <b>הלקויים</b> גרמו לתאונת הדרכים בשבוע שעבר.
94f23265a8fe	6	favored	מועדף	המועדפת	The <b>favored</b> team won the championship easily this year.	הקבוצה <b>המועדפת</b> ניצחה באליפות בקלות השנה.
a5b8f5dba5ed	6	folk	עממי; אנשים	עממית	<b>Folk</b> music tells stories of ordinary people's lives.	מוזיקה <b>עממית</b> מספרת סיפורים על חייהם של אנשים פשוטים.
4abc84f75e29	6	for the most part	בדרך-כלל	בדרך כלל	<b>For the most part</b>, people enjoy spending time outdoors.	<b>בדרך כלל</b>, אנשים נהנים לבלות זמן בחוץ.
efaf34d57c7f	6	formulate	לנסח	מנסחים	Scientists <b>formulate</b> their theories carefully based on observations.	מדענים <b>מנסחים</b> את התיאוריות שלהם בזהירות על סמך תצפיות.
15d7b03a3347	6	fort	מצודה, מבצר	המצודה	The old <b>fort</b> protected the city from enemy attacks.	<b>המצודה</b> הישנה הגנה על העיר מפני התקפות אויב.
7b3231ae2c26	6	fortunate	בעל מזל	בת מזל	She was <b>fortunate</b> to survive the serious car accident.	היא הייתה <b>בת מזל</b> ששרדה את תאונת הדרכים הקשה.
72b4d456b44f	6	fur	פרווה	הפרווה	The rabbit's soft <b>fur</b> was warm and very fluffy.	<b>הפרווה</b> הרכה של הארנב הייתה חמה ותפוחה מאוד.
633ce9d60024	6	gamble	הימר	להמר	He decided to <b>gamble</b> all his money at the casino.	הוא החליט <b>להמר</b> את כל כספו בקזינו.
d41098749fa4	6	generous	נדיב	נדיבה	She gave a <b>generous</b> donation to the children's hospital.	היא תרמה תרומה <b>נדיבה</b> לבית החולים לילדים.
8aa7ecd54c76	6	graduate	בוגר, לסיים לימודים	תסיים את לימודיה	She will <b>graduate</b> from university next spring with honors.	היא <b>תסיים את לימודיה</b> באוניברסיטה באביב הבא בהצטיינות.
c39c559b03bb	6	guillotine	גיליוטינה	הגיליוטינה	The old <b>guillotine</b> in the museum was once used for executions.	<b>הגיליוטינה</b> הישנה במוזיאון שימשה פעם להוצאות להורג.
c3d65d725644	6	gunpowder	אבק שריפה	אבק השריפה	<b>Gunpowder</b> was invented in China and changed warfare forever.	<b>אבק השריפה</b> הומצא בסין ושינה את פני הלוחמה לתמיד.
4c5be0dddad5	6	gymnasium	אולם ספורט	באולם הספורט	The <b>gymnasium</b> has basketball courts and weight lifting equipment.	<b>באולם הספורט</b> יש מגרשי כדורסל וציוד להרמת משקולות.
9e752abf4986	6	harmless	שאינו מזיק	אינה מזיקה	The medication is <b>harmless</b> and has no serious side effects.	התרופה <b>אינה מזיקה</b> ואין לה תופעות לוואי חמורות.
e6de1fa2f655	6	hierarchy	היררכיה, מדרג	ההיררכיה	The company <b>hierarchy</b> shows who reports to whom clearly.	<b>ההיררכיה</b> בחברה מראה בבירור מי כפוף למי.
08a813238a23	6	hilarious	מצחיק	המצחיקות	His <b>hilarious</b> jokes made everyone laugh all evening long.	הבדיחות <b>המצחיקות</b> שלו גרמו לכולם לצחוק כל הערב.
33250cc0b4da	6	horrific	מזעזע, איום	האיומה	The <b>horrific</b> car crash left three vehicles crushed beyond recognition.	תאונת הדרכים <b>האיומה</b> השאירה שלושה כלי רכב מרוסקים עד בלי הכר.
e8e676a06a40	6	illustrator	מאייר	המאייר	The <b>illustrator</b> created beautiful pictures for the children's book.	<b>המאייר</b> יצר תמונות יפהפיות לספר הילדים.
ef2f01021a8d	6	imaginative	בעל דמיון עשיר, יצירתי, מלא דמיון	המלאים בדמיון	Her <b>imaginative</b> stories captured the hearts of young readers.	הסיפורים <b>המלאים בדמיון</b> שלה כבשו את ליבם של הקוראים הצעירים.
62a231ab73c3	6	immoral	לא מוסרי	לא מוסרית	He refused to engage in <b>immoral</b> behavior even for profit.	הוא סירב לנהוג בצורה <b>לא מוסרית</b> אפילו למען רווח.
ebad962961ee	6	import	לייבא	מייבאת	The company <b>imports</b> coffee beans from farms in Brazil.	החברה <b>מייבאת</b> פולי קפה מחוות בברזיל.
5007d238b6be	6	inactivity	חוסר פעילות	חוסר הפעילות	After the surgery, his <b>inactivity</b> caused his muscles to weaken quickly.	לאחר הניתוח, <b>חוסר הפעילות</b> שלו גרם לשריריו להיחלש במהירות.
a5f14a88f72b	6	inclusive	כולל	כוללת	The resort's package is <b>inclusive</b> of meals, rooms, and airport transfers.	החבילה של אתר הנופש <b>כוללת</b> ארוחות, חדרים והסעות משדה התעופה.
52c48036e9d6	6	index	מדד; מפתח (רשימת ערכים אלפביתית בסוף ספר)	המדד	The economic <b>index</b> showed consumer spending patterns improved this year.	<b>המדד</b> הכלכלי הראה שדפוסי ההוצאה הצרכנית השתפרו השנה.
e9ca42156b4d	6	indicate	להצביע על	מצביעים	Dark clouds <b>indicate</b> that rain will fall within the next few hours.	עננים כהים <b>מצביעים</b> על כך שגשם ירד בתוך השעות הקרובות.
cec0ea5633ab	6	inexpensive	לא יקר, זול	זולות	She bought <b>inexpensive</b> shoes that looked nearly identical to expensive brands.	היא קנתה נעליים <b>זולות</b> שנראו כמעט זהות למותגים יקרים.
9bd70d9df351	6	influential	רב-השפעה	רב ההשפעה	The <b>influential</b> journalist's article shaped national conversation about the policy.	המאמר של העיתונאי <b>רב ההשפעה</b> עיצב את השיח הלאומי סביב המדיניות.
035f8976d7a1	6	inject	להזריק	יזריק	The doctor will <b>inject</b> medicine into your arm to manage pain.	הרופא <b>יזריק</b> תרופה לזרוע שלך כדי לשלוט בכאב.
5eae38fd48a3	6	injure	לפצוע	פצעה	A careless tackle during the game <b>injured</b> his ankle badly.	כניסה רשלנית במהלך המשחק <b>פצעה</b> קשות את הקרסול שלו.
1172228b57fd	6	innovative	חדשני	החדשנית	Her <b>innovative</b> teaching method used tools no classroom had tried before.	שיטת ההוראה <b>החדשנית</b> שלה השתמשה בכלים שאף כיתה לא ניסתה קודם לכן.
0a836849e5de	6	insert	להכניס	הכנס	Please <b>insert</b> your credit card into the machine to withdraw money.	אנא <b>הכנס</b> את כרטיס האשראי שלך למכשיר כדי למשוך כסף.
fb016f1c6cb3	6	insist	להתעקש	תתעקש	She will <b>insist</b> on visiting her parents every weekend without fail.	היא <b>תתעקש</b> לבקר את הוריה בכל סוף שבוע בלי יוצא מן הכלל.
18f1e2f07017	6	instruction	הוראה, הדרכה	ההוראות	The <b>instruction</b> manual shows how to assemble the furniture step by step.	חוברת <b>ההוראות</b> מראה כיצד להרכיב את הרהיט צעד אחר צעד.
4bc302e8d25d	6	interest	עניין; ריבית	העניין	Her <b>interest</b> in marine biology started when she was nine years old.	<b>העניין</b> שלה בביולוגיה ימית התחיל כשהיא הייתה בת תשע.
9daa6d25b83d	6	inventor	ממציא	הממציא	The <b>inventor</b> of the smartphone changed how we communicate with people.	<b>הממציא</b> של הסמארטפון שינה את הדרך שבה אנחנו מתקשרים עם אנשים.
3ceb676ca65d	6	investing	להשקיע	משקיע	He is <b>investing</b> his savings in real estate and technology startups.	הוא <b>משקיע</b> את החסכונות שלו בנדל"ן ובסטארטאפים טכנולוגיים.
dd55e6d847b9	6	involve	לכלול, לערב	יערב	This project will <b>involve</b> all departments working together throughout the month.	הפרויקט הזה <b>יערב</b> את כל המחלקות שיעבדו יחד לאורך החודש.
4683dea5cee3	6	jog	ריצה, ג'וגינג, לרוץ	רצה	She <b>jogs</b> three miles every morning before going to work downtown.	היא <b>רצה</b> שלושה מייל כל בוקר לפני שהיא הולכת לעבודה במרכז העיר.
73c1e06c3774	6	joint	משותף; מפרק, חיבור	המשותף	The <b>joint</b> effort of both teams resulted in a successful product launch.	המאמץ <b>המשותף</b> של שתי הקבוצות הוביל להשקה מוצלחת של המוצר.
7ed5303bff83	6	joyous	שמח, עליז	השמחה	The <b>joyous</b> celebration continued late into the evening with music and dancing.	החגיגה <b>השמחה</b> נמשכה עד שעה מאוחרת בערב עם מוזיקה וריקודים.
cb4404d3a929	6	judgment	שיפוט; שיקול דעת, פסק דין	השיפוט	The court's <b>judgment</b> in the case was fair, and no one appealed.	<b>השיפוט</b> של בית המשפט בתיק היה הוגן, ואף אחד לא ערער.
2f366707aa37	6	just	מדויק, אמיתי; רק, בלבד; צודק, הוגן	בדיוק	The timing has to be <b>just</b> right for this card trick to work.	התזמון חייב להיות מדויק <b>בדיוק</b> כדי שתעלול הקלפים הזה יעבוד.
c0819a8d7e1e	6	lane	נתיב, מסלול	במסלול	Stay in your <b>lane</b> on the highway to avoid accidents and collisions.	הישאר <b>במסלול</b> שלך בכביש המהיר כדי להימנע מתאונות והתנגשויות.
29f90a2cc814	6	launch	לשגר, להוציא לדרך; להשיק, להתחיל	תשגר	The space agency will <b>launch</b> the rocket into orbit tomorrow morning.	סוכנות החלל <b>תשגר</b> את הרקטה למסלול מחר בבוקר.
70ca3fb42ce7	6	legalize	להפוך חוקי, לאשר	יהפוך לחוקי	The new law will <b>legalize</b> online sales of homemade baked goods.	החוק החדש <b>יהפוך לחוקי</b> את המכירה המקוונת של מאפים ביתיים.
7897d53de8d7	6	lengthy	ארוך, מייגע	הארוך	The <b>lengthy</b> speech bored most of the audience in the large auditorium.	הנאום <b>הארוך</b> שיעמם את רוב הקהל באולם הגדול.
f6bcd21f74e7	6	limitation	מגבלה	המגבלה	His physical <b>limitation</b> prevented him from competing in the sports tournament.	<b>המגבלה</b> הפיזית שלו מנעה ממנו להתחרות בטורניר הספורט.
b78960a386da	6	linguistic	לשוני	הלשוניים	The <b>linguistic</b> differences between English and Mandarin are quite significant overall.	ההבדלים <b>הלשוניים</b> בין אנגלית למנדרינית משמעותיים למדי בסך הכול.
32fe02354feb	6	literal	מילולי, כפשוטו	המילולית	His <b>literal</b> interpretation of the joke confused everyone who heard it.	הפרשנות <b>המילולית</b> שלו לבדיחה בלבלה את כל מי ששמע אותה.
906bf2fcc15e	6	loudspeaker	רמקול	ברמקול	The <b>loudspeaker</b> announcement told everyone to evacuate the building immediately.	ההכרזה <b>ברמקול</b> אמרה לכולם לפנות את הבניין באופן מיידי.
0049b9835abb	6	luggage	מזוודות	המזוודות	We packed our <b>luggage</b> carefully to fit everything in the small airplane.	ארזנו את <b>המזוודות</b> שלנו בזהירות כדי שהכול ייכנס למטוס הקטן.
cdf2a5b8c5a4	6	lyric	מילות שיר; לירי	מילות השיר	This beautiful <b>lyric</b> expresses deep sadness about losing someone he loved.	<b>מילות השיר</b> היפות האלה מבטאות עצב עמוק על אובדן מישהו שהוא אהב.
ba2b52cadcf4	6	magnificent	מפואר, נהדר, מרהיב	המפוארת	The <b>magnificent</b> architecture of the palace amazed every visitor who saw it.	האדריכלות <b>המפוארת</b> של הארמון הדהימה כל מבקר שראה אותה.
e5262c488a0a	6	mailman	דוור	הדוור	The <b>mailman</b> delivers letters and packages to each house on this street.	<b>הדוור</b> מחלק מכתבים וחבילות לכל בית ברחוב הזה.
ad1570797a45	6	mandate	מנדט, ייפוי כוח; לחייב	המנדט	The government's <b>mandate</b> requires all businesses to follow the new safety rules.	<b>המנדט</b> של הממשלה מחייב את כל העסקים לפעול לפי כללי הבטיחות החדשים.
3e3cc4580825	6	manner	התנהגות, אופן	האופן	His rude <b>manner</b> of speaking offended several people at the meeting.	<b>האופן</b> הגס שבו דיבר פגע בכמה אנשים בפגישה.
5586745007c9	6	marine	ימי	ימיים	Dolphins and whales are examples of <b>marine</b> animals living in the ocean.	דולפינים ולווייתנים הם דוגמאות לבעלי חיים <b>ימיים</b> החיים באוקיינוס.
4df1fea207ec	6	mathematician	מתמטיקאי	המתמטיקאי	The brilliant <b>mathematician</b> solved the complex equation in under an hour.	<b>המתמטיקאי</b> המבריק פתר את המשוואה המורכבת בפחות משעה.
8ed83f29c582	6	mayor	ראש עיר	ראש העיר	The <b>mayor</b> announced new funding for schools and public transportation systems.	<b>ראש העיר</b> הכריז על מימון חדש לבתי ספר ולמערכות תחבורה ציבורית.
a5523cee77d8	6	migrate	לנדוד, להגר	מהגרות	Birds <b>migrate</b> south every winter to find warmer climates and food.	ציפורים <b>מהגרות</b> דרומה מדי חורף כדי למצוא אקלים חם יותר ומזון.
dd9d85759763	6	migration	הגירה; נדידה	הגירת	The <b>migration</b> of millions of workers to cities changed the country's economy.	<b>הגירת</b> מיליוני עובדים לערים שינתה את כלכלת המדינה.
3ada06a5ea7f	6	minority	מיעוט	המיעוט	The <b>minority</b> opinion was heard but ultimately rejected by the committee.	דעת <b>המיעוט</b> נשמעה אך בסופו של דבר נדחתה על ידי הוועדה.
0a9eaa1112af	6	monk	נזיר	הנזיר	The <b>monk</b> spent his entire life in prayer within the monastery walls.	<b>הנזיר</b> בילה את כל חייו בתפילה בין כותלי המנזר.
28661f95770f	6	mountainside	מדרון	המדרון	Goats climbed the steep <b>mountainside</b> searching for grass and water sources.	עיזים טיפסו על <b>המדרון</b> התלול בחיפוש אחר עשב ומקורות מים.
e7ff2d6d7664	6	narcotic	סם	לסמים	Doctors must limit <b>narcotic</b> prescriptions to prevent addiction in their patients.	רופאים חייבים להגביל מרשמים <b>לסמים</b> כדי למנוע התמכרות אצל המטופלים שלהם.
1c66603c7f42	6	narrative	סיפור, נרטיב	הסיפור	Her <b>narrative</b> account of the accident helped police understand what happened.	<b>הסיפור</b> שלה על התאונה עזר למשטרה להבין מה קרה.
dfc452eb2d4c	6	noble	אציל, אצילי	האצילי	His <b>noble</b> act of donating his bone marrow saved a stranger's life.	המעשה <b>האצילי</b> שלו לתרום מח עצם הציל את חייו של זר.
4b47bb291e76	6	nominated	מועמד	כמועמדת	She was <b>nominated</b> for the award because of her groundbreaking research work.	היא הוצעה <b>כמועמדת</b> לפרס בזכות עבודת המחקר פורצת הדרך שלה.
4a0d2fa1829b	6	novel	רומן, סיפור; חדש	הרומן	The <b>novel</b> explores themes of identity and belonging throughout its narrative.	<b>הרומן</b> חוקר נושאים של זהות ושייכות לאורך כל העלילה.
8ade8a567d98	6	objection	התנגדות	ההתנגדות	His <b>objection</b> to the plan was reasonable and based on solid evidence.	<b>ההתנגדות</b> שלו לתוכנית הייתה סבירה והתבססה על ראיות מוצקות.
f167b9ef8385	6	occasion	אירוע, סיבה, הזדמנות	האירוע	The <b>occasion</b> of his retirement brought colleagues together to celebrate his career.	<b>האירוע</b> של פרישתו לגמלאות אסף את עמיתיו לחגוג את הקריירה שלו.
719a0e56b33d	6	occur	קרה, התרחש	מתרחשות	Earthquakes <b>occur</b> frequently in California due to its position on fault lines.	רעידות אדמה <b>מתרחשות</b> לעיתים קרובות בקליפורניה בשל מיקומה על קווי שבר.
b4a8ddc0b4bf	6	octopus	תמנון	לתמנון	The <b>octopus</b> has eight tentacles that it uses to hunt for food.	<b>לתמנון</b> יש שמונה זרועות שבהן הוא משתמש כדי לצוד מזון.
e0d52651e967	6	old-fashioned	מיושן	המיושנת	Her <b>old</b>-fashioned dress reminded everyone of fashion styles from fifty years ago.	השמלה <b>המיושנת</b> שלה הזכירה לכולם סגנונות אופנה מלפני חמישים שנה.
a42784aad9cb	6	once in a while	מידי פעם	מדי פעם	I eat fast food <b>once in a while</b> when I am busy.	אני אוכל אוכל מהיר <b>מדי פעם</b> כשאני עסוק.
506dc4dc854b	6	onion	בצל	הבצל	She chopped the <b>onion</b> into small pieces for the salad mixture.	היא קצצה את <b>הבצל</b> לחתיכות קטנות לתערובת הסלט.
ee03a75c8a48	6	oppose	להתנגד ל-, להתייצב נגד	תתנגד	The community will <b>oppose</b> any plan to close the local school.	הקהילה <b>תתנגד</b> לכל תוכנית לסגור את בית הספר המקומי.
70775ded4b02	6	orchestrate	לתאם, לתזמר	תיאמה	She <b>orchestrated</b> dozens of moving parts to pull off the surprise party perfectly.	היא <b>תיאמה</b> עשרות גורמים כדי להוציא לפועל את מסיבת ההפתעה בצורה מושלמת.
92afdb5212e4	6	organ	אורגן (כלי נגינה); איבר	באורגן	He learned to play the <b>organ</b> at the old church.	הוא למד לנגן <b>באורגן</b> בכנסייה הישנה.
835a6b4ada49	6	outdated	מיושן	מיושנים	Those computer models are now <b>outdated</b> and can't run modern software.	דגמי המחשבים האלה <b>מיושנים</b> כעת ואינם יכולים להריץ תוכנה מודרנית.
b770d1192788	6	palm	דקל; כף יד	הדקל	The <b>palm</b> trees swayed gently in the warm tropical breeze.	עצי <b>הדקל</b> התנדנדו בעדינות ברוח הטרופית החמה.
ac777b52bd6d	6	parenting	הורות	ההורות	Her <b>parenting</b> style focused on setting clear limits while showing her kids warmth.	סגנון <b>ההורות</b> שלה התמקד בקביעת גבולות ברורים תוך הפגנת חום כלפי ילדיה.
2ae06662fa53	6	particular	מסוים, ספציפי; מיוחד; (about) קפדן, בררן	מסוימת	Is there a <b>particular</b> restaurant you'd like to try tonight?	יש מסעדה <b>מסוימת</b> שהיית רוצה לנסות הערב?
22cfa270e4da	6	patrol	סיור; לסייר	מסיירים	Police officers <b>patrol</b> the downtown area every night for safety.	שוטרים <b>מסיירים</b> באזור מרכז העיר כל לילה למען הביטחון.
d09aab253a9b	6	permit	אישור, רישיון; להרשות, להתיר	מתירים	The new rules do not <b>permit</b> smoking in any workplace.	החוקים החדשים אינם <b>מתירים</b> עישון בשום מקום עבודה.
fe511ca909c1	6	phase	שלב, דרגה	בשלב	The project is now in the final <b>phase</b> of development.	הפרויקט נמצא כעת <b>בשלב</b> האחרון של הפיתוח.
2039d12e6733	6	physicist	פיזיקאי	הפיזיקאי	The <b>physicist</b> conducted an experiment to test his revolutionary theory.	<b>הפיזיקאי</b> ערך ניסוי כדי לבחון את התיאוריה המהפכנית שלו.
d3aeac631126	6	plot	עלילה; חלקה (חלקת אדמה); להכין תרשים; לזמום, לקשור קשר	העלילה	The mystery novel's complex <b>plot</b> kept readers guessing until the end.	<b>העלילה</b> המורכבת של רומן המתח גרמה לקוראים לנחש עד הסוף.
5341c99be323	6	polish	פולני; להבריק, לצחצח	הפולנית	The <b>Polish</b> embroidery featured intricate patterns passed down through generations.	הרקמה <b>הפולנית</b> כללה דוגמאות מורכבות שעברו מדור לדור.
e7369ed57fd6	6	possession	רכוש, בעלות; חזקה	ברשותו	His most valuable <b>possession</b> was the antique watch from his grandfather.	הדבר היקר ביותר שהיה <b>ברשותו</b> היה השעון העתיק שקיבל מסבו.
adc23a0872ec	6	poverty	עוני	בעוני	Many families lived in <b>poverty</b> without access to clean water.	משפחות רבות חיו <b>בעוני</b> ללא גישה למים נקיים.
84aefdfafd6d	6	praise	לשבח	שיבח	The coach <b>praised</b> the team for their hard work and dedication.	המאמן <b>שיבח</b> את הקבוצה על העבודה הקשה והמסירות שלה.
3e75c4184d54	6	precise	מדויק	מדויקות	We need <b>precise</b> measurements to build this cabinet correctly.	אנחנו צריכים מדידות <b>מדויקות</b> כדי לבנות את הארון הזה כראוי.
9335d1415368	6	preferable	עדיף	עדיפים	Fresh vegetables are <b>preferable</b> to frozen ones for making healthy meals.	ירקות טריים <b>עדיפים</b> על קפואים להכנת ארוחות בריאות.
07852260b8d5	6	prevention	מניעה	מניעת	Crime <b>prevention</b> requires both community involvement and effective policing.	<b>מניעת</b> פשיעה דורשת גם מעורבות קהילתית וגם שיטור יעיל.
f04b20caf7ca	6	procedure	הליך, נוהל	ההליך	Follow the correct <b>procedure</b> when operating this heavy machinery.	יש לעקוב אחר <b>ההליך</b> הנכון בעת הפעלת המכונה הכבדה הזו.
8934de5a3330	6	profitable	רווחי	כרווחית	The company's new strategy proved very <b>profitable</b> within just one year.	האסטרטגיה החדשה של החברה התבררה <b>כרווחית</b> מאוד תוך שנה אחת בלבד.
9700ba1e21b9	6	property	תכונה; רכוש	התכונה	Gold has the <b>property</b> of being both rare and valuable.	לזהב יש את <b>התכונה</b> שהוא נדיר ויקר ערך כאחד.
e98285c5175e	6	rather	עדיף; למדי	מעדיף	I would <b>rather</b> stay home than go to the party.	הייתי <b>מעדיף</b> להישאר בבית מאשר ללכת למסיבה.
88bab953b322	6	refusal	סירוב	הסירוב	His <b>refusal</b> to admit the mistake angered everyone in the room.	<b>הסירוב</b> שלו להודות בטעות הכעיס את כולם בחדר.
171ba2307b82	6	remains	נשאר, עדיין; שרידים	נשארת	Despite the setbacks, she <b>remains</b> determined to finish the marathon.	למרות המכשולים, היא <b>נשארת</b> נחושה לסיים את המרתון.
0069d2cd3841	6	remarkable	ראוי לציון, יוצא דופן	יוצא הדופן	Her <b>remarkable</b> talent for languages impressed everyone who met her.	הכישרון <b>יוצא הדופן</b> שלה לשפות הרשים את כל מי שפגש אותה.
efa7f636e615	6	residence	מגורים	מגוריה	After college, she moved her <b>residence</b> to the city center.	אחרי הקולג', היא העתיקה את מקום <b>מגוריה</b> למרכז העיר.
834d43efa1fc	6	result in	לגרום ל, הסתיים ב-; להוביל ל	להסתיים	Poor planning can <b>result in</b> costly mistakes and project delays.	תכנון לקוי עלול <b>להסתיים</b> בטעויות יקרות ובעיכובים בפרויקט.
bfe18cc988dd	6	revolutionary	מהפכני	המהפכנית	The <b>revolutionary</b> technology changed how we think about transportation.	הטכנולוגיה <b>המהפכנית</b> שינתה את האופן שבו אנחנו חושבים על תחבורה.
b5315fa37e2d	6	rubbish	זבל; שטויות	הזבל	Please put the <b>rubbish</b> in the bin before leaving.	בבקשה שימו את <b>הזבל</b> בפח לפני שאתם עוזבים.
7bb4b2efbe60	6	sacred	קדוש	קדושה	Sunday family dinner was <b>sacred</b> in their house, and nothing interrupted it.	ארוחת המשפחה בימי ראשון הייתה <b>קדושה</b> בביתם, ושום דבר לא הפריע לה.
5d31898beff2	6	sanction	סנקציה, עונש; לאשר, להתיר, לתת גושפנקה	סנקציות	The school imposed strict <b>sanctions</b> on students who broke the dress code.	בית הספר הטיל <b>סנקציות</b> חמורות על תלמידים שהפרו את קוד הלבוש.
d47882df6042	6	scale	קנה מידה, מאזניים; לעלות, לטפס; סולם, סקלה	המאזניים	The <b>scale</b> showed that he had gained ten pounds since last year.	<b>המאזניים</b> הראו שהוא עלה חמישה קילו מאז השנה שעברה.
2daabc457242	6	sequel	המשך	ההמשך	The <b>sequel</b> to that popular book was even better than the original.	<b>ההמשך</b> לספר הפופולרי הזה היה אפילו טוב יותר מהמקורי.
d349f53d1fd6	6	shuffle	לערבב; לגרור רגליים	ערבבו	Please <b>shuffle</b> the deck before dealing the cards to everyone.	בבקשה <b>ערבבו</b> את חפיסת הקלפים לפני שמחלקים אותם לכולם.
0deec4a19e03	6	similarly	באופן דומה	ובאופן דומה	He struggled with math, and <b>similarly</b>, his sister found it difficult.	הוא התקשה במתמטיקה, <b>ובאופן דומה</b>, אחותו מצאה אותה קשה.
246498a38ccc	6	skepticism	ספקנות	הספקנות	Her <b>skepticism</b> about the plan proved justified when problems arose.	<b>הספקנות</b> שלה לגבי התוכנית התבררה כמוצדקת כשצצו בעיות.
99c500f83701	6	snap	להישבר; במהירות (סלנג)	יישבר	The branch will <b>snap</b> if you try to bend it too far.	הענף <b>יישבר</b> אם תנסה לכופף אותו יותר מדי.
3406b1a28b18	6	sophisticated	מתוחכם	המתוחכם	The <b>sophisticated</b> equipment required extensive training to operate properly.	הציוד <b>המתוחכם</b> דרש הכשרה נרחבת כדי להפעיל אותו כראוי.
e2fcd50ea6f4	6	spectacular	מדהים	מדהימה	The fireworks display was absolutely <b>spectacular</b> and thrilled the crowd.	תצוגת הזיקוקים הייתה <b>מדהימה</b> לחלוטין וריגשה את הקהל.
a0620fca1f25	6	strengthen	לחזק	תחזק	Regular exercise will <b>strengthen</b> your muscles over time.	פעילות גופנית סדירה <b>תחזק</b> את השרירים שלך עם הזמן.
23fbbf4308a3	6	strike	הכה, התקיף; שביתה	להכות	Lightning can <b>strike</b> at any moment during storms.	ברק יכול <b>להכות</b> בכל רגע במהלך סופות.
76801bb02fe4	6	superior	עדיף, עליון; ממונה	עליונים	Her scores were clearly <b>superior</b> to everyone else's in the class.	ציוניה היו <b>עליונים</b> בבירור על ציוני כל השאר בכיתה.
1cc61261e23e	6	suspense	השהיה, מתח	המתח	The <b>suspense</b> in the film kept us guessing until the final moment.	<b>המתח</b> בסרט גרם לנו לנחש עד הרגע האחרון.
1326cfc69261	6	temple	מקדש; רקה	המקדש	Tourists explored the ancient <b>temple</b> built by an early civilization.	תיירים חקרו את <b>המקדש</b> העתיק שנבנה בידי ציוויליזציה קדומה.
6b5a8930f36f	6	tend	נוטה; לטפל	נוטים	Older people <b>tend</b> to wake up much earlier.	אנשים מבוגרים <b>נוטים</b> להתעורר הרבה יותר מוקדם.
7e291d87c71c	6	tension	מתח	המתח	The <b>tension</b> between them grew over several months.	<b>המתח</b> ביניהם גבר במשך כמה חודשים.
dd7340194977	6	trace	סימן, עקבה; לעקוב, למצוא	עקבת	The detective found an important <b>trace</b> of blood outside.	הבלש מצא <b>עקבת</b> דם חשובה בחוץ.
b573ebc89700	6	transparent	שקוף	השקופים	The <b>transparent</b> glass walls allowed everyone to see outside.	קירות הזכוכית <b>השקופים</b> אפשרו לכולם לראות החוצה.
ef984231a0e9	6	trial	נסיון; משפט; ניסוי	ניסויים	The scientist ran several <b>trials</b> before getting a clear result.	המדען ערך כמה <b>ניסויים</b> לפני שקיבל תוצאה ברורה.
f7cbcbaeeef1	6	tribe	שבט	השבט	The <b>tribe</b> lived together in a village nearby.	<b>השבט</b> חי יחד בכפר סמוך.
a2baed582e56	6	unattractive	לא מושך	ולא מושך	The old building was dark and quite <b>unattractive</b>.	הבניין הישן היה חשוך <b>ולא מושך</b> במיוחד.
eea5dee32fb3	6	uncritical	לא ביקורתי	הלא ביקורתית	His <b>uncritical</b> acceptance of all advice proved foolish.	הקבלה <b>הלא ביקורתית</b> שלו של כל עצה התבררה כטיפשית.
1e1982261ccc	6	unexplored	לא נחקר, לא נבדק	שלא נחקרו	Many <b>unexplored</b> caves exist deep beneath the mountains.	עמוק מתחת להרים יש מערות רבות <b>שלא נחקרו</b>.
1b4879313bb8	6	unfamiliar	לא מוכר	הלא מוכרת	The <b>unfamiliar</b> language made it hard to order.	השפה <b>הלא מוכרת</b> הקשתה להזמין.
a6a61dbaa79f	6	unforgettable	בלתי נשכח	הבלתי נשכח	Years later, she could still describe every detail of that <b>unforgettable</b> day.	שנים לאחר מכן, היא עדיין הצליחה לתאר כל פרט מהיום <b>הבלתי נשכח</b> ההוא.
89b9e15bf379	6	unimaginable	בלתי נתפס	הבלתי נתפס	No one could picture the <b>unimaginable</b> size of the universe.	איש לא הצליח לדמיין את הגודל <b>הבלתי נתפס</b> של היקום.
1e22b5566f32	6	unjust	לא צודק	הלא צודק	The <b>unjust</b> punishment of the innocent shocked everyone.	העונש <b>הלא צודק</b> שהוטל על החפים מפשע הלם את כולם.
1c9b34deb58f	6	unorthodox	לא שגרתי, לא מקובל	הלא שגרתיות	His <b>unorthodox</b> teaching methods confused many of the students.	שיטות ההוראה <b>הלא שגרתיות</b> שלו בלבלו תלמידים רבים.
3434744cf42f	6	unwilling	לא מוכן, ממאן	לא מוכנה	Even after his apology, she remained completely <b>unwilling</b> to forgive him.	גם אחרי ההתנצלות שלו, היא נשארה לגמרי <b>לא מוכנה</b> לסלוח לו.
01d9192b2fa8	6	using up	לכלות, לנצל עד תום	מכלים	We are <b>using up</b> all of our money.	אנחנו <b>מכלים</b> את כל הכסף שלנו.
8c9ba29472af	6	vertical	מאונך	המאונכים	The <b>vertical</b> lines on the wall run from top to bottom.	הקווים <b>המאונכים</b> על הקיר עוברים מלמעלה למטה.
14efa1cdbda0	6	volcanic	וולקני, געשי	הוולקנית	The <b>volcanic</b> eruption destroyed much of the area.	ההתפרצות <b>הוולקנית</b> הרסה חלק גדול מהאזור.
e6490ce03b76	6	vulnerable	פגיע, חשוף לפגיעה	פגיעים	Newborn babies are <b>vulnerable</b> and need constant care.	תינוקות שזה עתה נולדו הם <b>פגיעים</b> וזקוקים לטיפול מתמיד.
1389da00789d	6	worthy	ראוי	הראויים	Only the most <b>worthy</b> candidates will get scholarships.	רק המועמדים <b>הראויים</b> ביותר יקבלו מלגות.
947805e995ee	7	acceptance	קבלה, קבלת דבר; הסכמה, השלמה	הקבלה	Her <b>acceptance</b> letter from the university arrived earlier than expected.	מכתב <b>הקבלה</b> שלה מהאוניברסיטה הגיע מוקדם מהצפוי.
41931cf2b99b	7	accuracy	דיוק	הדיוק	The clock's <b>accuracy</b> meant it never lost even one second.	<b>הדיוק</b> של השעון גרם לכך שהוא מעולם לא איבד אפילו שנייה אחת.
e626cb1e8020	7	accusation	האשמה	ההאשמה	The <b>accusation</b> of theft was very serious and shocking.	<b>ההאשמה</b> בגניבה הייתה חמורה מאוד ומזעזעת.
ef308a638910	7	adore	העריץ, אהב	אוהבת	My daughter absolutely <b>adores</b> spending time with her grandmother.	בתי פשוט <b>אוהבת</b> מאוד לבלות זמן עם סבתה.
1bba908bf517	7	adulthood	בגרות	לבגרות	She reached <b>adulthood</b> and moved away from home.	היא הגיעה <b>לבגרות</b> ועברה לגור מחוץ לבית.
85ad59014263	7	advisor	יועץ	היועץ	The financial <b>advisor</b> helped him plan for retirement.	<b>היועץ</b> הפיננסי עזר לו לתכנן את הפרישה.
5940f97b8cc0	7	affair	עניין, פרשה; רומן	פרשת	The scandalous business <b>affair</b> shocked everyone in the small town.	<b>פרשת</b> העסקים השערורייתית הלמה את כולם בעיר הקטנה.
e640f484d04c	7	agony	ייסורים	בייסורים	She was in complete <b>agony</b> after breaking her ankle.	היא הייתה <b>בייסורים</b> גמורים אחרי ששברה את הקרסול.
2525a9f56c44	7	align	ליישר; להסתדר בשורה; להתאים	יישרו	Please <b>align</b> the pictures in a straight line.	בבקשה <b>יישרו</b> את התמונות בקו ישר.
be172cc1f406	7	amusement	שעשוע	השעשוע	Her <b>amusement</b> was obvious as she laughed at the silly joke.	<b>השעשוע</b> שלה היה ברור כשצחקה מהבדיחה המטופשת.
22148c018e3b	7	anchor	עוגן; קריין	העוגן	The ship dropped its <b>anchor</b> to prevent drifting.	הספינה הורידה את <b>העוגן</b> כדי למנוע סחיפה.
0280f2e6cf4f	7	anticipation	ציפייה, צפייה מראש	בציפייה	Children waited in <b>anticipation</b> for the birthday celebration.	ילדים חיכו <b>בציפייה</b> לחגיגת יום ההולדת.
cea336922070	7	antique	עתיק, ענתיקה	העתיק	The <b>antique</b> vase was worth thousands of dollars.	האגרטל <b>העתיק</b> היה שווה אלפי דולרים.
7f74ae020d97	7	apathetic	אדיש	אדישה	She seemed completely <b>apathetic</b> about the outcome of the game.	היא נראתה <b>אדישה</b> לחלוטין לגבי תוצאת המשחק.
a84bc1362e1a	7	assassination	התנקשות, רצח פוליטי	ההתנקשות	Historians still study the <b>assassination</b> of the ancient king centuries ago.	היסטוריונים עדיין חוקרים את <b>ההתנקשות</b> במלך הקדום לפני מאות שנים.
00ec914738aa	7	asset	נכס; יתרון	הנכס	The company's greatest <b>asset</b> was its talented staff.	<b>הנכס</b> הגדול ביותר של החברה היה הצוות המוכשר שלה.
929eb71f9ed0	7	assign	למנות, להקצות	תקצה	The teacher will <b>assign</b> homework every single day.	המורה <b>תקצה</b> שיעורי בית כל יום.
f5783fc384bb	7	await	להמתין	נמתין	We will <b>await</b> your response at the office.	<b>נמתין</b> לתשובתך במשרד.
5cb10f71aa9c	7	awareness	מודעות	המודעות	<b>Awareness</b> of environmental issues has grown quite a bit.	<b>המודעות</b> לנושאים סביבתיים גדלה במידה ניכרת.
455cb6536f77	7	blink	למצמץ	מצמצה	The little girl <b>blinked</b> her eyes several times.	הילדה הקטנה <b>מצמצה</b> בעיניה כמה פעמים.
05cf04b388fa	7	bloom	לפרוח; פריחה	פורחים	The cherry trees <b>bloom</b> with beautiful pink flowers every single spring.	עצי הדובדבן <b>פורחים</b> בפרחים ורודים יפים בכל אביב.
7f93ff957297	7	canal	תעלה	התעלה	The <b>canal</b> connects two major rivers in the lowlands.	<b>התעלה</b> מחברת בין שני נהרות גדולים בשפלה.
7302ecbde199	7	careless	לא זהיר, רשלני	רשלנית	He made a <b>careless</b> mistake and spilled coffee all over his new laptop.	הוא עשה טעות <b>רשלנית</b> ושפך קפה על כל המחשב הנייד החדש שלו.
a8de838b8679	7	certify	להצהיר, לאשר; להסמיך	יאשר	The inspector will <b>certify</b> the building is safe.	המפקח <b>יאשר</b> שהבניין בטוח.
d7a60a8ce718	7	circuit	מסלול, להקיף; מעגל חשמלי	המסלול	The runners completed three full laps of the <b>circuit</b> path.	הרצים השלימו שלושה הקפים מלאים של <b>המסלול</b>.
297cdea6561e	7	classify	לסווג, מסווג	מסווגים	Scientists carefully <b>classify</b> animals by their physical and behavioral characteristics.	מדענים <b>מסווגים</b> בזהירות בעלי חיים לפי מאפיינים פיזיים והתנהגותיים.
c445d5153cce	7	coastline	קו/רצועת חוף	קו החוף	The rocky <b>coastline</b> stretched for many miles along the sea.	<b>קו החוף</b> הסלעי השתרע לאורך קילומטרים רבים לאורך הים.
fa6a5a01e873	7	collision	התנגשות	ההתנגשות	The <b>collision</b> between the cars was very loud.	<b>ההתנגשות</b> בין המכוניות הייתה רועשת מאוד.
325d6519ca79	7	commentary	פרשנות	הפרשנות	The sports <b>commentary</b> explained every play in detail.	<b>הפרשנות</b> הספורטיבית הסבירה כל מהלך לפרטי פרטים.
de61d0ec6238	7	commerce	מסחר	המסחר	International <b>commerce</b> brings goods from all over the world.	<b>המסחר</b> הבינלאומי מביא סחורות מכל רחבי העולם.
7ee20112a72a	7	comparison	השוואה	ההשוואה	The <b>comparison</b> between the two prices was quite significant.	<b>ההשוואה</b> בין שני המחירים הייתה משמעותית למדי.
46bb06f5776a	7	compensate	לפצות	תפצה	The company will <b>compensate</b> you for the damages.	החברה <b>תפצה</b> אותך על הנזקים.
59d0d7e9e4bf	7	compost	זבל אורגני	לקומפוסט	We save all our vegetable scraps for the garden <b>compost</b>.	אנחנו שומרים את כל שאריות הירקות שלנו <b>לקומפוסט</b> של הגינה.
3681dec00e6e	7	comprehension	הבנה	הבנת	Her reading <b>comprehension</b> improved significantly with regular daily practice.	<b>הבנת</b> הקריאה שלה השתפרה משמעותית בזכות תרגול יומיומי קבוע.
3b2bf7abaf11	7	conclude	לסיים; להסיק	יסיים	The judge will <b>conclude</b> the trial tomorrow morning.	השופט <b>יסיים</b> את המשפט מחר בבוקר.
9e0b60e1298e	7	confrontation	עימות	העימות	The <b>confrontation</b> between the two groups turned ugly.	<b>העימות</b> בין שתי הקבוצות הפך למכוער.
64c3fde7bfa6	7	conscious	מודע; בהכרה	מודעת	She remained <b>conscious</b> and alert throughout the entire medical procedure.	היא נשארה <b>מודעת</b> וערנית לאורך כל הפרוצדורה הרפואית.
4f13cf79bde0	7	consequence	תוצאה	התוצאה	The main <b>consequence</b> of pollution is environmental damage.	<b>התוצאה</b> העיקרית של הזיהום היא נזק סביבתי.
a9090c097a67	7	consideration	שיקול, שיקול דעת; מכלול שיקולים; התחשבות	שקלנו	We took his opinion into careful <b>consideration</b> before the decision.	<b>שקלנו</b> את דעתו בקפידה רבה לפני קבלת ההחלטה.
2ce3373ea9fa	7	consistent	עקבי	עקביים	His performance has been <b>consistent</b> throughout the season.	הביצועים שלו היו <b>עקביים</b> לאורך כל העונה.
c444e6bed049	7	consume	לצרוך	צורכים	Most people <b>consume</b> vast amounts of water daily.	רוב האנשים <b>צורכים</b> כמויות עצומות של מים מדי יום.
01c7978ac205	7	consumers	צרכנים	הצרכנים	<b>Consumers</b> demand better quality products for their money.	<b>הצרכנים</b> דורשים מוצרים באיכות טובה יותר תמורת כספם.
d0c06da977dd	7	continuous	רציף, מתמשך	מתמשכת	The company provides <b>continuous</b> support to its clients.	החברה מספקת תמיכה <b>מתמשכת</b> ללקוחותיה.
863afd8a14fa	7	convoy	שיירה	השיירה	The military <b>convoy</b> traveled through the desert safely.	<b>השיירה</b> הצבאית נסעה במדבר בבטחה.
4b9a5b010638	7	cord	חבל דק, חוט; כבל (חשמלי)	החוט	He tied the <b>cord</b> tightly around the package.	הוא קשר את <b>החוט</b> בחוזקה סביב החבילה.
c0b5a6c6f278	7	cornerstone	אבן פינה	אבני הפינה	Hard work and dedication are the <b>cornerstones</b> of every successful career.	עבודה קשה ומסירות הן <b>אבני הפינה</b> של כל קריירה מוצלחת.
f8620a8f8580	7	costly	יקר	כיקרה	That mistake turned out to be very <b>costly</b>.	הטעות הזו התבררה <b>כיקרה</b> מאוד.
aeceb0636f2c	7	county	מחוז, נפה	המחוז	The <b>county</b> fair is held every summer here.	יריד <b>המחוז</b> מתקיים כאן בכל קיץ.
ec5b1b6e562c	7	courageous	אמיץ	האמיצים	The <b>courageous</b> firefighters rescued people from the burning building.	הכבאים <b>האמיצים</b> חילצו אנשים מהבניין הבוער.
18fd5706ae18	7	craftsmen	אומן, בעל מלאכה	האומנים	The <b>craftsmen</b> built the furniture with great skill.	<b>האומנים</b> בנו את הרהיטים במיומנות רבה.
70b4d85f3c86	7	currency	מטבע	המטבע	The <b>currency</b> exchange rate changed significantly again this morning at the bank.	שער החליפין של <b>המטבע</b> השתנה משמעותית שוב הבוקר בבנק.
33c74533c64f	7	dairy	חלבי, מחלבה	המחלבה	The <b>dairy</b> products in this store are very fresh.	מוצרי <b>המחלבה</b> בחנות הזו טריים מאוד.
9162d0a228f7	7	decade	עשור	העשור	Technology has changed dramatically over the past <b>decade</b>.	הטכנולוגיה השתנתה באופן דרמטי במהלך <b>העשור</b> האחרון.
92c065388c66	7	definite	ברור, מוגדר; ודאי	ברורים	The boundary lines were <b>definite</b> and well marked.	קווי הגבול היו <b>ברורים</b> ומסומנים היטב.
5876a056b38d	7	deform	לעוות	יעוות	The extreme heat will gradually <b>deform</b> the plastic container.	החום הקיצוני <b>יעוות</b> בהדרגה את מיכל הפלסטיק.
79a9652d2387	7	demonstrate	להדגים; להפגין	ידגים	The doctor will <b>demonstrate</b> the correct technique during the training session.	הרופא <b>ידגים</b> את הטכניקה הנכונה במהלך מפגש ההדרכה.
03ea9907100f	7	denial	הכחשה	ההכחשה	Her <b>denial</b> of the obvious facts was quite surprising.	<b>ההכחשה</b> שלה של העובדות הברורות הייתה מפתיעה למדי.
8471ee4ee672	7	dense	צפוף, סמיך	הצפוף	The <b>dense</b> forest blocked out most of the light.	היער <b>הצפוף</b> חסם את רוב האור.
72b09bbe14df	7	devastated	הרוס, מפורק	נהרס	The entire building was <b>devastated</b> by the explosion.	הבניין כולו <b>נהרס</b> לחלוטין מהפיצוץ.
6971890153e9	7	diabetes	סוכרת	הסוכרת	She manages her <b>diabetes</b> with medication and diet.	היא מנהלת את <b>הסוכרת</b> שלה באמצעות תרופות ותזונה.
c53c2a05f4de	7	diagnose	לאבחן	יאבחן	The doctor will <b>diagnose</b> your condition during the appointment.	הרופא <b>יאבחן</b> את מצבך במהלך התור.
76b2f7c8c355	7	dialect	ניב	הניב	The local <b>dialect</b> uses completely different words for common vegetables.	<b>הניב</b> המקומי משתמש במילים שונות לגמרי לירקות נפוצים.
adaf95201839	7	dictate	להכתיב, לפקד	יכתיב	The boss will <b>dictate</b> who gets the promotion.	הבוס <b>יכתיב</b> מי יקבל את הקידום.
ead047854a98	7	dim	עמום, קלוש, מעורפל; לעמעם	העמומה	The <b>dim</b> lighting made it hard to read.	התאורה <b>העמומה</b> הקשתה על הקריאה.
14531c679857	7	disapproving	לא מאשר, לא מסכים, לא מרוצה	הלא מאשר	Her <b>disapproving</b> look showed she did not agree.	המבט <b>הלא מאשר</b> שלה הראה שהיא לא מסכימה.
b4b2551873f9	7	disciplined	חינך, העניש; ממושמע	יעניש	The coach will <b>discipline</b> players who break the rules.	המאמן <b>יעניש</b> שחקנים שמפרים את הכללים.
6f6e4f4aae16	7	disgust	גועל, להגעיל	בגועל	The rotting trash filled everyone with immediate <b>disgust</b>.	הזבל המרקיב מילא את כולם <b>בגועל</b> מיידי.
4f9903828fed	7	disobey	להפר, לא לציית	לא מצייתים	Young children often <b>disobey</b> their parents on purpose.	ילדים צעירים לעיתים קרובות <b>לא מצייתים</b> להוריהם בכוונה.
58742d17c26c	7	disorder	אי-סדר, ערבוביה; מהומה, אי-שקט; הפרעה (רפואית)	באי-סדר	The room was in complete <b>disorder</b> after the party.	החדר היה <b>באי-סדר</b> מוחלט אחרי המסיבה.
55b94e2c446c	7	distinction	הבחנה, הבדל; מצוינות, הצטיינות	ההבחנה	The <b>distinction</b> between the two ideas is significant.	<b>ההבחנה</b> בין שני הרעיונות משמעותית.
90933ecbe1d1	7	distract	להסיח את הדעת	הסיח	The bright flashlight <b>distracted</b> him from his task.	הפנס הבהיר <b>הסיח</b> את דעתו מהמשימה שלו.
f55086fbd60c	7	distribute	להפיץ; לחלק	יפיצו	The volunteers will <b>distribute</b> blankets to the homeless.	המתנדבים <b>יפיצו</b> שמיכות לחסרי הבית.
2222054d553f	7	distribution	הפצה; חלוקה	הפצת	The <b>distribution</b> of resources was fair and balanced.	<b>הפצת</b> המשאבים הייתה הוגנת ומאוזנת.
b25dec800830	7	disturbance	הפרעה	ההפרעה	The <b>disturbance</b> in the classroom lasted for hours.	<b>ההפרעה</b> בכיתה נמשכה שעות.
c683de9c23a1	7	downhill	מדרון, מורד; מתדרדר	במורד	The hiker walked <b>downhill</b> toward the valley below the mountain.	המטייל הלך <b>במורד</b> לכיוון העמק שמתחת להר.
09ab96e126f6	7	drift	לנדוד, זרם, סחף	להיסחף	The boat began to <b>drift</b> slowly toward the rocky shore.	הסירה החלה <b>להיסחף</b> לאט לכיוון החוף הסלעי.
4a59dc662d7a	7	drip	לטפטף	מטפטפים	Water <b>drips</b> from the faucet one drop at a time.	מים <b>מטפטפים</b> מהברז טיפה אחת בכל פעם.
52689e3ad921	7	duel	דו-קרב	בדו-קרב	Two swordsmen fought in a <b>duel</b> at dawn yesterday.	שני סייפים נלחמו <b>בדו-קרב</b> עם שחר אתמול.
a3bc39ab33b0	7	dwarf	לגמד, גמד	מגמד	The tall building <b>dwarfs</b> the small houses on the street.	הבניין הגבוה <b>מגמד</b> את הבתים הקטנים ברחוב.
426f77ab4bfe	7	dye	צבע, לצבוע	בצבע	She used <b>dye</b> to turn the fabric a deep red.	היא השתמשה <b>בצבע</b> כדי להפוך את הבד לאדום עמוק.
32325fc6e263	7	edition	מהדורה	המהדורה	The first <b>edition</b> of that book is very rare today.	<b>המהדורה</b> הראשונה של הספר הזה נדירה מאוד היום.
c256d383d14e	7	elect	לבחור	יבחרו	The students will <b>elect</b> a new class representative before winter break.	התלמידים <b>יבחרו</b> נציג כיתה חדש לפני חופשת החורף.
59a88ab4a218	7	emphasize	להדגיש	הדגיש	The coach <b>emphasized</b> the need for teamwork in every game.	המאמן <b>הדגיש</b> את הצורך בעבודת צוות בכל משחק.
33ad38876d4b	7	enforce	לאכוף, לכפות	אוכפים	Police officers <b>enforce</b> the law to keep the community safe.	שוטרים <b>אוכפים</b> את החוק כדי לשמור על ביטחון הקהילה.
440e092d3115	7	enrage	להרגיז, להכעיס	הרגיזה	His rude comment at dinner <b>enraged</b> her more than he realized.	ההערה הגסה שלו בארוחת הערב <b>הרגיזה</b> אותה יותר משהוא הבין.
4b152d48ca84	7	enthusiasm	התלהבות	ההתלהבות	Her <b>enthusiasm</b> for painting is clear in every artwork.	<b>ההתלהבות</b> שלה לציור ברורה בכל יצירה.
de03656f2671	7	equivalent	שווה ערך, מקביל	שווים	Ten dollars is roughly <b>equivalent</b> to the cost of lunch.	עשרה דולרים <b>שווים</b> בקירוב למחיר של ארוחת צהריים.
79073f360749	7	estimate	להעריך, לאמוד	מעריך	I <b>estimate</b> the project will take about three weeks total.	אני <b>מעריך</b> שהפרויקט ייקח בסך הכל כשלושה שבועות.
759e11f856da	7	evaluate	להעריך, לאמוד	מעריכים	Teachers <b>evaluate</b> student progress at the end of each term.	מורים <b>מעריכים</b> את התקדמות התלמידים בסוף כל מחצית.
ab80b1a3ce96	7	evaluation	הערכה	הערכת	The performance <b>evaluation</b> showed both strengths and areas to improve.	<b>הערכת</b> הביצועים הראתה גם חוזקות וגם תחומים לשיפור.
b96ca4821e4e	7	exhibit	להציג, מוצג	יציג	The museum will <b>exhibit</b> paintings from around the world.	המוזיאון <b>יציג</b> ציורים מכל רחבי העולם.
a05fdcd6591c	7	exhibition	תערוכה	תערוכת	The art <b>exhibition</b> displayed works from hundreds of different artists.	<b>תערוכת</b> האמנות הציגה עבודות של מאות אמנים שונים.
7894fc527db9	7	expertise	מומחיות, ידע מקצועי	המומחיות	Her <b>expertise</b> in medicine comes from years of study.	<b>המומחיות</b> שלה ברפואה נובעת משנות לימוד.
32a1009bddcc	7	explicit	מפורש, ברור, בוטה	מפורשת	The teacher was <b>explicit</b> about the rules for homework.	המורה הייתה <b>מפורשת</b> לגבי הכללים לשיעורי הבית.
1f8dd30b7025	7	exterior	חיצוני	החיצונית	The house's <b>exterior</b> was painted a bright shade of blue.	החזית <b>החיצונית</b> של הבית נצבעה בגוון כחול בהיר.
1c02997bc82b	7	extinct	נכחד	נכחדו	Dinosaurs have been <b>extinct</b> for millions of years now.	הדינוזאורים <b>נכחדו</b> כבר מיליוני שנים.
65e4a490efc1	7	extract	לחלץ, להוציא, לעקור; להפיק; תמצית	יחלץ	The dentist will <b>extract</b> the damaged tooth next week.	רופא השיניים <b>יחלץ</b> את השן הפגועה בשבוע הבא.
c4fff2868aef	7	faithful	נאמן	הנאמן	His <b>faithful</b> dog stayed by his side every single day.	הכלב <b>הנאמן</b> שלו נשאר לצידו בכל יום ויום.
a4c11b222544	7	fasten	להדק	הדקו	<b>Fasten</b> your seatbelt before the car starts moving forward.	<b>הדקו</b> את חגורת הבטיחות לפני שהמכונית מתחילה לנוע קדימה.
8671ee30c3e8	7	fiber	סיב	סיבים	Vegetables contain lots of <b>fiber</b> which aids digestion.	ירקות מכילים הרבה <b>סיבים</b> שמסייעים לעיכול.
5bffa3df0a51	7	fierce	עז, פראי	הפראי	The <b>fierce</b> dog barked loudly at the delivery person.	הכלב <b>הפראי</b> נבח בקול רם על שליח המשלוחים.
e91133df42fc	7	findings	ממצאים	ממצאי	The <b>findings</b> of the research showed surprising patterns.	<b>ממצאי</b> המחקר הראו דפוסים מפתיעים.
344eb5d0f972	7	fluent	שוטף	שוטפת	She is <b>fluent</b> in four different languages from childhood.	היא שולטת בארבע שפות שונות בצורה <b>שוטפת</b> מאז ילדותה.
dfaf68f80204	7	fluid	נוזל	הנוזל	Pour the <b>fluid</b> slowly into the container to prevent spillage.	שפכו את <b>הנוזל</b> לאט לתוך המיכל כדי למנוע שפיכה.
e903ebb38000	7	fragile	עדין, שביר	השביר	The <b>fragile</b> glass vase broke when dropped on the floor.	אגרטל הזכוכית <b>השביר</b> נשבר כשנפל על הרצפה.
b7cd521b05a4	7	frequent	תכוף, תדיר, שכיח	תכופות	He makes <b>frequent</b> trips to the city for work.	הוא עושה נסיעות <b>תכופות</b> לעיר לצורכי עבודה.
f7b645e10c02	7	fury	זעם	הזעם	Her <b>fury</b> at the injustice was impossible to hide.	<b>הזעם</b> שלה על העוול היה בלתי אפשרי להסתיר.
d6a06fe244fe	7	govern	למשול; להסדיר, לקבוע	יקבע	A strict set of rules will <b>govern</b> how the club operates.	סט כללים מחמיר <b>יקבע</b> את אופן פעולת המועדון.
c6ea5682fdb2	7	grave	קבר; חמור	קברו	His ancestor's <b>grave</b> is marked by an old stone monument.	<b>קברו</b> של אבי אבותיו מסומן באנדרטת אבן ישנה.
089e9bb35328	7	grocery	מכולת; מצרכים	במכולת	I bought milk and bread at the <b>grocery</b> store.	קניתי חלב ולחם <b>במכולת</b>.
2784be890539	7	handicap	מוגבלות, נכות; חיסרון, מגבלה; להכביד, להגביל	המוגבלות	His physical <b>handicap</b> did not prevent him from achieving goals.	<b>המוגבלות</b> הפיזית שלו לא מנעה ממנו להשיג יעדים.
f87e312b58dd	7	harass	להטריד, להציק ללא הרף, לרדוף	מטריד	The bully would <b>harass</b> other students in the hallways.	הבריון היה <b>מטריד</b> תלמידים אחרים במסדרונות.
8b0cd2699855	7	heroine	גיבורה	גיבורת	The <b>heroine</b> of the story saved her entire village.	<b>גיבורת</b> הסיפור הצילה את הכפר שלה כולו.
22c03d60cf42	7	hesitate	להסס	תהססו	Do not <b>hesitate</b> to ask for help when needed.	אל <b>תהססו</b> לבקש עזרה כשצריך.
8624170d7570	7	housemaid	עוזרת בית, מנקה	עוזרת הבית	The <b>housemaid</b> cleaned all rooms in the large house.	<b>עוזרת הבית</b> ניקתה את כל החדרים בבית הגדול.
62fddbcb0b78	7	hypothesis	השערה	ההשערה	The scientist tested her <b>hypothesis</b> about plant growth here.	המדענית בדקה את <b>ההשערה</b> שלה לגבי גדילת צמחים כאן.
b678e4d7cd56	7	identical	זהה	זהים	The two twins look absolutely <b>identical</b> to everyone.	שני התאומים נראים <b>זהים</b> לחלוטין לכולם.
ce28c1c76c45	7	idolize	להעריץ	מעריצים	Fans <b>idolize</b> their favorite celebrity actors and athletes.	אוהדים <b>מעריצים</b> שחקנים וספורטאים מפורסמים האהובים עליהם.
ccec5ba53d7a	7	immune	חסין	חסינה	After recovering from the virus, she was <b>immune</b> to that strain.	אחרי שהחלימה מהנגיף, היא הייתה <b>חסינה</b> לזן הזה.
36fac721c011	7	implement	ליישם, להוציא לפועל	תיישם	The company will <b>implement</b> new safety rules next month.	החברה <b>תיישם</b> כללי בטיחות חדשים בחודש הבא.
6502552b90de	7	implementation	מימוש, יישום, ביצוע	המימוש	The plan looked perfect on paper, but its <b>implementation</b> revealed serious problems.	התוכנית נראתה מושלמת על הנייר, אבל <b>המימוש</b> שלה חשף בעיות רציניות.
1be3d7f2a2ca	7	impulse	דחף	בדחף	She bought the expensive shoes on <b>impulse</b> without thinking.	היא קנתה את הנעליים היקרות <b>בדחף</b> פתאומי בלי לחשוב.
c43b9ab4fde8	7	inconsistent	לא עקבי; סותר	לא עקבית	His work quality was <b>inconsistent</b>; some days were great, others terrible.	איכות העבודה שלו הייתה <b>לא עקבית</b>, יש ימים מצוינים ויש ימים נוראיים.
b16732de7878	7	infectious	מדבק	המדבקת	The <b>infectious</b> disease spread quickly through the crowded hospital.	המחלה <b>המדבקת</b> התפשטה מהר בבית החולים הצפוף.
2766f720b9af	7	insight	תובנה	התובנה	Her <b>insight</b> into the problem helped us find a solution.	<b>התובנה</b> שלה לגבי הבעיה עזרה לנו למצוא פתרון.
fb5c7210816f	7	inspect	לבחון, לבדוק	יבדוק	The building inspector will <b>inspect</b> the house for safety issues.	מפקח הבנייה <b>יבדוק</b> את הבית לאיתור בעיות בטיחות.
d5086f738107	7	intentional	מכוון	המכוונת	His <b>intentional</b> rudeness hurt her feelings very much.	הגסות <b>המכוונת</b> שלו פגעה ברגשותיה מאוד.
5706c10298ef	7	interior	פנימי	הפנימי	The <b>interior</b> of the house was beautifully decorated.	החלק <b>הפנימי</b> של הבית עוצב בצורה יפהפייה.
c0d0d7d6c0c2	7	interpretation	פרשנות	הפרשנות	His <b>interpretation</b> of the song was different from the original.	<b>הפרשנות</b> שלו לשיר הייתה שונה מהמקור.
d99701e69551	7	invaders	פולשים	הפולשים	The <b>invaders</b> conquered the city and took control.	<b>הפולשים</b> כבשו את העיר והשתלטו עליה.
b0e780fd9f18	7	invasion	פלישה	הפלישה	The <b>invasion</b> led thousands of people to flee their homes in fear.	<b>הפלישה</b> גרמה לאלפי אנשים לברוח מבתיהם מתוך פחד.
044714c4762d	7	invasive	פולשני, חודרני	הפולשני	The <b>invasive</b> plant species spread throughout the entire garden.	מין הצמח <b>הפולשני</b> התפשט בכל הגינה.
8a8f396bfe6a	7	inventory	מלאי, מצאי; רשימת מלאי	המצאי	The store needs to check its <b>inventory</b> before ordering more items.	החנות צריכה לבדוק את <b>המצאי</b> שלה לפני שהיא מזמינה עוד פריטים.
e2aee05b8c52	7	junkyard	מגרש גרוטאות	במגרש הגרוטאות	Old cars were piled high in the dirty <b>junkyard</b>.	מכוניות ישנות נערמו גבוה <b>במגרש הגרוטאות</b> המלוכלך.
f5b219a07825	7	laborer	פועל	הפועל	The <b>laborer</b> worked all day building the new bridge.	<b>הפועל</b> עבד כל היום בבניית הגשר החדש.
eb128dafbba4	7	legacy	מורשת, ירושה	המורשת	His grandfather's <b>legacy</b> included a valuable family business.	<b>המורשת</b> של סבו כללה עסק משפחתי בעל ערך.
1cbc39de31a7	7	lens	עדשה	עדשת	The camera <b>lens</b> focused on the distant mountain.	<b>עדשת</b> המצלמה התמקדה בהר המרוחק.
b876fb9171f1	7	lethal	קטלני	הקטלני	The <b>lethal</b> poison killed the rat almost instantly.	הרעל <b>הקטלני</b> הרג את החולדה כמעט באופן מיידי.
2f15821efc5a	7	manufacture	ייצר	מייצר	The factory <b>manufactures</b> thousands of cars every single month.	המפעל <b>מייצר</b> אלפי מכוניות בכל חודש.
de61a6ee9b7e	7	margin	שוליים, מרווח; הפרש	בשוליים	Write your notes in the <b>margin</b> of the paper.	כתוב את ההערות שלך <b>בשוליים</b> של הדף.
7ef18b9fdb14	7	masterpiece	יצירת מופת	ליצירת מופת	This painting is considered a <b>masterpiece</b> of Renaissance art.	הציור הזה נחשב <b>ליצירת מופת</b> של אמנות הרנסנס.
c95982a72b73	7	maze	מבוך	במבוך	The children got lost in the corn <b>maze</b> for hours.	הילדים הלכו לאיבוד <b>במבוך</b> התירס למשך שעות.
ce65a8b71554	7	medicinal	רפואי, מרפא	הרפואי	This <b>medicinal</b> herb helps reduce fever and body pain.	העשב <b>הרפואי</b> הזה עוזר להפחית חום וכאבי גוף.
aac4018eac40	7	merchandise	מוצרים, סחורה	המוצרים	The store displays its <b>merchandise</b> on shelves near the entrance.	החנות מציגה את <b>המוצרים</b> שלה על מדפים ליד הכניסה.
1926ba39e8e6	7	merge	למזג, לחבר	החברות	The two companies will <b>merge</b> into one large corporation.	שתי <b>החברות</b> יתמזגו לתאגיד גדול אחד.
20e7c5095538	7	misbehave	להתנהג בצורה לא הולמת	יתנהג בצורה לא הולמת	The child will <b>misbehave</b> if you don't give him attention.	הילד <b>יתנהג בצורה לא הולמת</b> אם לא תיתן לו תשומת לב.
91a770fe07cd	7	monarch	מלך	המלך	The <b>monarch</b> ruled the country for many years wisely.	<b>המלך</b> שלט במדינה בחוכמה במשך שנים רבות.
8bf6cf78d138	7	morale	מורל	המורל	The team <b>morale</b> was low after losing the game.	<b>המורל</b> של הקבוצה היה נמוך אחרי שהפסידה במשחק.
cfa762875ac7	7	narration	קריינות	הקריינות	The <b>narration</b> in the movie was done by a famous actor.	<b>הקריינות</b> בסרט נעשתה על ידי שחקן מפורסם.
a40848cb2b30	7	negotiation	משא ומתן	המשא ומתן	The <b>negotiation</b> between the workers and boss lasted three days.	<b>המשא ומתן</b> בין העובדים לבוס נמשך שלושה ימים.
ee11baf28235	7	occasionally	מידי פעם	מדי פעם	She <b>occasionally</b> drinks coffee but usually prefers tea.	היא שותה קפה <b>מדי פעם</b> אבל בדרך כלל מעדיפה תה.
cbac167dc107	7	offender	עבריין, פושע, פוגע	הפושע	The <b>offender</b> was caught and taken to the police station.	<b>הפושע</b> נתפס ונלקח לתחנת המשטרה.
263f8c2db7d2	7	offense	עבירה; פגיעה	העבירה	The <b>offense</b> was serious and required a court appearance.	<b>העבירה</b> הייתה חמורה ודרשה הופעה בבית משפט.
6f6ba8019419	7	ongoing	מתמשך	המתמשכת	The <b>ongoing</b> construction made it impossible to sleep.	הבנייה <b>המתמשכת</b> הפכה את השינה לבלתי אפשרית.
283e3d92e84a	7	orderly	מסודר	מסודרים	He always kept his files <b>orderly</b>, with everything labeled and in its place.	הוא תמיד שמר על הקבצים שלו <b>מסודרים</b>, הכל מתויג ובמקומו.
11adc176dbb1	7	outcome	תוצאה	התוצאה	The <b>outcome</b> of the medical test surprised both the doctor and patient.	<b>התוצאה</b> של הבדיקה הרפואית הפתיעה גם את הרופא וגם את המטופל.
f43272d44ae5	7	outpost	מוצב, נקודת קצה	המוצב	The military <b>outpost</b> was located far from the main base.	<b>המוצב</b> הצבאי היה ממוקם רחוק מהבסיס הראשי.
22f277025602	7	overdo	להפריז, להגזים	תפריז	Don't <b>overdo</b> the salt in the soup or it will taste bad.	אל <b>תפריז</b> בכמות המלח במרק, אחרת הוא יהיה לא טעים.
b6fa21c57d85	7	overlaps	חופף	חופפים	The two rectangles <b>overlap</b> in the middle of the diagram.	שני המלבנים <b>חופפים</b> באמצע הדיאגרמה.
add09caa4e0e	7	paragraph	פסקה	הפסקה	The first <b>paragraph</b> of the book introduces the main character.	<b>הפסקה</b> הראשונה בספר מציגה את הדמות הראשית.
527b16dd61cb	7	participate	השתתף	ישתתפו	Many students will <b>participate</b> in the school sports competition.	תלמידים רבים <b>ישתתפו</b> בתחרות הספורט של בית הספר.
31d45bf20b71	7	peek	להציץ	תציץ	Don't <b>peek</b> at your birthday present before the party.	אל <b>תציץ</b> במתנת יום ההולדת שלך לפני המסיבה.
8579428ba6c0	7	performer	מבצע, מציג	המבצע	The skilled <b>performer</b> danced beautifully on the stage.	<b>המבצע</b> המיומן רקד בצורה יפהפייה על הבמה.
921e795e7c84	7	poll	סקר, הצבעה	הסקר	The <b>poll</b> showed that most students preferred pizza over salad for lunch.	<b>הסקר</b> הראה שרוב התלמידים העדיפו פיצה על פני סלט לארוחת צהריים.
a9d19bf67c9a	7	precision	דיוק	בדיוק	A surgeon works with great <b>precision</b> during delicate operations.	מנתח עובד <b>בדיוק</b> רב במהלך ניתוחים עדינים.
152d4ae159be	7	predict	לחזות, לצפות מראש; לנבא	צופים מראש	Scientists <b>predict</b> that temperatures will rise in the coming years.	מדענים <b>צופים מראש</b> שהטמפרטורות יעלו בשנים הקרובות.
65e7fb3f22a5	7	preserve	לשמר	משמרים	We <b>preserve</b> fresh vegetables by keeping them cold in the fridge.	אנחנו <b>משמרים</b> ירקות טריים על ידי החזקתם קרים במקרר.
b01e67a1e862	7	promote	לקדם	תקדם	The company will <b>promote</b> him to manager next month.	החברה <b>תקדם</b> אותו לתפקיד מנהל בחודש הבא.
0ff7f1f65867	7	publicized	פורסם	פורסמה	The scandal was <b>publicized</b> by every newspaper and website.	השערורייה <b>פורסמה</b> בכל עיתון ואתר אינטרנט.
a2ddee5abb4c	7	qualify	להעפיל, להיות מוסמך	תהיה מוסמכת	She will <b>qualify</b> for the scholarship if her grades improve.	היא <b>תהיה מוסמכת</b> לקבל את המלגה אם הציונים שלה ישתפרו.
9d0dda015943	7	railroad	מסילת רכבת	מסילת הרכבת	The new <b>railroad</b> will connect the two cities by next year.	<b>מסילת הרכבת</b> החדשה תחבר בין שתי הערים עד השנה הבאה.
d2017bf43058	7	rates	שיעור , היקף, תעריף	שיעורי	Interest <b>rates</b> went up because the economy was growing fast.	<b>שיעורי</b> הריבית עלו כי הכלכלה צמחה מהר.
4321a28dcc62	7	readiness	מוכנות	המוכנות	Her <b>readiness</b> for the competition came from months of training.	<b>המוכנות</b> שלה לתחרות נבעה מחודשים של אימונים.
30fc26053340	7	rebellious	סורר, מרדני	הסורר	The <b>rebellious</b> teenager refused to follow any of the rules.	המתבגר <b>הסורר</b> סירב לציית לאף אחד מהכללים.
7d5abae978fc	7	reconstruct	לשחזר; לבנות מחדש	משחזרים	Archaeologists <b>reconstruct</b> ancient buildings from pieces they find.	ארכיאולוגים <b>משחזרים</b> בניינים עתיקים מחתיכות שהם מוצאים.
3b13e6e7d176	7	recruit	לגייס; טירון	יגייס	The army will <b>recruit</b> new soldiers this summer.	הצבא <b>יגייס</b> חיילים חדשים בקיץ הזה.
8769e5f9e185	7	recurring	חוזר, נשנה	החוזר	His <b>recurring</b> nightmare about falling woke him up most nights.	הסיוט <b>החוזר</b> שלו על נפילה העיר אותו רוב הלילות.
7549a94e1260	7	reflection	השתקפות; הרהור	השתקפותו	He saw his <b>reflection</b> in the lake's calm water.	הוא ראה את <b>השתקפותו</b> במי האגם השקטים.
8981ed2476b7	7	refugee	פליט	הפליטים	The <b>refugee</b> family left their flooded village and needed temporary shelter.	משפחת <b>הפליטים</b> עזבה את הכפר המוצף שלה והזדקקה למקלט זמני.
4841364fd1ae	7	regime	שלטון, משטר	השלטון	The <b>regime</b> controlled all aspects of people's daily lives.	<b>השלטון</b> שלט בכל היבטי חייהם היומיומיים של האנשים.
e2a0f9feac8e	7	relate	להזדהות עם, להתייחס, לקשר	מזדהים	Young students <b>relate</b> to characters in age-appropriate books.	תלמידים צעירים <b>מזדהים</b> עם דמויות בספרים המתאימים לגילם.
b73678909822	7	relating	מתייחס	המתייחסת	The news story <b>relating</b> to climate change interested many people.	כתבת החדשות <b>המתייחסת</b> לשינויי האקלים עניינה אנשים רבים.
535f5bc6728a	7	relieve	להקל, להפיג, לשחרר (מתפקיד)	יקל	A cold compress will <b>relieve</b> the pain and swelling.	קומפרס קר <b>יקל</b> על הכאב והנפיחות.
ca14fcdedc50	7	reproduce	להתרבות, לשכפל	מתרבים	Bacteria <b>reproduce</b> quickly in warm and moist environments.	חיידקים <b>מתרבים</b> במהירות בסביבות חמות ולחות.
e4040dea5738	7	reside	להתגורר, לשכון	מתגוררות	Many wealthy families <b>reside</b> in that gated neighborhood.	משפחות אמידות רבות <b>מתגוררות</b> בשכונה המגודרת ההיא.
204c23c0fe02	7	restriction	הגבלה	הגבלת	There is a weight <b>restriction</b> for passengers on small aircraft.	יש <b>הגבלת</b> משקל לנוסעים במטוסים קטנים.
ccec0da08b7f	7	resume	להמשיך; קורות חיים	תמשיך	After lunch, the meeting will <b>resume</b> at two o'clock.	אחרי ארוחת הצהריים, הפגישה <b>תמשיך</b> בשעה שתיים.
cd442fc963e9	7	revert	לחזור למצב קודם	חזרה	The system <b>reverted</b> to its original settings after the crash.	המערכת <b>חזרה</b> למצב המקורי שלה אחרי הקריסה.
b211fa146dbf	7	revision	תיקון, עדכון	הבדיקה	The <b>revision</b> of the law made it much stricter.	<b>הבדיקה</b> מחדש של החוק הפכה אותו הרבה יותר מחמיר.
ca3220f20849	7	revived	קם לתחייה, התחדש	התחדשה	The old tradition <b>revived</b> when the community celebrated it again.	המסורת הישנה <b>התחדשה</b> כשהקהילה חגגה אותה שוב.
d3532c9e9e60	7	revolt	מרד	המרד	The workers' <b>revolt</b> forced the factory to improve conditions.	<b>המרד</b> של העובדים הכריח את המפעל לשפר את התנאים.
60b57e77cf3a	7	rhyme	חרוז	התחרזה	Every other line in the poem <b>rhymed</b> in a simple pattern.	כל שורה שנייה בשיר <b>התחרזה</b> בתבנית פשוטה.
bc89b38cbdb3	7	ruler	סרגל; מושל, שליט	לסרגל	The <b>ruler</b> has twelve inches marked on each side.	<b>לסרגל</b> יש שנים עשר אינצ'ים מסומנים בכל צד.
157022c4f100	7	sanitary	תברואתי, היגייני	התברואתיים	<b>Sanitary</b> conditions in the hospital are checked every single week.	התנאים <b>התברואתיים</b> בבית החולים נבדקים בכל שבוע.
9283086851c2	7	scholar	אקדמאי, בעל מלגה, מלומד	האקדמאית	The <b>scholar</b> published her research on ancient history.	<b>האקדמאית</b> פרסמה את המחקר שלה על ההיסטוריה העתיקה.
3337691544d6	7	shuttle	הסעה, מעבורת	המעבורת	The <b>shuttle</b> bus transported students between campus and downtown.	אוטובוס <b>המעבורת</b> הסיע תלמידים בין הקמפוס למרכז העיר.
ca59ab07073a	7	sibling	אח או אחות	ואחי	My <b>sibling</b> and I share a room in our house.	אני <b>ואחי</b> חולקים חדר בבית שלנו.
5586ce3c4fe8	7	significance	משמעות, חשיבות	המשמעות	The <b>significance</b> of the discovery changed our understanding completely.	<b>המשמעות</b> של הגילוי שינתה לחלוטין את ההבנה שלנו.
7649ed44f3d4	7	simplicity	פשטות	הפשטות	The <b>simplicity</b> of the design made the app easy to use.	<b>הפשטות</b> של העיצוב הפכה את האפליקציה לקלה לשימוש.
21dc794148b5	7	skyscraper	גורד שחקים	גורד השחקים	The new <b>skyscraper</b> is the tallest building in the city.	<b>גורד השחקים</b> החדש הוא הבניין הגבוה ביותר בעיר.
7ecba0d00fc8	7	slaughter	לטבוח, לשחוט, טבח	שחיטת	The <b>slaughter</b> of livestock happened early every morning.	<b>שחיטת</b> המשק החי התרחשה מוקדם בכל בוקר.
08490a053f7e	7	sneeze	להתעטש	מתעטש	I <b>sneeze</b> whenever I go into dusty old rooms.	אני <b>מתעטש</b> בכל פעם שאני נכנס לחדרים ישנים ומאובקים.
fb09347d0e95	7	stabilize	לייצב	תייצב	The medicine will <b>stabilize</b> her blood pressure within hours.	התרופה <b>תייצב</b> את לחץ הדם שלה תוך שעות.
8db2d34cd9a9	7	stalk	גבעול, קנה; לעקוב/לארוב אחרי, להטריד	הגבעול	The <b>stalk</b> of the flower was bent but not broken.	<b>הגבעול</b> של הפרח היה כפוף אבל לא שבור.
b769d97c55ab	7	stove	תנור, כיריים	הכיריים	She heated soup on the <b>stove</b> while cooking dinner.	היא חיממה מרק על <b>הכיריים</b> בזמן שבישלה ארוחת ערב.
b1336aa36c7c	7	stunned	נדהם, היה המום	המומים	Everyone was <b>stunned</b> when the surprise guest arrived suddenly.	כולם היו <b>המומים</b> כשהאורח המפתיע הגיע לפתע.
3305a696d6b7	7	substitute	תחליף	המחליפה	The <b>substitute</b> teacher assigned homework to all the students.	המורה <b>המחליפה</b> נתנה שיעורי בית לכל התלמידים.
64cc4b01d69e	7	suburb	פרבר	לפרבר	She moved to a quiet <b>suburb</b> to raise her family.	היא עברה <b>לפרבר</b> שקט כדי לגדל את משפחתה.
4c31a54c71d5	7	sufficient	מספיק	מספיקה	One cup of coffee in the morning is <b>sufficient</b> for me.	כוס קפה אחת בבוקר <b>מספיקה</b> לי.
aabcbdf5c7eb	7	summarize	לסכם	סיכמה	She <b>summarized</b> the long report in just five minutes.	היא <b>סיכמה</b> את הדוח הארוך תוך חמש דקות בלבד.
04d52888051b	7	superb	מעולה (איכותי)	המעולה	The restaurant's <b>superb</b> food made it worth the long wait.	האוכל <b>המעולה</b> במסעדה הצדיק את ההמתנה הארוכה.
0a11bab2901a	7	supervise	לפקח	מפקח	The manager <b>supervises</b> ten people on the customer service team.	המנהל <b>מפקח</b> על עשרה אנשים בצוות שירות הלקוחות.
6bebede982eb	7	surround	להקיף	מקיפות	High walls <b>surround</b> the ancient castle and its gardens.	חומות גבוהות <b>מקיפות</b> את הטירה העתיקה וגניה.
5df4c76b37fd	7	survey	לבחון, לסקור; סקר	סקרנו	We <b>surveyed</b> customers to learn what products they wanted most.	<b>סקרנו</b> לקוחות כדי ללמוד אילו מוצרים הם רצו הכי הרבה.
c591eb7e0703	7	suspend	להשעות; לתלות, להשהות	ישעה	The school will <b>suspend</b> students who repeatedly arrive late to class.	בית הספר <b>ישעה</b> תלמידים שמגיעים באיחור לשיעור שוב ושוב.
87156b4eb503	7	suspicion	חשד	החשד	His <b>suspicion</b> grew when he found the strange emails.	<b>החשד</b> שלו גבר כשהוא מצא את המיילים המוזרים.
0db90d7696ff	7	swift	מהיר	המהיר	The <b>swift</b> runner completed the race in under ten minutes.	הרץ <b>המהיר</b> סיים את המרוץ בפחות מעשר דקות.
cbfbe62eca9e	7	tempt	לפתות	פיתה	The bakery window full of donuts <b>tempted</b> her every morning.	חלון המאפייה המלא בסופגניות <b>פיתה</b> אותה בכל בוקר.
294396a76186	7	terrain	שטח	השטח	The rocky <b>terrain</b> made it impossible for cars to drive here.	<b>השטח</b> הסלעי הפך את הנסיעה במכוניות כאן לבלתי אפשרית.
17fd3136e74d	7	terrify	להפחיד, להבעית	מפחידות	Thunderstorms <b>terrify</b> the dog and make her hide under the bed.	סופות רעמים <b>מפחידות</b> את הכלבה וגורמות לה להתחבא מתחת למיטה.
b72b69e5227e	7	tilt	להטות, שיפוע	תטה	Do not <b>tilt</b> your chair or you will fall backward.	אל <b>תטה</b> את הכיסא שלך אחרת תיפול אחורה.
77ddcabe8d78	7	transaction	עסקה	עסקת	The real estate <b>transaction</b> took six months to complete.	<b>עסקת</b> הנדל"ן ארכה שישה חודשים עד להשלמתה.
5db164f791d9	7	transmit	לשדר; להעביר	משדרות	Radio stations <b>transmit</b> signals that receivers pick up around the world.	תחנות רדיו <b>משדרות</b> אותות שמקלטים קולטים ברחבי העולם.
d13584d69adc	7	transmitter	משדר	המשדר	The broken <b>transmitter</b> prevented emergency calls from reaching the dispatcher.	<b>המשדר</b> המקולקל מנע משיחות חירום להגיע למוקדן.
eb7c2e8d4b8a	7	triumph	ניצחון	הניצחון	Their <b>triumph</b> in the championship game made the whole town celebrate.	<b>הניצחון</b> שלהם במשחק האליפות גרם לכל העיר לחגוג.
1ad1d8c83904	7	troop	יחידה צבאית; חייל	היחידה הצבאית	The military <b>troop</b> marched through the city streets in formation.	<b>היחידה הצבאית</b> צעדה במבנה ברחובות העיר.
d59c013a2e7c	7	unaware	לא מודע	לא היה מודע	He was <b>unaware</b> that someone had stolen his bicycle.	הוא <b>לא היה מודע</b> לכך שמישהו גנב את האופניים שלו.
e55ba7a5e51a	7	unconcerned	לא מודאג	לא מודאגת	Despite the noise, she remained <b>unconcerned</b> and kept reading her book.	למרות הרעש, היא נשארה <b>לא מודאגת</b> והמשיכה לקרוא את הספר שלה.
11a29b873df2	7	unconventional	לא שיגרתי	הלא שיגרתיות	His <b>unconventional</b> teaching methods engaged students in new and exciting ways.	שיטות ההוראה <b>הלא שיגרתיות</b> שלו עניינו את התלמידים בדרכים חדשות ומרגשות.
a33c9181157e	7	uncover	לחשוף, לגלות	תחשוף	The investigation will <b>uncover</b> the truth about what happened.	החקירה <b>תחשוף</b> את האמת לגבי מה שקרה.
75556da99181	7	unemployed	מובטל	מובטלים	After the factory closed, many workers became <b>unemployed</b>.	אחרי שהמפעל נסגר, עובדים רבים נותרו <b>מובטלים</b>.
98d346f0f0f5	7	unholy	לא קדוש, לא מוסרי	הלא קדושה	The <b>unholy</b> alliance between enemies shocked everyone in the region.	הברית <b>הלא קדושה</b> בין האויבים הלמה את כולם באזור.
dfaa38d97352	7	urban	עירוני	עירוניים	<b>Urban</b> areas have more restaurants and shops than rural towns.	אזורים <b>עירוניים</b> כוללים יותר מסעדות וחנויות מאשר עיירות כפריות.
4ba0afcd32a4	7	utilize	השתמש	להשתמש	She learned to <b>utilize</b> her limited free time for extra reading.	היא למדה <b>להשתמש</b> בזמנה הפנוי המוגבל לקריאה נוספת.
bc8448a3fa79	7	validate	אימת, נתן תוקף	תאמת	The system will <b>validate</b> your password before allowing you to enter.	המערכת <b>תאמת</b> את הסיסמה שלך לפני שתאפשר לך להיכנס.
2722bdf800e3	7	valve	שסתום	השסתום	Turn off the <b>valve</b> to stop water from flowing through the pipe.	סגור את <b>השסתום</b> כדי לעצור את זרימת המים בצינור.
608e61a96809	7	vary	משתנה	משתנים	Student grades <b>vary</b> depending on how much time they study.	ציוני התלמידים <b>משתנים</b> בהתאם לכמות הזמן שהם לומדים.
fa2ac7a02d88	7	vendor	מוכר, רוכל; ספק	הרוכל	The street <b>vendor</b> sold fresh fruit from his cart every morning.	<b>הרוכל</b> ברחוב מכר פירות טריים מהעגלה שלו בכל בוקר.
3f35ef8e2225	7	voyage	מסע	המסע	The long <b>voyage</b> across the ocean took over two weeks.	<b>המסע</b> הארוך על פני האוקיינוס ארך יותר משבועיים.
f48382710d37	7	widen	להרחיב	נרחיב	We will <b>widen</b> the road to allow more cars to pass through.	<b>נרחיב</b> את הכביש כדי לאפשר למכוניות רבות יותר לעבור.
50b68009d9b6	7	wool	צמר	מצמר	She knitted a warm sweater from thick <b>wool</b> for her baby.	היא סרגה סוודר חם <b>מצמר</b> עבה לתינוק שלה.
df08e024dbb9	8	absorb	לספוג	סופגים	Sponges <b>absorb</b> water quickly and release it when you squeeze them.	ספוגים <b>סופגים</b> מים במהירות ומשחררים אותם כשלוחצים עליהם.
4076bbed8573	8	accompany	ללוות	תלווה	Her mother will <b>accompany</b> her to the dentist's office tomorrow.	אמה <b>תלווה</b> אותה למרפאת השיניים מחר.
673d6df01701	8	accomplishment	הישג	ההישג	Graduating from college was her greatest <b>accomplishment</b> so far.	סיום הקולג' היה <b>ההישג</b> הגדול ביותר שלה עד כה.
0fa40dd483f1	8	acknowledge	להכיר ב-, להודות ב-; לאשר קבלה	הכירה	The company <b>acknowledged</b> the problem and apologized to its customers.	החברה <b>הכירה</b> בבעיה והתנצלה בפני לקוחותיה.
9f1665b752bf	8	admirable	נערץ, ראוי להערצה	הנערץ	Her <b>admirable</b> courage inspired everyone around her to try harder.	האומץ <b>הנערץ</b> שלה עורר השראה בכל מי שסביבה לנסות יותר.
0999738826b4	8	advancement	התקדמות; מקדמה	ההתקדמות	Her rapid <b>advancement</b> at work surprised nobody who knew her abilities.	<b>ההתקדמות</b> המהירה שלה בעבודה לא הפתיעה אף אחד שהכיר את יכולותיה.
b49ef20f899f	8	advocate	תומך, מצדד; פרקליט; לדגול ב-, לתמוך בגלוי ב-	לתומך	He became an <b>advocate</b> for protecting the environment.	הוא הפך <b>לתומך</b> בהגנה על הסביבה.
6153e2e9a1e6	8	afford	יכול לעמוד בהוצאות, להרשות לעצמו	לעמוד בהוצאה	They could not <b>afford</b> to buy a house in that expensive area.	הם לא יכלו <b>לעמוד בהוצאה</b> של קניית בית באזור היקר ההוא.
a5ff3ca4d4bb	8	agriculture	חקלאות	החקלאות	<b>Agriculture</b> is the main industry in this rural region of the country.	<b>החקלאות</b> היא התעשייה העיקרית באזור הכפרי הזה של המדינה.
009b79418063	8	airborne	נישא באוויר; באוויר	הנישאים באוויר	The <b>airborne</b> seeds spread across the field on the strong wind.	הזרעים <b>הנישאים באוויר</b> התפזרו על פני השדה ברוח החזקה.
05ac0acdc951	8	alternate	חלופי; התחלף, עבר מדבר אחד לשני וחזרה	חלופית	If that restaurant is full, we have an <b>alternate</b> choice nearby.	אם המסעדה הזו מלאה, יש לנו אפשרות <b>חלופית</b> בקרבת מקום.
2253ed5e58ec	8	ambassador	שגריר	השגרירה	The new <b>ambassador</b> will represent her country at the international conference.	<b>השגרירה</b> החדשה תייצג את מדינתה בוועידה הבינלאומית.
e1d8b8f9b18e	8	ancestor	אב קדמון	אבי הקדמון	My <b>ancestor</b> came to this country over one hundred years ago.	<b>אבי הקדמון</b> הגיע למדינה הזו לפני יותר ממאה שנה.
20ac1dd841f9	8	annihilate	להשמיד	ישמיד	The harsh winter will <b>annihilate</b> the mosquito population in the region.	החורף הקשה <b>ישמיד</b> את אוכלוסיית היתושים באזור.
595792b4f8fa	8	appeal	לבקש; מדבר אל, מושך; לערער	בבקשה	She <b>appealed</b> to the principal to reconsider the punishment.	היא פנתה למנהל <b>בבקשה</b> שישקול מחדש את העונש.
1db499bf3126	8	appreciation	הערכה; תודה	הערכתו	He expressed his <b>appreciation</b> for all her hard work and dedication.	הוא הביע את <b>הערכתו</b> על כל העבודה הקשה וההתמסרות שלה.
2cef7b4545d4	8	arousing	מעורר	עורר	The strange noise outside was <b>arousing</b> suspicion among the nervous neighbors.	הרעש המוזר בחוץ <b>עורר</b> חשד בקרב השכנים העצבניים.
516625607119	8	assemble	להרכיב, להתאסף	ירכיבו	Workers will <b>assemble</b> the furniture according to the detailed instruction manual.	עובדים <b>ירכיבו</b> את הרהיטים לפי חוברת ההוראות המפורטת.
1668b26efa7d	8	assumption	הנחה	ההנחה	His <b>assumption</b> that everyone had money was wrong and unkind.	<b>ההנחה</b> שלו שלכולם יש כסף הייתה שגויה ולא אדיבה.
96e259d301ad	8	bare	חשוף, ריק, לחשוף	החשופות	His <b>bare</b> feet felt cold on the icy concrete floor this morning.	כפות רגליו <b>החשופות</b> הרגישו קרות על רצפת הבטון הקפואה הבוקר.
4f386038274d	8	beneficial	מועיל, רווחי	מועילה	Drinking more water daily is <b>beneficial</b> for your skin and energy levels.	שתיית יותר מים מדי יום <b>מועילה</b> לעור ולרמות האנרגיה שלך.
89a3b1c2c2e1	8	boundary	גבול	הגבול	The fence marks the <b>boundary</b> between the two properties.	הגדר מסמנת את <b>הגבול</b> בין שני הנכסים.
d6405bd7f54c	8	burial	קבורה	הקבורה	After the <b>burial</b>, family members placed flowers on the fresh grave.	אחרי <b>הקבורה</b>, בני המשפחה הניחו פרחים על הקבר הטרי.
07efdf2b9e21	8	capacity	יכולת, סמכות, תפקיד; קיבולת	בתפקידה	In her <b>capacity</b> as manager, she approved the new marketing budget.	<b>בתפקידה</b> כמנהלת, היא אישרה את תקציב השיווק החדש.
181a7f9d5e25	8	cater	לספק קייטרינג, לספק	מספקת	The restaurant <b>caters</b> to tourists from all over the world.	המסעדה <b>מספקת</b> שירות לתיירים מכל רחבי העולם.
1e6e650d35da	8	caterpillar	זחל	הזחל	The <b>caterpillar</b> will transform into a butterfly after weeks.	<b>הזחל</b> יהפוך לפרפר לאחר שבועות.
13000eb70eb2	8	cattle	בקר	הבקר	The farmer's <b>cattle</b> grazed in the green pasture.	<b>הבקר</b> של החקלאי רעה באחו הירוק.
2a1f52a130a7	8	cemetery	בית קברות	בית הקברות	The <b>cemetery</b> overlooks the valley with ancient gravestones.	<b>בית הקברות</b> עם מצבותיו העתיקות משקיף על העמק.
54a4e665db0a	8	certainty	וודאות	בוודאות	She stated with <b>certainty</b> that the earth orbits the sun.	היא קבעה <b>בוודאות</b> שכדור הארץ סובב סביב השמש.
df7616b2ab56	8	chamber	חדר, לשכה; תא	הלשכה	The king entered the royal <b>chamber</b> with his advisors.	המלך נכנס אל <b>הלשכה</b> המלכותית עם יועציו.
8cebe5852597	8	characteristic	מאפיין; אופייני	המאפיין	Her sharp sense of humor is her most obvious <b>characteristic</b> at work.	חוש ההומור החד שלה הוא <b>המאפיין</b> הבולט ביותר שלה בעבודה.
18c056e08037	8	civil	אדיב; אזרחי	אדיבה	He made a <b>civil</b> remark to the annoying neighbor.	הוא אמר הערה <b>אדיבה</b> לשכן המעצבן.
ac5e44d9273f	8	cockroach	מקק, ג'וק	מקקים	<b>Cockroaches</b> scatter when you turn on the kitchen light.	<b>מקקים</b> מתפזרים כשמדליקים את האור במטבח.
fefc43021a82	8	coffin	ארון מתים	ארון המתים	The <b>coffin</b> was lowered into the ground slowly.	<b>ארון המתים</b> הורד לאדמה באיטיות.
97643ef5e909	8	collide	להתנגש	התנגשו	The two cars <b>collided</b> at the busy intersection.	שתי המכוניות <b>התנגשו</b> בצומת העמוס.
2435b6389c9e	8	conduct	לנהל, לקיים; התנהגות (ש״ע); להוליך (חשמל)	מנהלים	Scientists <b>conduct</b> careful experiments before publishing their final results.	מדענים <b>מנהלים</b> ניסויים זהירים לפני פרסום התוצאות הסופיות שלהם.
64ab55faeeb3	8	conductor	מנצח (תזמורת); מוליך (חשמל/חום); כרטיסן	המנצח	The <b>conductor</b> raised his baton to begin the symphony.	<b>המנצח</b> הרים את השרביט כדי להתחיל את הסימפוניה.
e5c8c240178b	8	conquistador	כובש	הכובש	The <b>conquistador</b> led his army across the vast plains.	<b>הכובש</b> הוביל את צבאו על פני המישורים העצומים.
b218b4908442	8	contagious	מדבק	מדבקת	Measles is a <b>contagious</b> disease that spreads quickly.	חצבת היא מחלה <b>מדבקת</b> שמתפשטת במהירות.
8ef4a45857e7	8	controversial	שנוי במחלוקת	השנויה במחלוקת	His <b>controversial</b> opinion upset many people in town.	דעתו <b>השנויה במחלוקת</b> הרגיזה אנשים רבים בעיר.
d660b1342d75	8	controversy	מחלוקת	המחלוקת	The <b>controversy</b> about the new law lasted months.	<b>המחלוקת</b> סביב החוק החדש נמשכה חודשים.
f5993b3478fa	8	convict	אסיר; להרשיע	האסיר	The <b>convict</b> served his time in federal prison.	<b>האסיר</b> ריצה את עונשו בכלא הפדרלי.
65ae10bc4222	8	credibility	אמינות, מהימנות	האמינות	His <b>credibility</b> suffered greatly after he lied repeatedly.	<b>האמינות</b> שלו נפגעה קשות אחרי שהוא שיקר שוב ושוב.
df3a6e754c6a	8	cripple	לשתק, להטיל מום; נכה	תטיל בו מום	The severe injury will <b>cripple</b> him for months.	הפציעה הקשה <b>תטיל בו מום</b> למשך חודשים.
67bf2a9b144d	8	crucial	מכריע, קריטי	מכרעת	Sleep is <b>crucial</b> to maintaining good health and daily concentration.	שינה היא <b>מכרעת</b> לשמירה על בריאות טובה וריכוז יומיומי.
9d2a8174b9b9	8	cucumber	מלפפון	המלפפון	The green <b>cucumber</b> grows on a vine in the garden.	<b>המלפפון</b> הירוק גדל על גבעול בגינה.
c9b6e8ff4c51	8	damp	לח	לחה	The towel was so <b>damp</b> that it wouldn't dry properly overnight.	המגבת הייתה כל כך <b>לחה</b> שהיא לא התייבשה כראוי במהלך הלילה.
c75e4f547b4f	8	dart	חץ; לזנק	החץ	The sharp <b>dart</b> pierced the cork board cleanly.	<b>החץ</b> החד חדר בניקיון ללוח השעם.
a8f7b78c5661	8	dealt	טיפל ב, עסק ב; חילק (קלפים)	טיפלה	She <b>dealt</b> with the problem very professionally today.	היא <b>טיפלה</b> בבעיה בצורה מקצועית מאוד היום.
a3c20d4ede38	8	decline	לרדת; לדחות; ירידה	רדת	The temperature will <b>decline</b> as the evening falls.	הטמפרטורה תרד עם <b>רדת</b> הערב.
60603d4726ad	8	demented	משוגע, מטורף	המטורף	The villain's <b>demented</b> laugh echoed through the mansion.	הצחוק <b>המטורף</b> של הנבל הדהד ברחבי האחוזה.
54f58150a1ac	8	descend	ירד, הדרדר	יורדים	The climbers <b>descend</b> the steep mountain at sunrise.	המטפסים <b>יורדים</b> מההר התלול עם הזריחה.
cdf61f230efb	8	despise	לתעב	תיעבו	Everyone <b>despised</b> the dishonest businessman in the community.	כולם <b>תיעבו</b> את איש העסקים חסר היושר בקהילה.
c1ffef233088	8	discontent	חוסר שביעות רצון	חוסר שביעות הרצון	His <b>discontent</b> grew visibly as the meeting continued.	<b>חוסר שביעות הרצון</b> שלו גדל בבירור ככל שהפגישה נמשכה.
7ee09830dc90	8	disposable	חד-פעמי	חד-פעמיות	<b>Disposable</b> cups are convenient but harm the environment.	כוסות <b>חד-פעמיות</b> נוחות אך פוגעות בסביבה.
df0636424677	8	dissolve	להתמוסס; לפרק	יתמוסס	Salt will <b>dissolve</b> in hot water very quickly.	מלח <b>יתמוסס</b> במים חמים במהירות רבה.
3c4e32e9a1a3	8	distinct	ברור, נפרד	בבירור	The two ideas are quite <b>distinct</b> in purpose.	שני הרעיונות נבדלים <b>בבירור</b> במטרתם.
489172c24532	8	distinctive	ייחודי, מיוחד	המיוחד	His <b>distinctive</b> accent made him easy to recognize.	המבטא <b>המיוחד</b> שלו הפך אותו לקל לזיהוי.
b3f5a5bb5de7	8	distress	מצוקה; לצער	מצוקתה	Her <b>distress</b> was very obvious from her tears.	<b>מצוקתה</b> הייתה ברורה מאוד מדמעותיה.
605dbc0ff573	8	disuse	חוסר שימוש	לחוסר שימוש	The old factory fell into <b>disuse</b> years ago.	המפעל הישן נפל <b>לחוסר שימוש</b> לפני שנים.
2ce66f7acbbc	8	diverse	מגוון	מגוונת	The city has a <b>diverse</b> population from many countries.	לעיר יש אוכלוסייה <b>מגוונת</b> ממדינות רבות.
5fce4aa68c5e	8	divine	אלוהי	אלוהית	In the ancient myth, a <b>divine</b> being created the sun and stars.	במיתוס העתיק, ישות <b>אלוהית</b> בראה את השמש והכוכבים.
47f93f0697a5	8	drawback	חיסרון, מגרעת	החיסרון	The major <b>drawback</b> is that it costs too much.	<b>החיסרון</b> העיקרי הוא שזה עולה יותר מדי.
fd84de86ba7f	8	eager	נלהב, משתוקק, כמה	נלהבת	The child was <b>eager</b> to open her birthday gifts after waiting weeks.	הילדה הייתה <b>נלהבת</b> לפתוח את מתנות יום ההולדת שלה אחרי שחיכתה שבועות.
356acee8c8ba	8	edible	אכיל	אכילות	These mushrooms are <b>edible</b>, but those purple ones are toxic and must be avoided.	הפטריות האלה <b>אכילות</b>, אבל הסגולות ההן רעילות ויש להימנע מהן.
137a2cb9f1ca	8	emerge	להגיח, להופיע	תגיח	The sun will <b>emerge</b> from behind the clouds within the next hour or two.	השמש <b>תגיח</b> מאחורי העננים בתוך השעה או השעתיים הקרובות.
c8b673ac6717	8	enchant	לכשף, להקסים	מכשפת	The old fairy tale would <b>enchant</b> audiences of all ages with its magical story.	אגדת העם הישנה הייתה <b>מכשפת</b> קהלים מכל הגילאים בסיפור הקסום שלה.
4c1b21541310	8	endurance	כוח סבל	לכוח סבל	Marathon runners need tremendous <b>endurance</b> to finish the grueling twenty-six mile race.	רצי מרתון זקוקים <b>לכוח סבל</b> אדיר כדי לסיים את המרוץ המתיש בן עשרים ושישה מייל.
7dda845ca8a0	8	enhance	לשפר, להעצים	תעצים	Adding fresh herbs will <b>enhance</b> the flavor of almost any savory dinner dish.	הוספת עשבי תיבול טריים <b>תעצים</b> את הטעם של כמעט כל מנת ערב מלוחה.
295b2b798279	8	exaggerate	להגזים	תגזים	Please do not <b>exaggerate</b> your accomplishments when applying for the executive position.	אנא אל <b>תגזים</b> בהישגים שלך כשאתה מגיש מועמדות לתפקיד הבכיר.
afaf0b4bc016	8	exhale	לנשוף	נושף	When you <b>exhale</b>, your lungs release carbon dioxide into the atmosphere around you.	כשאתה <b>נושף</b>, הריאות שלך משחררות פחמן דו חמצני לאוויר שסביבך.
d63a646e59c4	8	exploit	פעולות, מעשים; לנצל, להפיק תועלת	המעשה	The explorer's <b>exploit</b> in discovering the hidden temple made him famous worldwide.	<b>המעשה</b> של החוקר בגילוי המקדש הנסתר הפך אותו למפורסם ברחבי העולם.
d28269544e3b	8	extensive	נרחב	הנרחב	The museum's <b>extensive</b> collection includes thousands of paintings from hundreds of years ago.	האוסף <b>הנרחב</b> של המוזיאון כולל אלפי ציורים מלפני מאות שנים.
6bbeb86cf987	8	extinction	הכחדה	הכחדת	The <b>extinction</b> of the dinosaurs happened millions of years before humans appeared on earth.	<b>הכחדת</b> הדינוזאורים התרחשה מיליוני שנים לפני שבני האדם הופיעו על כדור הארץ.
6cc777032f77	8	fabric	בד; מרקם	הבד	The soft <b>fabric</b> of the blanket made it perfect for young children to cuddle.	<b>הבד</b> הרך של השמיכה הפך אותה למושלמת עבור ילדים קטנים להתכרבל בה.
0cda9dff4527	8	fellow	חבר, עמית	לחבריו	He treated his <b>fellow</b> college students with respect and kindness throughout their years together.	הוא התייחס <b>לחבריו</b> לקולג' בכבוד ובאדיבות לאורך כל שנותיהם המשותפות.
fc16dc14cf89	8	fetus	עובר (ברחם)	העובר	Doctors carefully monitored the <b>fetus</b> during pregnancy to ensure proper development and growth.	הרופאים עקבו בקפידה אחר <b>העובר</b> במהלך ההיריון כדי להבטיח התפתחות וגדילה תקינה.
d7be5615e974	8	fine	קטן, עדין, דקיק; משביע רצון; משובח, מצוין; קנס	העדינים	The <b>fine</b> china dishes were stored carefully and only used for special occasions.	כלי החרסינה <b>העדינים</b> אוחסנו בקפידה ושימשו רק באירועים מיוחדים.
f62809561f9b	8	firm	מוצק; נחוש, תקיף; חברה (פירמה)	מוצקה	He kept his <b>firm</b> grasp on the rope so he would not fall during the climb.	הוא שמר על אחיזה <b>מוצקה</b> בחבל כדי שלא ייפול במהלך הטיפוס.
7e87660042f1	8	footage	קטע צילום	קטע הצילום	The <b>footage</b> from the wildlife camera captured a bear wandering through the forest at night.	<b>קטע הצילום</b> ממצלמת חיות הבר תיעד דוב משוטט ביער בלילה.
c15f04877d0c	8	fracture	שבר; לשבור	לשבר	The fall caused a <b>fracture</b> in his left leg that required surgery and physical therapy.	הנפילה גרמה <b>לשבר</b> ברגלו השמאלית שדרש ניתוח ופיזיותרפיה.
b03b0ab9c5cd	8	fragrance	ניחוח	הניחוח	The <b>fragrance</b> of fresh roses filled the garden and attracted butterflies from everywhere.	<b>הניחוח</b> של ורדים טריים מילא את הגן ומשך פרפרים מכל עבר.
8ad7a6b64cd4	8	fundraiser	מגייס כספים	אירוע לגיוס כספים	The school organized a <b>fundraiser</b> to collect money for the music program this spring.	בית הספר ארגן <b>אירוע לגיוס כספים</b> כדי לאסוף כסף לתוכנית המוזיקה באביב הזה.
afaad289aaac	8	fungus	פטרייה	לפטרייה	The warm, damp climate allowed <b>fungus</b> to grow on the old wooden boat hull.	האקלים החם והלח אפשר <b>לפטרייה</b> לצמוח על גוף העץ הישן של הסירה.
35a47fba2254	8	genesis	ספר בראשית; היווצרות, התהוות	ראשיתה	The <b>genesis</b> of the company came when two friends decided to start a business.	<b>ראשיתה</b> של החברה הייתה כאשר שני חברים החליטו להקים עסק.
64951d916a16	8	glacier	קרחון	הקרחון	The <b>glacier</b> moved slowly down the mountain valley, grinding the rock beneath it to powder.	<b>הקרחון</b> זז לאט במורד עמק ההר וטחן את הסלע מתחתיו לאבקה.
49347278381f	8	goods	סחורה, טובין	סחורות	The store sold all kinds of <b>goods</b> from coffee to clothing to kitchen supplies.	החנות מכרה כל מיני <b>סחורות</b>, מקפה ועד בגדים וציוד מטבח.
37bc3f4a093c	8	grace	חסד, חינניות	בחן	He accepted defeat with <b>grace</b> and congratulated his opponent on the remarkable victory.	הוא קיבל את התבוסה <b>בחן</b> ובירך את יריבו על הניצחון המרשים.
b73c59078e41	8	graceful	חינני, אלגנטי	החיננית	The <b>graceful</b> dancer moved across the stage with flowing, elegant movements.	הרקדנית <b>החיננית</b> זזה על הבמה בתנועות זורמות ואלגנטיות.
1e3d3e3791cd	8	grief	יגון, צער	היגון	Her <b>grief</b> over losing her mother lasted for several years after the funeral.	<b>היגון</b> שלה על אובדן אמה נמשך כמה שנים אחרי הלוויה.
fb1099315b8c	8	groundbreaking	פורץ דרך	פורץ הדרך	The scientist's <b>groundbreaking</b> research changed how doctors treat this serious disease today.	המחקר <b>פורץ הדרך</b> של המדען שינה את הדרך שבה רופאים מטפלים במחלה החמורה הזו כיום.
2154382ecfde	8	habitat	סביבת מגורים	סביבת המגורים	The <b>habitat</b> of polar bears is melting due to rising temperatures in the Arctic.	<b>סביבת המגורים</b> של דובי הקוטב נמסה בגלל עליית הטמפרטורות בארקטיקה.
5b51932c2faa	8	halve	לחלק לשניים, להקטין בחצי	תחלק	If you <b>halve</b> the recipe, you only need two eggs instead of four eggs.	אם <b>תחלק</b> את המתכון לשניים, תצטרך רק שתי ביצים במקום ארבע.
0dbb5365ea48	8	hatch	לבקוע (מביצה); פתח, צוהר	בוקעות	Birds <b>hatch</b> from eggs after the mother incubates them for several weeks or so.	ציפורים <b>בוקעות</b> מביצים אחרי שהאם דוגרת עליהן במשך כמה שבועות בערך.
a8c971281bda	8	hazardous	מסוכן	מסוכנת	Driving in thick fog is <b>hazardous</b> because visibility drops to almost nothing.	נהיגה בערפל סמיך <b>מסוכנת</b> כי הראות יורדת כמעט לאפס.
6a460f5b1cfc	8	heritage	מורשת	המורשת	The family's <b>heritage</b> included traditions brought over from Italy generations ago by ancestors.	<b>המורשת</b> המשפחתית כללה מסורות שהובאו מאיטליה לפני דורות בידי האבות הקדמונים.
ecbc2bad3c82	8	hibernate	לישון שנת חורף	ישנים שנת חורף	Many animals <b>hibernate</b> during the winter months when food becomes scarce and cold intensifies.	בעלי חיים רבים <b>ישנים שנת חורף</b> בחודשי החורף כשהמזון נהיה נדיר והקור מתעצם.
0231db2899fe	8	hive	כוורת	לכוורת	The bees returned to their <b>hive</b> after spending the day collecting pollen from flowers.	הדבורים חזרו <b>לכוורת</b> שלהן אחרי שבילו את היום באיסוף אבקה מפרחים.
3e1e29360bd6	8	hospitality	הכנסת אורחים	הכנסת האורחים	Their warm <b>hospitality</b> made all the guests feel welcome and comfortable at their home.	<b>הכנסת האורחים</b> החמה שלהם גרמה לכל האורחים להרגיש רצויים ונוחים בביתם.
0094a8a88fd5	8	hostility	עוינות	העוינות	The <b>hostility</b> between the two neighbors increased after their fence dispute worsened.	<b>העוינות</b> בין שני השכנים גברה אחרי שהסכסוך על הגדר הידרדר.
81ba7b52ba62	8	howl	יללה, לילל	מיילל	The wolf would <b>howl</b> at the moon on clear nights when he felt lonely.	הזאב היה <b>מיילל</b> לירח בלילות בהירים כשהוא הרגיש בודד.
9b6f0d01f1ad	8	ignorance	בורות	הבורות	His <b>ignorance</b> of local customs caused him to make several embarrassing social mistakes.	<b>הבורות</b> שלו לגבי המנהגים המקומיים גרמה לו לעשות כמה טעויות חברתיות מביכות.
bd068701198e	8	imitate	לחקות	מחקים	Young children often <b>imitate</b> their parents by copying their words and daily actions.	ילדים קטנים לעיתים קרובות <b>מחקים</b> את הוריהם, ומעתיקים את מילותיהם ומעשיהם היומיומיים.
f80294c598af	8	implications	השלכות, משמעות	ההשלכות	The <b>implications</b> of this decision would affect the company's profits for years to come.	<b>ההשלכות</b> של ההחלטה הזו ישפיעו על רווחי החברה בשנים הבאות.
9f5d67786782	8	imply	לרמוז	רמז	Did he <b>imply</b> that you were dishonest, or did he actually state it directly?	הוא <b>רמז</b> שאתה לא ישר, או שהוא באמת אמר את זה במפורש?
057fff23b3f2	8	incompetence	חוסר יכולת	חוסר היכולת	His <b>incompetence</b> at the job became obvious when clients complained about his terrible work.	<b>חוסר היכולת</b> שלו בעבודה התברר כשלקוחות התלוננו על העבודה הגרועה שלו.
c5c15defa8aa	8	indebted	חייב ל-, אסיר תודה	אסירת תודה	She felt <b>indebted</b> to her mentor for helping her achieve success in her career.	היא הרגישה <b>אסירת תודה</b> למנטור שלה על שעזר לה להצליח בקריירה שלה.
6b5e5454b921	8	indefinitely	ללא הגבלה	ללא הגבלת	They postponed the project <b>indefinitely</b> because they did not have enough money yet.	הם דחו את הפרויקט <b>ללא הגבלת</b> זמן כי לא היה להם עדיין מספיק כסף.
9ff576fe5533	8	inherit	לרשת	יירש	My brother will <b>inherit</b> the farm when our father retires.	אחי <b>יירש</b> את החווה כשאבא שלנו יפרוש.
78393e5890f7	8	inn	פונדק	בפונדק	We stayed at a small <b>inn</b> by the lake that night.	לנו באותו לילה <b>בפונדק</b> קטן ליד האגם.
f67dbf64dc16	8	intersection	צומת, הצטלבות	בצומת	Turn right at the next <b>intersection</b> near the park.	פנה ימינה <b>בצומת</b> הבא ליד הפארק.
456353c035ef	8	intervention	התערבות	ההתערבות	The government's <b>intervention</b> helped save the failing bank.	<b>ההתערבות</b> של הממשלה עזרה להציל את הבנק הכושל.
e26f6a323db0	8	irresistible	שלא ניתן לעמוד בפניו	אי אפשר היה לעמוד בפניו	The smell of fresh bread was absolutely <b>irresistible</b> to everyone.	הריח של הלחם הטרי היה כזה שממש <b>אי אפשר היה לעמוד בפניו</b>.
7246eeb45994	8	isle	אי	האי	The small <b>isle</b> in the middle of the bay is beautiful.	<b>האי</b> הקטן שבאמצע המפרץ יפהפה.
9a47f128f6a6	8	ivory	שנהב	משנהב	The piano keys were made of <b>ivory</b> long ago.	מקשי הפסנתר היו עשויים <b>משנהב</b> לפני שנים רבות.
c5e8ada72feb	8	janitor	שרת	השרת	The <b>janitor</b> arrived early to clean the office building.	<b>השרת</b> הגיע מוקדם כדי לנקות את בניין המשרדים.
41f05bc6c3e7	8	kettle	קומקום	הקומקום	I put the <b>kettle</b> on the stove to make tea.	שמתי את <b>הקומקום</b> על הכיריים כדי להכין תה.
f848c3cf310d	8	laid	להניח, מונח; להטיל	הניחה	She <b>laid</b> the blanket on the bed very carefully today.	היא <b>הניחה</b> את השמיכה על המיטה בזהירות רבה היום.
f15b5a15543b	8	lean	להישען; רזה	נשען	He <b>leaned</b> against the wall while waiting for the bus.	הוא <b>נשען</b> על הקיר בזמן שחיכה לאוטובוס.
d4e7061af821	8	likewise	כמו-כן, באותו אופן	כמו כן	She studied hard for the test; <b>likewise</b>, her brother prepared well.	היא למדה קשה למבחן; <b>כמו כן</b>, אחיה התכונן היטב.
4142b0b46092	8	literary	ספרותי	הספרותי	Her <b>literary</b> analysis of the novel showed deep understanding.	הניתוח <b>הספרותי</b> שלה לרומן הראה הבנה עמוקה.
3a8df4741179	8	lurking	אורב, מתגנב	ארבה	A danger was <b>lurking</b> in the dark streets at night.	סכנה <b>ארבה</b> ברחובות החשוכים בלילה.
71a2d8f93eda	8	marble	שיש; גולה	משיש	The countertop was made of polished white <b>marble</b>.	משטח העבודה היה עשוי <b>משיש</b> לבן מלוטש.
c186b517c4cc	8	martial	צבאי, קרבי	צבאית	The soldiers followed strict <b>martial</b> discipline during their training exercises.	החיילים שמרו על משמעת <b>צבאית</b> קפדנית במהלך תרגילי האימונים שלהם.
695c201d29f0	8	massacre	טבח	הטבח	The <b>massacre</b> killed hundreds of villagers in the remote mountain region.	<b>הטבח</b> הרג מאות כפריים באזור ההררי הנידח.
81325d5779a9	8	mechanize	למכן, להתקין מכונות	ימכן	The factory will <b>mechanize</b> production to increase efficiency greatly.	המפעל <b>ימכן</b> את הייצור כדי להגביר משמעותית את היעילות.
cc63abb12576	8	medieval	מתקופת ימי הביניים	מימי הביניים	The <b>medieval</b> castle stood on the hill for centuries.	הטירה <b>מימי הביניים</b> עמדה על הגבעה במשך מאות שנים.
dfebde6ba5d7	8	merger	מיזוג	המיזוג	The <b>merger</b> of the two companies created a larger business.	<b>המיזוג</b> של שתי החברות יצר עסק גדול יותר.
e6f14f0568d1	8	mimic	לחקות	מחקים	Children often <b>mimic</b> their parents' behavior and speech patterns.	ילדים לעיתים קרובות <b>מחקים</b> את ההתנהגות ודפוסי הדיבור של הוריהם.
4f5f5c3d824a	8	mock	ללעוג; מדומה	לעגו	The older children <b>mocked</b> the new student harshly.	הילדים המבוגרים יותר <b>לעגו</b> לתלמיד החדש באכזריות.
e1b9eebabdc1	8	modest	צנוע; מתון	צנועה	Despite winning, she remained <b>modest</b> about her achievement.	למרות שניצחה, היא נשארה <b>צנועה</b> לגבי ההישג שלה.
7f25582b87fd	8	moist	לח, לחלוחי, טחוב	לחה	The cake was perfectly <b>moist</b> and delicious to eat.	העוגה הייתה <b>לחה</b> בדיוק כמו שצריך וטעימה לאכילה.
0d7292ed924c	8	mortality	תמותה	התמותה	The <b>mortality</b> rate from the disease has declined significantly.	שיעור <b>התמותה</b> מהמחלה ירד משמעותית.
c46b841b7e01	8	mourning	אבל, מתאבל	באבל	The family was in <b>mourning</b> after their grandfather's death.	המשפחה הייתה <b>באבל</b> אחרי מותו של סבם.
d00edc0cde0e	8	mutually	באופן שווה/הדדי	הדדית	The neighbors <b>mutually</b> agreed to share the cost of the fence.	השכנים הסכימו <b>הדדית</b> לחלוק בעלות הגדר.
c7e0b54be76f	8	naval	ימי	הימי	The <b>naval</b> base protected the coast from enemy attack.	הבסיס <b>הימי</b> הגן על החוף מפני התקפת אויב.
8859f19c5545	8	neglect	להזניח, הזנחה	הזניח	He <b>neglected</b> his garden and all the flowers died quickly.	הוא <b>הזניח</b> את הגינה שלו וכל הפרחים מתו במהירות.
8178fdeb1780	8	newscaster	מגיש חדשות	מגיש החדשות	The <b>newscaster</b> reported the latest news with calm professionalism.	<b>מגיש החדשות</b> דיווח על החדשות האחרונות במקצועיות רגועה.
0552bbefdde6	8	nobility	אצולה; אצילות	האצולה	The <b>nobility</b> gathered at the royal palace for the celebration.	<b>האצולה</b> התכנסה בארמון המלכותי לחגיגה.
c1a28ae9c278	8	notion	רעיון, מושג, נטיה	הרעיון	She rejected the <b>notion</b> that she could not succeed.	היא דחתה את <b>הרעיון</b> שהיא לא יכולה להצליח.
a7193743be0a	8	numb	רדום, חסר תחושה	חסרות תחושה	His fingers were <b>numb</b> from the cold winter weather.	אצבעותיו היו <b>חסרות תחושה</b> בגלל הקור של מזג האוויר החורפי.
8fb1e424213a	8	numerous	מרובה	רבים	She made <b>numerous</b> attempts before finally succeeding at the task.	היא עשתה ניסיונות <b>רבים</b> לפני שהצליחה לבסוף במשימה.
c445d4996a88	8	nursery	חדר ילדים, פעוטון; משתלה	חדר הילדים	The baby's <b>nursery</b> was painted a soft pale yellow color.	<b>חדר הילדים</b> של התינוק נצבע בצבע צהוב חיוור ורך.
b54d457a1421	8	obey	לציית	ציתו	The soldiers <b>obeyed</b> their commander without any questions.	החיילים <b>ציתו</b> למפקד שלהם ללא כל שאלות.
63d393ca369a	8	occupy	להעסיק; לתפוס, לאכלס; לכבוש	העסיק	The puzzle <b>occupied</b> her mind for several hours that afternoon.	הפאזל <b>העסיק</b> את מחשבתה במשך כמה שעות באותו אחר צהריים.
9dbad6af077b	8	odor	ריח, ניחוח	הריח	The strong <b>odor</b> from the factory bothered all nearby residents.	<b>הריח</b> החזק מהמפעל הפריע לכל התושבים בסביבה.
539205920bf0	8	outline	תוואי, מתאר, קווים כלליים	המתאר	The <b>outline</b> of the mountain was visible against the sky.	<b>המתאר</b> של ההר היה גלוי מול השמיים.
8b597445b7c0	8	oversee	לפקח	יפקח	The director will <b>oversee</b> the construction of the new building.	המנהל <b>יפקח</b> על בניית הבניין החדש.
b18491660d4d	8	pace	קצב	בקצב	She walked at a brisk <b>pace</b> down the busy street.	היא הלכה <b>בקצב</b> מהיר ברחוב הסואן.
9a9a2cadd801	8	paddle	משוט; מחבט (טניס שולחן); לחתור, לשכשך	במשוט	He used a wooden <b>paddle</b> to steer the small canoe safely.	הוא השתמש <b>במשוט</b> עץ כדי לנווט את הקאנו הקטן בבטחה.
8e0311383827	8	pedestrian	הולך רגל; שגרתי	הולך הרגל	The <b>pedestrian</b> waited at the corner for the light to change.	<b>הולך הרגל</b> חיכה בפינה שהרמזור יתחלף.
9ee1c2ebad56	8	perception	תפיסה, תחושה	התפיסה	Her <b>perception</b> of the situation was completely different from mine.	<b>התפיסה</b> שלה את המצב הייתה שונה לחלוטין משלי.
c6ffd7b4bff8	8	persist	להתמיד, להתעקש; להימשך	התמידה	Despite the difficulties, she <b>persisted</b> in achieving her goals.	למרות הקשיים, היא <b>התמידה</b> בהשגת המטרות שלה.
b16344163770	8	petty	קטן, חסר חשיבות; קטנוני	קטנוניים	He argued about <b>petty</b> details, like which font to use for the poster.	הוא התווכח על פרטים <b>קטנוניים</b>, כמו איזה גופן להשתמש בו לפוסטר.
b176df76a7c3	8	pinch	לצבוט; קורט	צבטה	She gave his cheek a gentle <b>pinch</b> and laughed.	היא <b>צבטה</b> לו קלות בלחי וצחקה.
218138623324	8	plaster	טיח	בטיח	They covered the wall with fresh white <b>plaster</b>.	הם כיסו את הקיר <b>בטיח</b> לבן טרי.
26cc15376014	8	plead	לעתור, להתחנן; לטעון	התחנן	He <b>pleaded</b> with the judge for a lighter sentence after his arrest.	הוא <b>התחנן</b> בפני השופט לעונש קל יותר אחרי מעצרו.
d3d83f30959f	8	pledge	להתחייב	התחייב	He made a <b>pledge</b> to finish the project on time.	הוא <b>התחייב</b> לסיים את הפרויקט בזמן.
6333885e326a	8	plentiful	מלא, שופע	בשפע	Fresh fruit was <b>plentiful</b> at the market in summer.	פירות טריים היו מצויים <b>בשפע</b> בשוק בקיץ.
4a17e2736460	8	possess	להיות בעלים של, להחזיק ב-	החזיקה	Even after losing everything else, she still <b>possessed</b> her mother's old ring.	גם אחרי שאיבדה הכל, היא עדיין <b>החזיקה</b> בטבעת הישנה של אמה.
eb6aa1ca2dbe	8	prejudice	דעה קדומה	הדעה הקדומה	Her <b>prejudice</b> against different cultures made her uncomfortable.	<b>הדעה הקדומה</b> שלה כלפי תרבויות שונות גרמה לה לאי נוחות.
c5f8343b9ee1	8	premature	מוקדם מדי	המוקדמת מדי	The baby's <b>premature</b> birth meant she needed extra care in the hospital.	הלידה <b>המוקדמת מדי</b> של התינוקת גרמה לכך שהיא נזקקה לטיפול נוסף בבית החולים.
46bb38877d16	8	presume	להניח	מניח	I <b>presume</b> you have read the email I sent.	אני <b>מניח</b> שקראת את המייל ששלחתי.
0cd28a7fed08	8	prick	לדקור	ידקור	A thorn will <b>prick</b> your finger if you touch it.	קוץ <b>ידקור</b> לך את האצבע אם תיגע בו.
c3e412f5e360	8	principal	מנהל בית ספר; ראשי, עיקרי; קרן (הלוואה)	המנהל	The <b>principal</b> gave an important speech at the assembly.	<b>המנהל</b> נשא נאום חשוב בטקס.
8e4456cdb9a1	8	probe	לחקור, לברר, לגשש, לחטט	בוחנים	Scientists <b>probe</b> the ocean depths for new species.	מדענים <b>בוחנים</b> את מעמקי האוקיינוס בחיפוש אחר מינים חדשים.
dc5ce5e78099	8	prohibit	לאסור, למנוע	אוסר	The new law <b>prohibits</b> smoking in all public buildings.	החוק החדש <b>אוסר</b> עישון בכל המבנים הציבוריים.
54cbd14f99ae	8	prominent	בולט, חשוב	בולטת	She is a <b>prominent</b> figure in the art world.	היא דמות <b>בולטת</b> בעולם האמנות.
1e5db3e70ef6	8	propel	להניע, לדחוף	מניעות	Strong winds <b>propel</b> the sailboat across the ocean.	רוחות חזקות <b>מניעות</b> את סירת המפרש על פני האוקיינוס.
9e755da154de	8	prophecy	נבואה	הנבואה	The ancient <b>prophecy</b> predicted the rise of a king.	<b>הנבואה</b> העתיקה ניבאה את עלייתו של מלך.
acb2df2172e8	8	proverb	פתגם, אמרה	הפתגם	The <b>proverb</b> teaches that patience brings great rewards.	<b>הפתגם</b> מלמד שסבלנות מביאה גמול רב.
a83fe74ed807	8	pursue	לרדוף; לשאוף	ירדוף	The detective will <b>pursue</b> the suspect through the city.	הבלש <b>ירדוף</b> אחרי החשוד ברחבי העיר.
be6b98da7d43	8	rail	מעקה, מסילה	במעקה	He gripped the <b>rail</b> as the ship rocked.	הוא נאחז <b>במעקה</b> כשהספינה התנדנדה.
9d41a3213320	8	recreation	בילוי	הבילוי	Swimming and hiking are my favorite <b>recreation</b> activities.	שחייה וטיולים רגליים הם פעילויות <b>הבילוי</b> המועדפות עליי.
7c241fd8579e	8	recur	לחזור ולהופיע, לקרות שוב	חוזרת	The same problem <b>recurs</b> every year in summer.	אותה בעיה <b>חוזרת</b> כל שנה בקיץ.
b7d587652faa	8	regard	להתייחס, להחשיב; כבוד	מחשיב	I <b>regard</b> him as one of my best friends.	אני <b>מחשיב</b> אותו לאחד מחבריי הטובים ביותר.
1c4f7d42d5b1	8	regulate	להסדיר, לווסת	מווסתת	The government <b>regulates</b> the safety of food products.	הממשלה <b>מווסתת</b> את בטיחות מוצרי המזון.
eab7345c5619	8	rehearse	לחזור, לתרגל	מתרגלים	The actors <b>rehearse</b> their lines every single day.	השחקנים <b>מתרגלים</b> את התפקידים שלהם כל יום.
b3c6ae5f9620	8	reinforce	לתגבר, לחזק	מחזקים	Steel bars <b>reinforce</b> the concrete walls of the building.	מוטות פלדה <b>מחזקים</b> את קירות הבטון של הבניין.
97075b87286b	8	relic	שארית, שריד	השריד	The ancient <b>relic</b> was displayed in the museum.	<b>השריד</b> העתיק הוצג במוזיאון.
a0f438a200a7	8	remainder	שארית	השארית	She ate the cake and left the <b>remainder</b>.	היא אכלה את העוגה והשאירה את <b>השארית</b>.
4855d1fde719	8	reservoir	מאגר	המאגר	The <b>reservoir</b> provides water to the entire city.	<b>המאגר</b> מספק מים לכל העיר.
ddf41e667da2	8	resilience	חוסן, עמידות, כושר התאוששות	החוסן	His <b>resilience</b> allowed him to recover from the illness.	<b>החוסן</b> שלו איפשר לו להחלים מהמחלה.
94cc032dcf29	8	restrict	להגביל	הגביל	The doctor <b>restricted</b> his diet to healthy foods.	הרופא <b>הגביל</b> את התזונה שלו למזון בריא.
6e38f018d841	8	revitalize	להחיות	תחייה	The new program will <b>revitalize</b> the struggling community.	התוכנית החדשה <b>תחייה</b> את הקהילה המתקשה.
6eab37913eec	8	rim	שפה; חישוק	שפת	He sat on the <b>rim</b> of the well.	הוא ישב על <b>שפת</b> הבאר.
60ae27546991	8	rural	כפרי	כפריות	<b>Rural</b> communities often have fewer services than cities.	לקהילות <b>כפריות</b> יש לעיתים קרובות פחות שירותים מאשר לערים.
8e407d1f604b	8	salvation	ישועה, גאולה	הישועה	For him, exercise was his <b>salvation</b> from stress.	עבורו, ספורט היה <b>הישועה</b> שלו מלחץ.
661a2a5cddc7	8	scarce	נדיר; מועט	נדירים	Fresh water was <b>scarce</b> in the desert regions.	מים טריים היו <b>נדירים</b> באזורי המדבר.
c324d018d0a4	8	scatter	לפזר	תפזר	The strong wind will <b>scatter</b> the dry leaves.	הרוח החזקה <b>תפזר</b> את העלים היבשים.
1e5988510f9f	8	sentiments	רגשות; דעה	הרגשות	His <b>sentiments</b> about the situation were quite mixed.	<b>הרגשות</b> שלו לגבי המצב היו מעורבים למדי.
4cc87965c81a	8	shatter	לנפץ, להרוס, לקעקע	תתנפץ	The glass will <b>shatter</b> if you drop it.	הזכוכית <b>תתנפץ</b> אם תפיל אותה.
ecbc3f00b2a8	8	shepherd	רועה צאן	רועה הצאן	The <b>shepherd</b> led his flock to the meadow.	<b>רועה הצאן</b> הוביל את העדר שלו למרעה.
62cc3f69d614	8	sincerity	כנות	בכנות	She spoke with <b>sincerity</b> about her true feelings.	היא דיברה <b>בכנות</b> על רגשותיה האמיתיים.
6b3f0d98e497	8	slaughterhouse	בית מטבחיים	בית המטבחיים	The <b>slaughterhouse</b> processed hundreds of animals for meat every single day.	<b>בית המטבחיים</b> עיבד מאות בעלי חיים לבשר בכל יום.
53f60f3d8e1a	8	slender	רזה	הרזה	The <b>slender</b> dancer moved gracefully across the stage.	הרקדנית <b>הרזה</b> זזה בחן על הבמה.
21167eb04040	8	soil	אדמה; לכלוך	האדמה	The farmer carefully prepared the <b>soil</b> for planting.	החקלאי הכין בקפידה את <b>האדמה</b> לשתילה.
d70a804faaee	8	solely	בלבד, רק	אך ורק	Her success was due <b>solely</b> to hard work.	הצלחתה נבעה <b>אך ורק</b> מעבודה קשה.
49ae336273e4	8	solitary	מבודד	בודד	She spent a <b>solitary</b> evening at home, seeing no one at all.	היא בילתה ערב <b>בודד</b> בבית, בלי לראות אף אחד.
87eb29070fdd	8	spike	זינוק, יתד; מסמר	היתד	He drove the <b>spike</b> deep into the ground.	הוא נעץ את <b>היתד</b> עמוק באדמה.
abb95a23c07f	8	steer	לנווט, להוביל	ינווט	The captain will <b>steer</b> the ship through the storm.	הקברניט <b>ינווט</b> את הספינה דרך הסערה.
1d6cc8d2e0e6	8	stem	גבעול, גזע; לנבוע מ-, להיווצר מ-	הגבעול	The <b>stem</b> of the flower was very thick.	<b>הגבעול</b> של הפרח היה עבה מאוד.
821abea7a876	8	stiff	נוקשה	נוקשים	The new leather boots felt <b>stiff</b> and uncomfortable.	המגפיים החדשים מעור הרגישו <b>נוקשים</b> ולא נוחים.
8ff1646de519	8	stimulate	לעורר, להמריץ	תעורר	The presentation will <b>stimulate</b> interest in the topic.	המצגת <b>תעורר</b> עניין בנושא.
b3893f26f9e8	8	subsequently	לאחר מכן, אחר כך, בהמשך	ולאחר מכן	They married in June and <b>subsequently</b> had children.	הם התחתנו ביוני <b>ולאחר מכן</b> הביאו ילדים לעולם.
287301f42e7e	8	superficial	שטחי	השטחי	His <b>superficial</b> charm hid the fact that he had no real skills.	הקסם <b>השטחי</b> שלו הסתיר את העובדה שלא היו לו כישורים אמיתיים.
36fbff892ceb	8	surrounding	מקיף, סובב	המקיף	The <b>surrounding</b> forest protected the small village from harsh winter winds.	היער <b>המקיף</b> הגן על הכפר הקטן מפני רוחות חורף קשות.
61ccf281aae8	8	tender	רך	הרכים	The <b>tender</b> leaves of spring roses require careful handling and water.	העלים <b>הרכים</b> של ורדי האביב דורשים טיפול זהיר והשקיה.
e8dc4531b17d	8	tin	בדיל, עשוי מפח	הפח	The old <b>tin</b> roof had rusted after many years of rain.	גג <b>הפח</b> הישן החליד אחרי שנים רבות של גשם.
f7d49e698bc4	8	urge	לדחוק ב, לעודד, לדחוף; דחף, רצון, תשוקה	דוחק	I <b>urge</b> you to start the project before the deadline arrives tomorrow.	אני <b>דוחק</b> בך להתחיל בפרויקט לפני שהמועד האחרון יגיע מחר.
89c12f084702	8	vacant	פנוי, ריק	הפנויה	The <b>vacant</b> apartment sat unused at the end of the hallway for years.	הדירה <b>הפנויה</b> עמדה לא בשימוש בקצה המסדרון במשך שנים.
604c307e1809	8	vast	עצום, נרחב, רחב ידיים	העצום	The <b>vast</b> desert stretched for hundreds of miles in every direction.	המדבר <b>העצום</b> נמתח על פני מאות קילומטרים בכל כיוון.
c86ee176ee92	8	verdict	פסק דין, פסיקה	פסק הדין	The jury announced their <b>verdict</b> after deliberating for three full days.	חבר המושבעים הכריז על <b>פסק הדין</b> שלו אחרי שלושה ימי דיונים מלאים.
b65bce425bed	8	vice versa	להיפך	ולהיפך	Parents help their children learn, and <b>vice versa</b> in many situations.	הורים עוזרים לילדיהם ללמוד, <b>ולהיפך</b> במצבים רבים.
18baa7145bbc	8	violate	להפר, לחלל	תפר	If you <b>violate</b> the traffic laws, you will receive a heavy fine.	אם <b>תפר</b> את חוקי התנועה, תקבל קנס כבד.
e45fb7caa2cb	8	viper	צפע	הצפע	The <b>viper</b> was discovered coiled near the garden shed yesterday.	<b>הצפע</b> התגלה מכורבל ליד מחסן הגינה אתמול.
3175bf74faaa	8	wanted	לרצות, מבוקש	המבוקש	The <b>wanted</b> criminal was finally arrested after ten years on the run.	הפושע <b>המבוקש</b> נעצר לבסוף אחרי עשר שנים במנוסה.
eb8a75f0f373	8	wardrobe	ארון בגדים; מלתחה	ארון הבגדים	Her <b>wardrobe</b> contained hundreds of dresses, shirts, and shoes neatly organized.	<b>ארון הבגדים</b> שלה הכיל מאות שמלות, חולצות ונעליים מסודרות בקפידה.
bb679624a7ba	8	widespread	נפוץ	נפוצה	The flu became <b>widespread</b> across the country during the winter season.	השפעת הפכה <b>נפוצה</b> ברחבי הארץ במהלך עונת החורף.
819a64cc44af	9	accumulate	לצבור, לאסוף	להצטבר	Over many years, dust tends to <b>accumulate</b> under the furniture.	במשך שנים רבות, אבק נוטה <b>להצטבר</b> מתחת לרהיטים.
ea1c9c8929c3	9	accustomed	מורגל	מורגלת	She was <b>accustomed</b> to waking up early every morning for work.	היא הייתה <b>מורגלת</b> להתעורר מוקדם כל בוקר לעבודה.
b0705722b1d2	9	acquisition	רכישה	רכישת	The company's <b>acquisition</b> of the startup was announced in the news.	<b>רכישת</b> הסטארטאפ על ידי החברה פורסמה בחדשות.
6d0ef0607742	9	adhere	לדבוק ב-, לדגול ב-	דבקים	Good scientists <b>adhere</b> strictly to the methods outlined in their research.	מדענים טובים <b>דבקים</b> בקפדנות בשיטות המתוארות במחקר שלהם.
b49cc5aafa6e	9	administer	לנהל, לפקח; לתת, לחלק	מנהל	The principal <b>administers</b> the entire school and all of its policies.	המנהל <b>מנהל</b> את כל בית הספר ואת כל המדיניות שלו.
20e61d347d76	9	adolescence	גיל ההתבגרות	בגיל ההתבגרות	During <b>adolescence</b>, many teenagers start to question their parents' rules.	<b>בגיל ההתבגרות</b>, בני נוער רבים מתחילים להטיל ספק בחוקי הוריהם.
89410969488c	9	aisle	מעבר	המעבר	The shopping cart blocked the entire <b>aisle</b> in the grocery store.	עגלת הקניות חסמה את כל <b>המעבר</b> בסופרמרקט.
88c9cb7067d2	9	ambiguous	דו משמעי, לא לגמרי ברור	דו משמעיות	The instructions were <b>ambiguous</b>, so the students asked for clarification.	ההוראות היו <b>דו משמעיות</b>, אז התלמידים ביקשו הבהרה.
f95a7e222bcb	9	amputation	קטיעה	לקטיעה	Severe frostbite led to the <b>amputation</b> of two of his fingers.	כפור קשה הוביל <b>לקטיעה</b> של שתיים מאצבעותיו.
6bc97aad49dc	9	anticipate	לצפות	צופים	Scientists <b>anticipate</b> that temperatures will rise significantly over the coming decades.	מדענים <b>צופים</b> שהטמפרטורות יעלו משמעותית בעשורים הקרובים.
a172354ec81c	9	anxiety	חרדה	לחרדה	Public speaking causes <b>anxiety</b> in many people who fear large audiences.	דיבור בפני קהל גורם <b>לחרדה</b> אצל אנשים רבים שחוששים מקהל גדול.
5537ba26950b	9	apparatus	מכשיר, ציוד, מערכת מכשירים; מנגנון	הציוד	The laboratory <b>apparatus</b> was expensive and required careful maintenance.	<b>הציוד</b> המעבדתי היה יקר ודרש תחזוקה קפדנית.
09960f666bef	9	apparent	ברור, נראה לעין; לכאורה, מדומה	התברר	It became <b>apparent</b> that the plan had failed when nobody showed up.	<b>התברר</b> שהתוכנית נכשלה כשאף אחד לא הופיע.
7b46c5947659	9	appoint	למנות	תמנה	The committee will <b>appoint</b> a new manager to lead the project.	הוועדה <b>תמנה</b> מנהל חדש שיוביל את הפרויקט.
363808b0d881	9	arise, arose	לצוץ, לקום, קם	קמה	She <b>arose</b> from her bed early to watch the sunrise.	היא <b>קמה</b> ממיטתה מוקדם כדי לצפות בזריחה.
06ba5a6f6768	9	ark	תיבה	תיבת	The old wooden <b>ark</b> held blankets and tools inside the barn.	<b>תיבת</b> העץ הישנה החזיקה שמיכות וכלים בתוך האסם.
4958f7c0e7f3	9	assertion	טענה, קביעה	הטענה	His <b>assertion</b> that he was innocent was not believed by the jury.	<b>הטענה</b> שלו שהוא חף מפשע לא הייתה אמינה בעיני חבר המושבעים.
89586ab0da91	9	assess	להעריך, לאמוד	יעריך	The teacher will <b>assess</b> each student's progress during the semester.	המורה <b>יעריך</b> את ההתקדמות של כל תלמיד במהלך הסמסטר.
c53ba59bd05f	9	attendant	משרת, מטפל, מלווה	המלווה	The hotel <b>attendant</b> helped carry our luggage to the room.	<b>המלווה</b> במלון עזר לשאת את המזוודות שלנו לחדר.
bde5376b6cbb	9	attribute	לייחס, לקשר; תכונה, מאפיין	ייחסה	She <b>attributed</b> the accident to driver error and heavy rain.	היא <b>ייחסה</b> את התאונה לטעות של הנהג ולגשם כבד.
905d088a5280	9	awe	יראת כבוד	ביראת כבוד	Standing before the ancient temple filled her with profound <b>awe</b>.	העמידה מול המקדש העתיק מילאה אותה <b>ביראת כבוד</b> עמוקה.
813552df077c	9	basin	אגן, כיור	האגן	She filled the ceramic <b>basin</b> with cool water for washing.	היא מילאה את <b>האגן</b> הקרמי במים קרים לרחצה.
654439ba2a82	9	beak	מקור	המקור	The parrot cracked nuts using its powerful curved <b>beak</b>.	התוכי פיצח אגוזים באמצעות <b>המקור</b> המעוקל והחזק שלו.
b719ba3c3c91	9	botanist	בוטנאי	הבוטנאי	The <b>botanist</b> spent decades studying endangered plant species worldwide.	<b>הבוטנאי</b> הקדיש עשרות שנים לחקר מיני צמחים בסכנת הכחדה ברחבי העולם.
114c8e4efa14	9	burden	נטל, עול; להכביד	לעול	Caring for her elderly parents became an emotional <b>burden</b>.	הטיפול בהוריה הקשישים הפך <b>לעול</b> רגשי.
d44267e322c5	9	burglar	פורץ	הפורץ	The <b>burglar</b> entered the house through an unlocked basement window.	<b>הפורץ</b> נכנס לבית דרך חלון מרתף לא נעול.
8efbe14acafb	9	carve	לגלף, לחטוב; לחתוך (בשר); לחרוט	גילף	He <b>carved</b> an intricate wooden statue with his pocket knife.	הוא <b>גילף</b> פסל עץ מורכב באמצעות אולר הכיס שלו.
896c72ea0072	9	characterize	לאפיין	מאפיינים	Historians <b>characterize</b> him as one of the greatest leaders.	היסטוריונים <b>מאפיינים</b> אותו כאחד המנהיגים הגדולים ביותר.
259af0fb2011	9	chariot	מרכבה	מרכבתו	The warrior rode his golden <b>chariot</b> across the desert.	הלוחם רכב על <b>מרכבתו</b> הזהובה לרוחב המדבר.
aaa5860c2823	9	circulate	להפיץ; לנוע במחזוריות	הופץ	The memo was promptly <b>circulated</b> to all employees this morning.	התזכיר <b>הופץ</b> מיד לכל העובדים הבוקר.
07d1448531c5	9	circumstance	מצב, תנאי, נסיבות	בנסיבות	Under these <b>circumstances</b>, we have absolutely no better option.	<b>בנסיבות</b> אלה, אין לנו שום ברירה טובה יותר.
f00f226db015	9	coexistence	דו-קיום	לדו-קיום	The two roommates finally reached peaceful <b>coexistence</b> after resolving their kitchen disputes.	שני השותפים לדירה הגיעו לבסוף <b>לדו-קיום</b> שליו לאחר שפתרו את חילוקי הדעות במטבח.
ad9f140f24a4	9	commence	להתחיל	יתחיל	The concert will <b>commence</b> at eight o'clock this evening.	הקונצרט <b>יתחיל</b> היום בשעה שמונה בערב.
211f775f5098	9	commodity	סחורה, מצרך	לסחורה	Oil has become a precious <b>commodity</b> in global markets.	הנפט הפך <b>לסחורה</b> יקרת ערך בשווקים העולמיים.
a5d7e5ee4dc6	9	communal	קהילתי, משותף, ציבורי	המשותפת	The <b>communal</b> garden is shared by all neighborhood residents.	הגינה <b>המשותפת</b> נמצאת בשימוש כל תושבי השכונה.
8eb65c87126b	9	comparable	בר-השוואה	ברי השוואה	These two laptops are <b>comparable</b> in price and specifications.	שני המחשבים הניידים האלה <b>ברי השוואה</b> מבחינת מחיר ומפרט.
3b79f4352d40	9	compel	לאלץ, לחייב	מאלצים	School attendance laws <b>compel</b> parents to enroll their children.	חוקי חובת הלימוד <b>מאלצים</b> הורים לרשום את ילדיהם לבית הספר.
415355db5a93	9	composed	רגוע, שלו, שולט בעצמו; הלחין, חיבר; מורכב	רגועה	She remained <b>composed</b> while everyone else panicked during the sudden power outage.	היא נשארה <b>רגועה</b> בזמן שכולם נכנסו לפאניקה בהפסקת החשמל הפתאומית.
1d02ca3670de	9	conception	תפיסה	התפיסה	Their <b>conception</b> of success differed greatly from ours.	<b>התפיסה</b> שלהם את ההצלחה הייתה שונה מאוד משלנו.
40121d98c26e	9	condemned	לגנות; נידון ל-	גינו	Critics <b>condemned</b> the movie's disappointing ending and rushed final act.	המבקרים <b>גינו</b> את הסיום המאכזב והמערכה האחרונה החפוזה של הסרט.
bd10045eec19	9	confiscate	להחרים	יחרימו	Security guards will <b>confiscate</b> prohibited items at the entrance.	מאבטחים <b>יחרימו</b> פריטים אסורים בכניסה.
4de5b69aa1d6	9	consist	מורכב מ-	מורכבת	The committee <b>consists</b> of five men and four women.	הוועדה <b>מורכבת</b> מחמישה גברים וארבע נשים.
815c39b77d39	9	consolidate	לאחד, לגבש	איחדה	The company <b>consolidated</b> three offices into one central headquarters.	החברה <b>איחדה</b> שלושה משרדים למטה מרכזי אחד.
9a9e8a1162aa	9	constitute	מהווים; להקים, לייסד	מהוות	Women now <b>constitute</b> half of the medical school class.	נשים <b>מהוות</b> כיום מחצית מכיתת בית הספר לרפואה.
bcb9642a1b93	9	contaminate	לזהם	זיהמה	Industrial waste <b>contaminated</b> the local drinking water supply.	פסולת תעשייתית <b>זיהמה</b> את אספקת מי השתייה המקומית.
01b960a04eaf	9	contemporary	עכשווי, מודרני; בן-זמנו, בן-תקופה	עכשווית	She prefers <b>contemporary</b> art to classical or traditional paintings.	היא מעדיפה אמנות <b>עכשווית</b> על פני ציורים קלאסיים או מסורתיים.
55019a5eb593	9	contradictory	סותר	סותרת	His latest statement is <b>contradictory</b> to what he claimed previously.	ההצהרה האחרונה שלו <b>סותרת</b> את מה שטען קודם לכן.
00ad859fcd89	9	convey	למסור, להעביר	מסר	His letter <b>conveyed</b> deep gratitude and sincere appreciation.	מכתבו <b>מסר</b> תודה עמוקה והערכה כנה.
3164dd9fdc2a	9	correspond	להתכתב; להתאים	מתכתבים	The two pen pals have <b>corresponded</b> regularly since they met in college.	שני חברי הדואר <b>מתכתבים</b> באופן קבוע מאז שנפגשו בקולג'.
192b867bce71	9	correspondence	התכתבות; התאמה	ההתכתבות	Their handwritten <b>correspondence</b> spanned more than forty remarkable years.	<b>ההתכתבות</b> בכתב יד שלהם נמשכה למעלה מארבעים שנה יוצאות דופן.
bf5990d6ac88	9	counsel	עצה, לייעץ, להדריך; פרקליט, יועץ; עורך דין	ייעץ	The therapist <b>counseled</b> her to pursue professional career advancement.	המטפל <b>ייעץ</b> לה לשאוף לקידום מקצועי בקריירה.
0bde7080c290	9	counterpart	בעל תפקיד מקביל, עמית, בן-זוג	בעל התפקיד המקביל	The CEO met with her German <b>counterpart</b> in Berlin.	המנכ"לית נפגשה עם <b>בעל התפקיד המקביל</b> לה בגרמניה בברלין.
f7ced3c28074	9	courteous	אדיב	האדיב	The <b>courteous</b> waiter greeted every guest by name and refilled water glasses without being asked.	המלצר <b>האדיב</b> בירך כל אורח בשמו ומילא מחדש כוסות מים בלי שיתבקש.
c1f3dde9bab3	9	crave	להשתוקק	השתוקקה	After months abroad, she <b>craved</b> her mother's home cooking.	אחרי חודשים בחו"ל, היא <b>השתוקקה</b> לבישול הביתי של אמה.
839a82986b72	9	crude	וולגרי, גס; גולמי	הוולגריות	His <b>crude</b> jokes offended several guests at the reception.	הבדיחות <b>הוולגריות</b> שלו פגעו בכמה מהאורחים בקבלת הפנים.
458e63c268ea	9	cuisine	מטבח, בישול	המטבח	Italian <b>cuisine</b> is beloved worldwide for its pasta dishes.	<b>המטבח</b> האיטלקי אהוב ברחבי העולם בזכות מנות הפסטה שלו.
b570c4108ccd	9	cultivate	לעבד, לטפח	מעבדת	She <b>cultivates</b> organic vegetables in her backyard garden annually.	היא <b>מעבדת</b> ירקות אורגניים בגינת החצר האחורית שלה מדי שנה.
633695e30aa7	9	czar	צאר (שליט רוסי)	הצאר	The <b>czar</b> ruled Russia with absolute power before the empire finally collapsed.	<b>הצאר</b> שלט ברוסיה בכוח מוחלט לפני שהאימפריה קרסה בסופו של דבר.
241f94cb61bd	9	deceased	נפטר	הנפטר	The <b>deceased</b> was interred in the family burial plot.	<b>הנפטר</b> נקבר בחלקת הקבורה המשפחתית.
f762010ca21b	9	deceive	להונות	הונה	He <b>deceived</b> his business partner about the real costs.	הוא <b>הונה</b> את שותפו העסקי בנוגע לעלויות האמיתיות.
12d59da11ab2	9	deduce	להסיק	הסיק	From the muddy footprints, the detective <b>deduced</b> that the thief had escaped through the garden.	מעקבות הבוץ, הבלש <b>הסיק</b> שהגנב נמלט דרך הגינה.
855fd2494653	9	defer	לעכב, לדחות; להישמע	נעכב	We will <b>defer</b> this important decision until next quarter.	<b>נעכב</b> את ההחלטה החשובה הזו עד הרבעון הבא.
c2986f0a541f	9	deformity	מום, עיוות	למום	The injury resulted in a permanent leg <b>deformity</b>.	הפציעה גרמה <b>למום</b> קבוע ברגל.
c614e0cb955c	9	deliberate	מכוון; לשקול, לבחון, לדון	מכוונת	She gave a <b>deliberate</b> pause before answering the difficult interview question.	היא עשתה הפסקה <b>מכוונת</b> לפני שענתה על שאלת הראיון הקשה.
6cc0bec2cbd0	9	delusions	אשליות, הזיות	מאשליות	He suffered from <b>delusions</b> regarding his actual social importance.	הוא סבל <b>מאשליות</b> לגבי חשיבותו החברתית האמיתית.
02dfe1cf8a2b	9	denote	לציין, לסמן	מציין	A red light <b>denotes</b> danger and signals drivers to stop.	אור אדום <b>מציין</b> סכנה ומאותת לנהגים לעצור.
bfa9ccbd39e9	9	depict	לתאר, להציג, לשרטט	תיאר	The painting <b>depicted</b> a peaceful village nestled in valleys.	הציור <b>תיאר</b> כפר שליו השוכן בין עמקים.
d224aa089a8e	9	derive	לנבוע, לשאוב, להפיק, לגזור מ-	שואבת	She <b>derives</b> genuine pleasure and satisfaction from reading novels.	היא <b>שואבת</b> הנאה וסיפוק אמיתיים מקריאת רומנים.
2fe090695ce4	9	differences	חילוקי דעות; שוני	חילוקי הדעות	The two business partners argued over their fundamental <b>differences</b> about company strategy.	שני השותפים העסקיים התווכחו על <b>חילוקי הדעות</b> היסודיים שלהם לגבי אסטרטגיית החברה.
f056d3f10a39	9	disciples	תלמידים	תלמידיו	The martial arts master trained his loyal <b>disciples</b> every morning before sunrise.	מאסטר אמנויות הלחימה אימן את <b>תלמידיו</b> הנאמנים כל בוקר לפני הזריחה.
522cc19ba52d	9	disclose	לגלות, לחשוף	גילתה	The company <b>disclosed</b> its quarterly financial results yesterday.	החברה <b>גילתה</b> אתמול את תוצאותיה הכספיות הרבעוניות.
7c44e509f3fd	9	dispatch	לשלוח, לשגר; דיווח	ישגר	The warehouse will <b>dispatch</b> your order by tomorrow.	המחסן <b>ישגר</b> את ההזמנה שלך עד מחר.
4f02436de16c	9	displacement	עקירה; תזוזה	לעקירה	The earthquake caused massive <b>displacement</b> of families from their homes.	רעידת האדמה גרמה <b>לעקירה</b> המונית של משפחות מבתיהן.
a26e44caa64f	9	dispute	מחלוקת; לערער	המחלוקת	The long <b>dispute</b> between neighbors finally ended last month.	<b>המחלוקת</b> הארוכה בין השכנים הסתיימה סוף סוף בחודש שעבר.
d3b97e4d3a78	9	disruption	שיבוש, הפרעה	לשיבוש	The strike caused major <b>disruption</b> to public transportation service.	השביתה גרמה <b>לשיבוש</b> משמעותי בשירותי התחבורה הציבורית.
0a51a3f417eb	9	draw	תיקו, שוויון; לצייר; למשוך	בתיקו	The final chess match ended in a <b>draw</b>.	משחק השחמט המכריע הסתיים <b>בתיקו</b>.
b2ef7ac59ca0	9	drought	בצורת	הבצורת	The severe <b>drought</b> left farmers without water for months.	<b>הבצורת</b> החמורה השאירה את החקלאים בלי מים במשך חודשים.
c03f938905cb	9	durable	עמיד, בר-קיימא, מחזיק מעמד	העמידות	These <b>durable</b> shoes will last many years with care.	הנעליים <b>העמידות</b> האלה יחזיקו מעמד שנים רבות בטיפול נכון.
87074b3f2a10	9	dwell	להתגורר; להתעכב	מתגוררים	My grandparents <b>dwell</b> in a small village by the coast.	סבי וסבתי <b>מתגוררים</b> בכפר קטן ליד החוף.
65b4b55fcf53	9	dwelling	משכן, בית	המשכן	The old <b>dwelling</b> on the hill belonged to the family.	<b>המשכן</b> הישן על הגבעה השתייך למשפחה.
a7ae8e01ea15	9	eel	צלופח	הצלופח	The <b>eel</b> swims through the river searching for small fish.	<b>הצלופח</b> שוחה בנהר בחיפוש אחר דגים קטנים.
47d095333cbd	9	emergence	הופעה, היווצרות	הופעתן	The <b>emergence</b> of new technologies changed how we work.	<b>הופעתן</b> של טכנולוגיות חדשות שינתה את אופן העבודה שלנו.
982c39abb2a8	9	emission	פליטה	פליטות	The factory reduced its carbon <b>emissions</b> through better equipment.	המפעל צמצם את <b>פליטות</b> הפחמן שלו באמצעות ציוד משופר.
fef70fd8f604	9	equates	להשוות, להתאים	מושווית	Success <b>equates</b> to hard work and dedication for most.	עבור רוב האנשים, הצלחה <b>מושווית</b> לעבודה קשה ומסירות.
1c16818cce46	9	erroneous	שגוי	השגוי	The <b>erroneous</b> report led the team to wrong conclusions.	הדוח <b>השגוי</b> הוביל את הצוות למסקנות שגויות.
d9d357e9672a	9	erupt	התפרץ	יתפרץ	The volcano will <b>erupt</b> and destroy everything nearby.	הר הגעש <b>יתפרץ</b> ויהרוס את כל מה שבסביבה.
9259d8c64a13	9	esteemed	מכובד	המכובד	The <b>esteemed</b> professor has won many international awards.	הפרופסור <b>המכובד</b> זכה בפרסים בינלאומיים רבים.
2f3ecd36f01e	9	evade	התחמק	להתחמק	The suspect tried to <b>evade</b> capture by running away.	החשוד ניסה <b>להתחמק</b> ממעצר על ידי בריחה.
347531e55e96	9	eventual	סופי, בסופו של דבר	הסופית	Their <b>eventual</b> goal was to open a successful restaurant.	המטרה <b>הסופית</b> שלהם הייתה לפתוח מסעדה מצליחה.
25e640dc04b4	9	exceed	לעלות על, לחרוג	יעלו על	Our company's sales this year will <b>exceed</b> every previous record.	מכירות החברה שלנו השנה <b>יעלו על</b> כל שיא קודם.
0cfade28e8eb	9	expendable	שניתן לוותר עליו	שניתן לוותר עליהם	Many workers felt <b>expendable</b> after the company cuts.	עובדים רבים הרגישו <b>שניתן לוותר עליהם</b> לאחר הקיצוצים בחברה.
059f6a8b3c70	9	expenditure	הוצאה	ההוצאה	The government cut military <b>expenditure</b> by ten percent.	הממשלה קיצצה את <b>ההוצאה</b> הצבאית בעשרה אחוזים.
7d3ada3374f2	9	famine	רעב קשה	הרעב	The terrible <b>famine</b> left millions of people desperately hungry.	<b>הרעב</b> הקשה הנורא השאיר מיליוני אנשים רעבים בייאוש.
58965d712382	9	fascinate	לרתק	מרתקים	The magician's tricks always <b>fascinate</b> the young audience members.	הטריקים של הקוסם תמיד <b>מרתקים</b> את חברי הקהל הצעירים.
67490fb4718e	9	fast	צום; מהיר	לצום	She decided to <b>fast</b> before her scheduled medical checkup this morning.	היא החליטה <b>לצום</b> לפני הבדיקה הרפואית המתוכננת שלה הבוקר.
184473be33ca	9	fertile	פורה	הפורה	The <b>fertile</b> soil in the valley grew excellent crops.	האדמה <b>הפורה</b> בעמק הצמיחה יבולים מצוינים.
36a8d54d4297	9	flight	בריחה, מנוסה; טיסה	הבריחה	Their <b>flight</b> from the dangerous city saved their lives.	<b>הבריחה</b> שלהם מהעיר המסוכנת הצילה את חייהם.
ca765f34366a	9	flock	לנהור, עדר, המון	נוהרים	Thousands of tourists <b>flock</b> to the beaches every summer.	אלפי תיירים <b>נוהרים</b> לחופים מדי קיץ.
447b66edb4a4	9	fluency	שטף	השטף	Her <b>fluency</b> in three languages impressed the entire committee.	<b>השטף</b> שלה בשלוש שפות הרשים את כל הוועדה.
a56bc9f29e80	9	fond	חובב, מחבב	חיבבה	She was <b>fond</b> of her elderly neighbor and baked cookies for him weekly.	היא <b>חיבבה</b> את שכנה הקשיש ואפתה עבורו עוגיות מדי שבוע.
db58dc8d7d44	9	foster	לטפח, לעודד, לקדם; (הורה/ילד) אומן	מטפחים	The teachers <b>foster</b> creativity in all their young students.	המורים <b>מטפחים</b> יצירתיות בכל תלמידיהם הצעירים.
d6bbe9885651	9	fugitive	נמלט, בורח מהחוק	הנמלט	The <b>fugitive</b> hid in the forest for many days.	<b>הנמלט</b> הסתתר ביער ימים רבים.
cbb28194bc81	9	glimpse	הצצה, מבט חטוף	להצצה חטופה	I caught only a <b>glimpse</b> of the famous singer.	זכיתי רק <b>להצצה חטופה</b> של הזמר המפורסם.
480c8291bcd7	9	gracious	חינני, אדיב	החינני	The <b>gracious</b> host welcomed all guests very warmly.	המארח <b>החינני</b> קיבל את פני כל האורחים בחום רב.
6d0ccb2d35c8	9	gradual	הדרגתי	ההדרגתית	The <b>gradual</b> rise in temperature went almost unnoticed by residents.	העלייה <b>ההדרגתית</b> בטמפרטורה כמעט לא הורגשה על ידי התושבים.
e0c3ed884f00	9	grim	קודר, עגום	הקודרת	The doctor's <b>grim</b> expression told them the news would not be good.	ההבעה <b>הקודרת</b> של הרופא אמרה להם שהחדשות לא יהיו טובות.
3c461d5801a8	9	groom	חתן; לטפח, לטפל	החתן	The <b>groom</b> smiled as he waited for his bride.	<b>החתן</b> חייך בעודו ממתין לכלתו.
3d5c5585150a	9	hasty	מהיר, בהול; פזיז	מהירה	He made a <b>hasty</b> decision without checking any of the facts first.	הוא קיבל החלטה <b>מהירה</b> מדי בלי לבדוק קודם אף אחת מהעובדות.
e9830358e1fb	9	hazard	סכנה, מפגע	לסכנה	The icy roads became a serious <b>hazard</b> for drivers.	הכבישים המכוסים קרח הפכו <b>לסכנה</b> רצינית עבור הנהגים.
321070257969	9	hectic	קדחתני	הקדחתני	Her <b>hectic</b> schedule left no time for rest.	לוח הזמנים <b>הקדחתני</b> שלה לא השאיר זמן למנוחה.
d04b6cdb7a90	9	humility	ענוה	הענווה	Her <b>humility</b> surprised everyone, since she never mentioned her many awards.	<b>הענווה</b> שלה הפתיעה את כולם, מכיוון שהיא מעולם לא הזכירה את הפרסים הרבים שלה.
dac4a6df1500	9	hypocrisy	צביעות	הצביעות	His <b>hypocrisy</b> was clear when his actions contradicted his words.	<b>הצביעות</b> שלו הייתה ברורה כשמעשיו סתרו את דבריו.
cfa19cea3e73	9	illicit	אסור, בלתי חוקי	האסור	The <b>illicit</b> trade in endangered animals is growing.	הסחר <b>האסור</b> בבעלי חיים בסכנת הכחדה הולך וגדל.
3597497a95c0	9	illiterate	בור, אנאלפבית	בורים	Many <b>illiterate</b> people struggle to read and write.	אנשים <b>בורים</b> רבים מתקשים לקרוא ולכתוב.
da4fb7a16798	9	immense	כביר, עצום	הכביר	The <b>immense</b> forest stretched across hundreds of miles.	היער <b>הכביר</b> השתרע על פני מאות קילומטרים.
423a0071e50f	9	impartial	אוביקטיבי, ללא צד	אובייקטיבי	The judge must remain <b>impartial</b> during the trial.	השופט חייב להישאר <b>אובייקטיבי</b> במהלך המשפט.
3081faf2bf4a	9	incomprehensible	לא מובן	בלתי מובן	The dense academic text was completely <b>incomprehensible</b> to me.	הטקסט האקדמי הצפוף היה <b>בלתי מובן</b> לי לחלוטין.
0beba44cc5fb	9	incorporate	לכלול, לשתף, לאגד	יכלול	The new design will <b>incorporate</b> all customer feedback.	העיצוב החדש <b>יכלול</b> את כל המשוב מהלקוחות.
ed0daf6cb864	9	indigenous	ילידי, מקומי, שמקורו במקום	הילידים	The <b>indigenous</b> people of the island have lived there for centuries.	התושבים <b>הילידים</b> של האי חיים שם כבר מאות שנים.
636d862e0157	9	inferred	להסיק, נגזר, משתמע	גזרו	The researchers <b>inferred</b> the disease's cause from the patient's symptoms.	החוקרים <b>גזרו</b> את הגורם למחלה מהתסמינים של המטופל.
05ff9223f59d	9	inflammation	דלקת	הדלקת	The doctor prescribed medicine to reduce the <b>inflammation</b> in her knee.	הרופא רשם תרופה להפחתת <b>הדלקת</b> בברך שלה.
709bc7f26704	9	ingest	לבלוע, לצרוך	להכניס	Young children should not <b>ingest</b> peanuts due to serious allergic reactions.	ילדים קטנים לא צריכים <b>להכניס</b> בוטנים לגופם, בשל תגובות אלרגיות חמורות.
b351dc97a7f5	9	inhibit	לעכב, לרסן; למנוע	ריסן	The strict dress code seemed to <b>inhibit</b> students' self-expression and creativity.	קוד הלבוש המחמיר נראה כאילו <b>ריסן</b> את הביטוי העצמי והיצירתיות של התלמידים.
7676ead5c41c	9	insulate	לבודד	מבודדים	The thick walls <b>insulate</b> the building from external noise and cold.	הקירות העבים <b>מבודדים</b> את הבניין מפני רעש חיצוני וקור.
1bf639ef9bd7	9	intermediary	מתווך, אמצעי	כמתווך	The lawyer acted as an <b>intermediary</b> between the two parties.	עורך הדין שימש <b>כמתווך</b> בין שני הצדדים.
7d6ee1d805c8	9	intestine	מעי	מהמעי	Doctors removed a damaged section of his small <b>intestine</b> during surgery.	הרופאים הסירו קטע פגוע <b>מהמעי</b> הדק שלו במהלך הניתוח.
06e3712eedce	9	intoxicate	להרעיל, לשכר; להלהיב	משכר	Alcohol will <b>intoxicate</b> the body and impair physical coordination.	אלכוהול <b>משכר</b> את הגוף ופוגע בתיאום הפיזי.
6bca90a7e564	9	intrusive	פולשני	הפולשניות	His <b>intrusive</b> questions about my personal finances made me uncomfortable.	השאלות <b>הפולשניות</b> שלו לגבי הכספים האישיים שלי גרמו לי לאי נוחות.
c79ccc23ebd5	9	jug	כד, קנקן	מהכד	She poured cold milk from the ceramic <b>jug</b> into small cups.	היא מזגה חלב קר <b>מהכד</b> הקרמי לתוך כוסות קטנות.
4f1d222d8d2e	9	latter	שני, אחרון	האחרון	Between coffee and tea, I prefer the <b>latter</b> beverage.	בין קפה לתה, אני מעדיף את המשקה <b>האחרון</b>.
63ac9b14ea3a	9	leisure	פנאי	הפנאי	She spent her <b>leisure</b> time reading books and gardening.	היא בילתה את שעות <b>הפנאי</b> שלה בקריאת ספרים ובגינון.
addec37020a3	9	literacy	אוריינות, ידיעת קרוא וכתוב	האוריינות	Improving <b>literacy</b> rates in developing countries remains a global education priority.	שיפור שיעורי <b>האוריינות</b> במדינות מתפתחות נותר בעדיפות עולמית בתחום החינוך.
ab69067f47c7	9	litter	אשפה, פסולת; ללכלך בפסולת; לזרוע, לפזר	באשפה	The playground was covered in <b>litter</b> after the busy weekend event.	מגרש המשחקים היה מכוסה <b>באשפה</b> אחרי האירוע העמוס בסוף השבוע.
5a62d1fa8630	9	luminous	זוהר, בוהק	הבוהק	The <b>luminous</b> glow of the lantern guided them through darkness.	הזוהר <b>הבוהק</b> של הפנס הנחה אותם בתוך החושך.
ac4fbcc568cc	9	mediocre	בינוני (במובן שלילי)	בינונית	The critic gave the film a <b>mediocre</b> review, calling it forgettable.	המבקר נתן לסרט ביקורת <b>בינונית</b> וכינה אותו נשכח.
bcf163cda3a1	9	mischief	נזק, מעשה קונדס	מעשה הקונדס	The children's <b>mischief</b> involved secretly hiding their teacher's car keys.	<b>מעשה הקונדס</b> של הילדים כלל הסתרה חשאית של מפתחות המכונית של המורה שלהם.
aabe181a99ba	9	mundane	שגרתי, יומיומי, בנאלי	השגרתיות	Despite the <b>mundane</b> office tasks, she found joy in simple routines.	למרות המשימות המשרדיות <b>השגרתיות</b>, היא מצאה שמחה בשגרה הפשוטה.
2763b5505ad6	9	mutual	הדדי	ההדדיות	Their <b>mutual</b> love and respect formed the foundation of a strong marriage.	האהבה וההערכה <b>ההדדיות</b> שלהם היוו את הבסיס לנישואים חזקים.
934afbced9dd	9	nausea	בחילה	לבחילה	The strong chemical smell caused immediate <b>nausea</b> and dizziness.	הריח הכימי החזק גרם <b>לבחילה</b> מיידית ולסחרחורת.
545466016889	9	negligent	רשלני	הרשלני	The <b>negligent</b> driver caused an accident by ignoring traffic signals.	הנהג <b>הרשלני</b> גרם לתאונה כשהתעלם מרמזורים.
2aea9b4702b2	9	notable	ראוי לציון, בולט, יוצא דופן	הראויה לציון	Her <b>notable</b> contribution to science earned her international recognition.	התרומה <b>הראויה לציון</b> שלה למדע הקנתה לה הכרה בינלאומית.
b419a08b1dd1	9	noted	לציין, ידוע, מפורסם	הידועה	The <b>noted</b> author gave a fascinating lecture about her writing.	הסופרת <b>הידועה</b> נתנה הרצאה מרתקת על כתיבתה.
fba416072327	9	nutrient	חומר מזין	חומרים מזינים	Fish contains important <b>nutrients</b> like omega-3 fatty acids for health.	דגים מכילים <b>חומרים מזינים</b> חשובים כמו חומצות שומן אומגה 3 לבריאות.
d06bd1dd897c	9	oblige	לחייב, להכריח	מחייבים	The new rules <b>oblige</b> employees to attend safety training.	הכללים החדשים <b>מחייבים</b> את העובדים להשתתף בהדרכת בטיחות.
1685c8d0d35f	9	ordinarily	בדרך-כלל	בדרך כלל	She <b>ordinarily</b> wakes up early but today slept until noon.	היא <b>בדרך כלל</b> מתעוררת מוקדם, אבל היום ישנה עד הצהריים.
a30f6bddcebb	9	originate	התחיל, התהווה	התחילה	The tradition <b>originated</b> centuries ago and continues to the present.	המסורת <b>התחילה</b> לפני מאות שנים וממשיכה עד היום.
462f753ef808	9	outweigh	עולה על, שוקל יותר מ-	עולים על	The benefits of the new system <b>outweigh</b> the initial costs.	היתרונות של המערכת החדשה <b>עולים על</b> העלויות הראשוניות.
e2b127a60606	9	overdue	באיחור; שעבר זמנו	עבר את מועד ההחזרה	The library sent a notice that my book was <b>overdue</b>.	הספרייה שלחה הודעה שהספר שלי <b>עבר את מועד ההחזרה</b> שלו.
42724566d7a7	9	overlooked	לא הבחין, פספס, החמיץ; התעלם; (גם: צפה על מגבוה)	לא הבחנתי	I <b>overlooked</b> that important detail when I first read it.	<b>לא הבחנתי</b> בפרט החשוב הזה כשקראתי אותו לראשונה.
cce15359dea9	9	overwhelm	להכריע, להציף, לגבור על; להמם	מציפה	The sheer number of tasks seemed to <b>overwhelm</b> her.	נראה היה שכמות המשימות האדירה <b>מציפה</b> אותה.
23883453bcfb	9	persuasive	משכנע	המשכנע	His <b>persuasive</b> argument successfully convinced the committee about the proposal.	הטיעון <b>המשכנע</b> שלו שכנע בהצלחה את הוועדה לגבי ההצעה.
f968e268dab7	9	physician	רופא	הרופא	The <b>physician</b> examined the patient thoroughly before the diagnosis.	<b>הרופא</b> בדק את המטופל ביסודיות לפני האבחנה.
8ef6d0295c9c	9	portray	לתאר, לצייר	מתאר	The documentary <b>portrays</b> the life of an ordinary person.	הסרט התיעודי <b>מתאר</b> את חייו של אדם רגיל.
1c480a29d989	9	pose	להציב, להוות; תנוחה	מהווים	Heavy traffic <b>poses</b> a serious safety risk for pedestrians.	פקקי תנועה כבדים <b>מהווים</b> סיכון בטיחותי חמור להולכי רגל.
73a252a6d7bb	9	potent	חזק, בעל כוח השפעה	החזקה	That <b>potent</b> medicine can only be prescribed by physicians.	התרופה <b>החזקה</b> הזו יכולה להירשם רק על ידי רופאים.
d39d5f214559	9	potter	קדר	הקדר	The <b>potter</b> shaped the wet clay on the spinning wheel.	<b>הקדר</b> עיצב את החימר הרטוב על האובניים המסתובבים.
9dc0cf9de624	9	poverty-stricken	מוכה עוני	מוכת העוני	The <b>poverty</b>-stricken family needed help paying for rent and food.	המשפחה <b>מוכת העוני</b> נזקקה לעזרה בתשלום שכר הדירה והמזון.
e1f84ec85dee	9	preceding	קודם	הקודם	The new chapter explains what happened in the <b>preceding</b> one.	הפרק החדש מסביר מה קרה בפרק <b>הקודם</b>.
b983ca1ac100	9	predictive	חיזויי, מנבא	החיזויים	The <b>predictive</b> models helped the team forecast weather patterns accurately.	המודלים <b>החיזויים</b> עזרו לצוות לחזות דפוסי מזג אוויר בדייקנות.
8c04fffcbea8	9	prescribe	לרשום, לרשום מרשם; להורות	ירשום	The doctor will <b>prescribe</b> antibiotics to treat your ear infection.	הרופא <b>ירשום</b> אנטיביוטיקה לטיפול בדלקת האוזניים שלך.
57d92d2d467d	9	prescription	מרשם	המרשם	I picked up my <b>prescription</b> at the pharmacy this morning.	אספתי את <b>המרשם</b> שלי מבית המרקחת הבוקר.
e58f01a01b6e	9	prevalent	נפוץ, שכיח, רווח	נפוצה	Anxiety is a <b>prevalent</b> mental health issue among teenagers today.	חרדה היא בעיה נפשית <b>נפוצה</b> בקרב מתבגרים כיום.
2d357c15ead2	9	probation	תקופת מבחן	תקופת המבחן	His <b>probation</b> period will end after three months of employment.	<b>תקופת המבחן</b> שלו תסתיים לאחר שלושה חודשי העסקה.
28ae26efa682	9	proclaim	להכריז בפומבי	יכריז בפומבי	The school principal will <b>proclaim</b> Friday as a special day for outdoor games.	מנהל בית הספר <b>יכריז בפומבי</b> על יום שישי כיום מיוחד למשחקי חוץ.
93096c9146e2	9	profound	עמוק, מעמיק; מוחלט, מרחיק לכת	עמוקה	The movie had a <b>profound</b> effect on how she viewed the world.	לסרט הייתה השפעה <b>עמוקה</b> על האופן שבו היא ראתה את העולם.
b74330c6a8a6	9	prone	נוטה	נוטים	Some people are <b>prone</b> to getting cold sores in winter.	חלק מהאנשים <b>נוטים</b> לקבל פצעי קור בחורף.
2a120c00aedf	9	prospective	צפוי, עתידי	עתידיים	<b>Prospective</b> students can tour the campus on Saturday morning.	סטודנטים <b>עתידיים</b> יכולים לסייר בקמפוס בבוקר יום שבת.
03b23ae90354	9	prosperity	צמיחה, שגשוג	השגשוג	The company's <b>prosperity</b> grew after it expanded into Europe.	<b>השגשוג</b> של החברה גדל אחרי שהתרחבה לאירופה.
125ecfa226bc	9	prosperous	משגשג, מצליח	המשגשג	The <b>prosperous</b> merchant owned property throughout the city.	הסוחר <b>המשגשג</b> החזיק נכסים ברחבי העיר.
17d4e4df55a3	9	proximity	קרבה	קרבת	The apartment's <b>proximity</b> to the subway makes it attractive.	<b>קרבת</b> הדירה לרכבת התחתית הופכת אותה לאטרקטיבית.
ac30b4301039	9	rationalize	להצדיק, להסביר	הצדיק	He <b>rationalized</b> eating dessert by saying he deserved a treat.	הוא <b>הצדיק</b> את אכילת הקינוח באמירה שהוא ראוי לפינוק.
83d2432d8ee2	9	reap	לקצור	קוצרים	Farmers <b>reap</b> their crops in autumn before winter arrives.	חקלאים <b>קוצרים</b> את היבולים שלהם בסתיו לפני שהחורף מגיע.
8070fc39b403	9	rear	אחורי; לטפח, לגדל	האחורי	The emergency exit is located in the <b>rear</b> of the building.	יציאת החירום נמצאת בחלק <b>האחורי</b> של הבניין.
baabe0f5e184	9	recession	מיתון	המיתון	During the <b>recession</b>, many people lost their jobs and savings.	במהלך <b>המיתון</b>, אנשים רבים איבדו את מקומות העבודה ואת החסכונות שלהם.
3d596087d1d9	9	recollection	זיכרון	הזיכרון	My <b>recollection</b> of that day is unclear after so many years.	<b>הזיכרון</b> שלי מאותו היום מטושטש אחרי כל כך הרבה שנים.
bab571b96194	9	reign	שלטון; למלוך	שלטונו	During his <b>reign</b>, the king built many castles across the kingdom.	במהלך <b>שלטונו</b>, המלך בנה טירות רבות ברחבי הממלכה.
9a6a6477896b	9	repressive	מדכא	המדכא	The <b>repressive</b> king in the story punished anyone who dared criticize him.	המלך <b>המדכא</b> בסיפור העניש כל מי שהעז לבקר אותו.
ed87f55821dc	9	riddle	חידה; לנקב	החידה	Solving the <b>riddle</b> required thinking carefully about each clue.	פתרון <b>החידה</b> דרש חשיבה זהירה על כל רמז.
80aecfeef2ec	9	rigid	נוקשה, מחמיר	הנוקשים	The <b>rigid</b> rules at school left no room for student creativity.	הכללים <b>הנוקשים</b> בבית הספר לא השאירו מקום ליצירתיות של התלמידים.
3c459babce48	9	robust	איתן, חזק ובריא	איתנה	A <b>robust</b> immune system helps the body fight off infections.	מערכת חיסונית <b>איתנה</b> עוזרת לגוף להילחם בזיהומים.
b302829dd646	9	rodent	מכרסם	מכרסמים	Mice and rats are common <b>rodents</b> that live near human settlements.	עכברים וחולדות הם <b>מכרסמים</b> נפוצים שחיים בקרבת יישובי אדם.
3ca8402efe3b	9	sanctuary	מקדש; מקלט; שמורה	המקדש	The ancient <b>sanctuary</b> contained detailed carvings and treasures that visitors still study today.	<b>המקדש</b> העתיק הכיל תבליטים מפורטים ואוצרות שמבקרים עדיין חוקרים כיום.
b2ed5bed6b51	9	saw	לראות, מסור	במסור	He used a <b>saw</b> to cut the wooden boards into smaller pieces.	הוא השתמש <b>במסור</b> כדי לחתוך את לוחות העץ לחתיכות קטנות יותר.
fd0ff6d3ae85	9	secular	חילוני	חילונית	The country has a <b>secular</b> government that treats every belief system equally.	למדינה יש ממשלה <b>חילונית</b> שמתייחסת לכל מערכת אמונה באופן שווה.
561ec0ca1e08	9	seek, sought	לחפש, חיפש; לבקש	חיפשו	They <b>sought</b> shelter from the rain inside a nearby cave.	הם <b>חיפשו</b> מחסה מהגשם בתוך מערה סמוכה.
a3ea3758d392	9	segregation	הפרדה	בהפרדה	The farmer used <b>segregation</b> to keep sick animals away from the healthy herd.	החקלאי השתמש <b>בהפרדה</b> כדי להרחיק חיות חולות מהעדר הבריא.
ddf18ac863d8	9	seismic	ססמי (קשור לרעידות אדמה)	הססמית	The <b>seismic</b> activity increased, warning of a possible earthquake.	הפעילות <b>הססמית</b> התגברה והזהירה מפני רעידת אדמה אפשרית.
e2e60919e400	9	severity	חומרה	חומרת	The <b>severity</b> of her injury meant she needed surgery immediately.	<b>חומרת</b> הפציעה שלה גרמה לכך שנזקקה לניתוח באופן מיידי.
6780a1a60df3	9	silkworm	תולעת משי	תולעי המשי	<b>Silkworms</b> spin cocoons that are harvested to make silk thread.	<b>תולעי המשי</b> טוות פקעות שנקצרות לייצור חוט משי.
f986489b7cfd	9	skyrocket	להאמיר	האמירו	After the celebrity endorsement, sales <b>skyrocketed</b> beyond expectations.	לאחר ההמלצה של הסלבריטי, המכירות <b>האמירו</b> מעבר לציפיות.
22c04361b5bd	9	smog	ערפיח	הערפיח	The city's <b>smog</b> made it hard to see buildings across the street.	<b>הערפיח</b> בעיר הקשה על הראייה של בניינים בצד השני של הרחוב.
0a46ea0a4fdf	9	spacious	מרווח	המרווחת	The <b>spacious</b> apartment had enough room for all their furniture.	הדירה <b>המרווחת</b> סיפקה מקום מספיק לכל הרהיטים שלהם.
28d6f93e7137	9	span	להימתח, להקיף; מרווח	נמתח	The bridge <b>spans</b> the river and connects the two cities together.	הגשר <b>נמתח</b> מעל הנהר ומחבר בין שתי הערים.
cef93c2df69b	9	standardize	לתקנן	תתקנן	The company will <b>standardize</b> all procedures across every office location.	החברה <b>תתקנן</b> את כל הנהלים בכל סניפי המשרד.
40509066e4d2	9	standstill	עצירה מוחלטת, קיפאון	לעצירה מוחלטת	Traffic came to a <b>standstill</b> when the main road was blocked.	התנועה הגיעה <b>לעצירה מוחלטת</b> כשהכביש הראשי נחסם.
c2681d18109c	9	steamship	אוניית קיטור	אוניית הקיטור	The <b>steamship</b> crossed the ocean in two weeks during the 1800s.	<b>אוניית הקיטור</b> חצתה את האוקיינוס בשבועיים במהלך המאה ה-19.
e9a03f79b5ea	9	strain	מתח נפשי; להתאמץ, למתוח, לנקוע	המתח הנפשי	The emotional <b>strain</b> of the situation affected her ability to sleep.	<b>המתח הנפשי</b> של המצב פגע ביכולתה לישון.
bf5c493e37e5	9	strive	לשאוף	שואפת	She <b>strives</b> to improve her grades in every class at school.	היא <b>שואפת</b> לשפר את הציונים שלה בכל שיעור בבית הספר.
56976c5e9d42	9	stumble	למעוד	מעד	He <b>stumbled</b> on the stairs but caught himself before falling.	הוא <b>מעד</b> על המדרגות אבל תפס את עצמו לפני שנפל.
ad43d9c344e5	9	sturdy	חסון, מוצק	החסון	The <b>sturdy</b> wooden table survived the earthquake without breaking.	שולחן העץ <b>החסון</b> שרד את רעידת האדמה בלי להישבר.
2e91f5f1c267	9	subsequent	עוקב	העוקבים	The first movie was popular, and <b>subsequent</b> films were just as good.	הסרט הראשון היה פופולרי, והסרטים <b>העוקבים</b> היו טובים באותה מידה.
94cef419d57a	9	subtle	דק, עדין, כמעט בלתי מורגש; מרומז	הדק	The <b>subtle</b> difference between the colors was hard to see.	ההבדל <b>הדק</b> בין הצבעים היה קשה להבחנה.
e2c025868191	9	suburban	פרברי	פרברית	They left the city and bought a home in a <b>suburban</b> neighborhood.	הם עזבו את העיר וקנו בית בשכונה <b>פרברית</b>.
4ace4fb103ac	9	successor	יורש	ליורשת	She became the <b>successor</b> to the company's founder after he retired.	היא הפכה <b>ליורשת</b> של מייסד החברה אחרי שפרש.
b4714ceb39eb	9	surpass	להצטיין, לעלות על	עולים על	Her paintings <b>surpass</b> everything we have seen before.	הציורים שלה <b>עולים על</b> כל מה שראינו לפני כן.
bacc797812da	9	swept away	נסחף	סחף	The strong current <b>swept away</b> the small boat.	הזרם החזק <b>סחף</b> את הסירה הקטנה.
f6db64da26ba	9	sympathetic	אוהד; מבין	האוהדת	Her <b>sympathetic</b> colleague offered genuine support during the crisis.	העמיתה <b>האוהדת</b> שלה העניקה לה תמיכה אמיתית במהלך המשבר.
cba58fb164d5	9	tainted	מוכתם, מזוהם	מזוהמת	The water supply was <b>tainted</b> with dangerous bacteria.	אספקת המים הייתה <b>מזוהמת</b> בחיידקים מסוכנים.
5e9af3d6eb28	9	testimony	עדות	העדות	His <b>testimony</b> in court proved the defendant was guilty.	<b>העדות</b> שלו בבית המשפט הוכיחה שהנאשם אשם.
6843d4a7a9af	9	thrive	לשגשג	משגשגים	Tropical plants <b>thrive</b> in warm and humid environments.	צמחים טרופיים <b>משגשגים</b> בסביבות חמות ולחות.
69dfb208ba1f	9	timid	ביישן	הביישן	The <b>timid</b> child refused to speak in front of the class.	הילד <b>הביישן</b> סירב לדבר מול הכיתה.
4cd075b3a09e	9	undergo	לעבור, להתנסות, לחוות	עברה	She <b>underwent</b> major surgery at the hospital last month.	היא <b>עברה</b> ניתוח גדול בבית החולים בחודש שעבר.
8cc22fc7a25e	9	undertake	לקחת על עצמך	לקחו	They <b>undertook</b> a difficult project to rebuild the bridge.	הם <b>לקחו</b> על עצמם פרויקט קשה לשיקום הגשר.
d91086b75f2d	9	unearth	לחשוף, לחפור	חשפו	Archaeologists <b>unearthed</b> ancient pottery at the dig site.	ארכיאולוגים <b>חשפו</b> כלי חרס עתיקים באתר החפירה.
752e31c778e2	9	unfold	להתפתח, נפרש, נפתח, התגלה; לפתוח קיפול; לפרוש	נחשף	The story <b>unfolds</b> as the detective discovers new clues.	הסיפור <b>נחשף</b> ככל שהבלש מגלה רמזים חדשים.
23bd215116e6	9	upbringing	גידול, חינוך	החינוך	His strict <b>upbringing</b> shaped his very disciplined personality.	<b>החינוך</b> המחמיר שלו עיצב את האישיות המשמעתית מאוד שלו.
39400e3f7c2a	9	vagueness	עמימות, ערפול	העמימות	The <b>vagueness</b> in his written instructions confused everyone.	<b>העמימות</b> בהוראות הכתובות שלו בלבלה את כולם.
8713970a895b	9	verse	בית בשיר; שירה	הבית	He recited the first <b>verse</b> of the poem beautifully.	הוא דקלם את <b>הבית</b> הראשון בשיר בצורה יפהפייה.
69a331930d8a	9	vessel	כלי, כלי שיט	כלי השיט	The large <b>vessel</b> sailed slowly across the ocean.	<b>כלי השיט</b> הגדול שט לאט על פני האוקיינוס.
8f818975c9a1	9	viable	בר-קיימא, ישים	בת-קיימא	Despite the tight budget, the plan remains <b>viable</b> and could still work.	למרות התקציב המצומצם, התוכנית עדיין <b>בת-קיימא</b> ויכולה להצליח.
ecd0c0273efe	9	virtue	מידה טובה, מעלה	למעלה	Honesty is considered a great <b>virtue</b> in many cultures.	כנות נחשבת <b>למעלה</b> גדולה בתרבויות רבות.
d8158a0388ef	9	vivid	חד, בהיר, ססגוני, חי, מוחשי	חיים	She has <b>vivid</b> memories of her grandmother's stories from childhood.	יש לה זיכרונות <b>חיים</b> מסיפורי סבתא שלה מהילדות.
55541d07de8f	9	ward	מחלקה	במחלקת	She worked as a nurse in the pediatric <b>ward</b>.	היא עבדה כאחות <b>במחלקת</b> הילדים.
f175aea26b9f	9	wholesale	סיטונאי, סיטונאות; גורף	בסיטונאות	We buy our supplies <b>wholesale</b> to save money.	אנחנו קונים את הציוד שלנו <b>בסיטונאות</b> כדי לחסוך כסף.
1e5f8c862253	9	wilderness	ערבה, שממה	השממה	The hikers ventured into the <b>wilderness</b> for two weeks.	המטיילים העפילו אל <b>השממה</b> לשבועיים.
99c094e80cf6	9	wind	למתוח; רוח; ללפף	מותחת	She <b>winds</b> the rope tightly around the post.	היא <b>מותחת</b> את החבל בחוזקה סביב העמוד.
a81721f4bead	9	wound	מתוח, נמתח; פצע	מתחה	She <b>wound</b> the package tightly with strong rope.	היא <b>מתחה</b> את החבילה בחוזקה בחבל חזק.
2835dd1e9027	10	abhor	לשנוא, לתעב	מתעבת	She <b>abhors</b> dishonesty and always insists on telling the truth.	היא <b>מתעבת</b> חוסר יושר ותמיד מתעקשת לומר את האמת.
7c98c1d9f13e	10	acclaim	שבח, להריע, לשבח	שיבחו	Critics <b>acclaimed</b> the new film as a masterpiece.	המבקרים <b>שיבחו</b> את הסרט החדש כיצירת מופת.
3d0157c6d5c2	10	accomplices	שותף לדבר עבירה	השותפים לעבירה	The two <b>accomplices</b> were arrested by the police.	שני <b>השותפים לעבירה</b> נעצרו על ידי המשטרה.
606de8399fb3	10	adhesive	דבק; דביק	בדבק	We used strong <b>adhesive</b> to repair the broken vase.	השתמשנו <b>בדבק</b> חזק כדי לתקן את האגרטל השבור.
d907dc7caf18	10	adorn	לקשט	קישטו	Colorful flowers <b>adorned</b> the entire wedding venue beautifully.	פרחים צבעוניים <b>קישטו</b> את כל אולם החתונה בצורה יפהפייה.
9662e8695d07	10	advent	הופעה, בוא	בואה	The <b>advent</b> of modern technology changed absolutely everything.	<b>בואה</b> של הטכנולוגיה המודרנית שינה ממש הכול.
ea975e988c3e	10	adverse	שלילי	שליליים	<b>Adverse</b> weather conditions significantly delayed the scheduled flight.	תנאי מזג אוויר <b>שליליים</b> עיכבו משמעותית את הטיסה המתוכננת.
99e7bcb20688	10	affluence	עושר, שפע	בשפע	He lived in <b>affluence</b> after inheriting his family's fortune.	הוא חי <b>בשפע</b> לאחר שירש את הון משפחתו.
9035f9923c8c	10	affluent	שופע, עשיר	העשירה	The <b>affluent</b> neighborhood was filled with large mansions.	השכונה <b>העשירה</b> הייתה מלאה באחוזות גדולות.
3aed4c187400	10	agonize	להתייסר, לסבול ייסורים; להתלבט קשות	התייסר	He <b>agonized</b> in pain for hours after breaking his leg.	הוא <b>התייסר</b> בכאבים במשך שעות אחרי ששבר את הרגל.
99fab94cf556	10	alleviate	להקל, להפיג	תקל	This medicine will <b>alleviate</b> your bad headache quickly.	התרופה הזו <b>תקל</b> על כאב הראש החזק שלך במהירות.
a24947b85d9c	10	allure	קסם, משיכה; לפתות	הקסם	The city's <b>allure</b> lies in its history and culture.	<b>הקסם</b> של העיר טמון בהיסטוריה ובתרבות שלה.
e594225e02d1	10	ancestry	מוצא	מוצאה	Her <b>ancestry</b> traces back many generations to Scotland.	<b>מוצאה</b> מגיע דורות רבים אחורה, עד לסקוטלנד.
a8f8a9e6143f	10	antler	קרן מסועפת של אייל/צבי	הקרניים המסועפות	The young deer's <b>antlers</b> were covered in velvet.	<b>הקרניים המסועפות</b> של הצבי הצעיר היו מכוסות קטיפה.
a93181c81f17	10	appraise	להעריך (שווי), לאמוד	העריך	The jeweler <b>appraised</b> the diamond at ten thousand dollars.	התכשיטן <b>העריך</b> את היהלום בעשרת אלפים דולר.
42f9b9b4dfa5	10	arable	מתאים לעיבוד	המתאימה לעיבוד	The <b>arable</b> land was perfect for growing crops.	האדמה <b>המתאימה לעיבוד</b> הייתה מושלמת לגידול יבולים.
57e0450950f2	10	articulate	להביע; רהוט	הביעה	She <b>articulated</b> her ideas clearly in the presentation.	היא <b>הביעה</b> את רעיונותיה בבהירות במצגת.
d1e441a93176	10	aspiration	שאיפה, חלום	השאיפה	His <b>aspiration</b> is to become a doctor someday.	<b>השאיפה</b> שלו היא להיות רופא יום אחד.
7374834dd9f1	10	aspire	לשאוף, להתאוות	שואפת	She <b>aspires</b> to win an Olympic gold medal.	היא <b>שואפת</b> לזכות במדליית זהב אולימפית.
23c3e93037cd	10	astonishment	תדהמה, השתאות	בתדהמה	The magic trick filled the audience with <b>astonishment</b>.	להטוט הקסמים מילא את הקהל <b>בתדהמה</b>.
4d95c2f4eaf8	10	astound	להדהים	הדהימו	The surprising news <b>astounded</b> everyone in the room.	החדשות המפתיעות <b>הדהימו</b> את כולם בחדר.
dd03b50fbfde	10	atrocity	זוועה	לזוועות	The terrible war crimes were considered <b>atrocities</b>.	פשעי המלחמה הנוראיים נחשבו <b>לזוועות</b>.
063e1eb26dc2	10	avert	להסיט, להפנות, למנוע	הסיט	He quickly <b>averted</b> his eyes from the screen.	הוא <b>הסיט</b> מיד את מבטו מהמסך.
09161160ae97	10	baffled	מבולבל	המבולבל	The <b>baffled</b> student couldn't solve the math problem.	התלמיד <b>המבולבל</b> לא הצליח לפתור את בעיית המתמטיקה.
3882bffcab72	10	bashful	ביישן	הביישן	The <b>bashful</b> actor blushed deeply when being praised.	השחקן <b>הביישן</b> הסמיק עמוקות כשקיבל שבחים.
2e6a0ed80494	10	benefactors	נדבנים, תורמים	לנדבניה	The charity thanked its <b>benefactors</b> for their donations.	העמותה הודתה <b>לנדבניה</b> על תרומותיהם.
2cb54868de49	10	bolster	לתמוך	יתמכו	Good news will surely <b>bolster</b> their confidence today.	חדשות טובות בהחלט <b>יתמכו</b> בביטחון שלהם היום.
e1ce6a16dd50	10	cadaver	גופה	הגופה	The anatomy students carefully studied the human <b>cadaver</b>.	תלמידי האנטומיה חקרו בקפידה את <b>הגופה</b> האנושית.
3f2a19112a12	10	candid	כנה, ישיר	כן	He was brutally <b>candid</b>, telling his boss the plan would clearly fail.	הוא היה <b>כן</b> באכזריות, וסיפר לבוס שלו שהתוכנית תיכשל בבירור.
709f88244b5f	10	canvass	לגייס תמיכה, לבדוק, לסקור	יסקרו	The researchers will <b>canvass</b> the neighborhood for survey responses.	החוקרים <b>יסקרו</b> את השכונה לצורך תשובות לסקר.
f7892d84e937	10	capitalize	לנצל; לכתוב ברישיות	מנצלים	Smart investors <b>capitalize</b> on market opportunities before others notice.	משקיעים חכמים <b>מנצלים</b> הזדמנויות שוק לפני שאחרים שמים לב.
d6f253a6f968	10	caste	מעמד חברתי	המעמדות	India's rigid <b>caste</b> system historically determined social hierarchy.	מערכת <b>המעמדות</b> הנוקשה של הודו קבעה היסטורית את ההיררכיה החברתית.
56d1b58f33ee	10	coincide	להקביל, לחפוף	חפפו	The two events happened to <b>coincide</b> on Saturday.	שני האירועים <b>חפפו</b> במקרה ביום שבת.
d944cb5bc02b	10	commends	לציין לשבח	מציינת לשבח	The teacher <b>commends</b> students who complete their homework carefully.	המורה <b>מציינת לשבח</b> תלמידים שמשלימים את שיעורי הבית שלהם בקפידה.
20535ead24cd	10	comprise	לכלול; להיות מורכב	כוללת	The sports team <b>comprises</b> five experienced players and three rookies.	קבוצת הספורט <b>כוללת</b> חמישה שחקנים מנוסים ושלושה טירונים.
d7ecf7e10cd8	10	concise	תמציתי, תכליתי	התמציתי	Her <b>concise</b> summary captured all the key points clearly.	הסיכום <b>התמציתי</b> שלה תפס את כל הנקודות המרכזיות בבהירות.
496566cc5d1c	10	concur	להסכים	מסכים	I <b>concur</b> completely with your detailed analysis of this.	אני <b>מסכים</b> לחלוטין עם הניתוח המפורט שלך בנושא.
af4ae87043fd	10	concurrence	הסכמה, הסכמה משותפת; התרחשות בו-זמנית	להסכמה	We need the <b>concurrence</b> of all board members before proceeding.	אנחנו זקוקים <b>להסכמה</b> של כל חברי הדירקטוריון לפני שנמשיך.
dc69d4ac353e	10	confer	להתייעץ, לדון; להעניק (תואר, כבוד)	יתייעצו	The lawyers will <b>confer</b> with their clients before trial.	עורכי הדין <b>יתייעצו</b> עם לקוחותיהם לפני המשפט.
3bae96b540fb	10	confinement	מאסר, ריתוק	מאסרו	The prisoner's <b>confinement</b> in that cell lasted five years.	<b>מאסרו</b> של האסיר בתא ההוא נמשך חמש שנים.
739b45d89bab	10	congregate	להתקהל, להתאסף, להתכנס	מתקהלות	Birds <b>congregate</b> on power lines at dusk every evening.	ציפורים <b>מתקהלות</b> על חוטי חשמל בכל דמדומים.
eea8b061a588	10	conspicuous	בולט	בולטת	His bright red car was <b>conspicuous</b> in the parking lot.	המכונית האדומה הבוהקת שלו הייתה <b>בולטת</b> בחניון.
ae36b641bf60	10	convene	לכנס	יכנס	The principal will <b>convene</b> a staff meeting next Monday.	המנהל <b>יכנס</b> ישיבת צוות ביום שני הבא.
617bde45c0bf	10	correspondent	כתב; מתכתב	הכתב	The newspaper's foreign <b>correspondent</b> filed daily stories from the busy conference.	<b>הכתב</b> הזר של העיתון שלח כתבות יומיות מהוועידה העמוסה.
2138836560a1	10	covet	לחמוד, לחשוק ב-	חומדים	Many young athletes <b>covet</b> the top trophy awarded each championship season.	ספורטאים צעירים רבים <b>חומדים</b> את הגביע העליון שמוענק בכל עונת אליפות.
ccada0b9520a	10	croak	קרקור	מקרקרות	You could hear the frogs <b>croak</b> near the pond.	אפשר היה לשמוע את הצפרדעים <b>מקרקרות</b> ליד הבריכה.
0fa616b6cf97	10	culminate	הגיע לשיא	יגיע לשיאו	The festival will <b>culminate</b> in a spectacular fireworks display.	הפסטיבל <b>יגיע לשיאו</b> בתצוגת זיקוקים מרהיבה.
e632100eb79c	10	dandy	גנדרני	הגנדרן	The <b>dandy</b> strutted down the street wearing a bright silk vest.	<b>הגנדרן</b> צעד ברחוב לבוש באפוד משי בוהק.
7a7653c0072b	10	date	תמר; יציאה, פגישה, דייט; תאריך	תמרים	<b>Dates</b> are sweet fruits that grow in the desert.	<b>תמרים</b> הם פירות מתוקים שגדלים במדבר.
96ff0a036bb5	10	deem	לראות כ-, לחשוב ל-	כראוי	The judges <b>deem</b> her performance worthy of first prize.	השופטים רואים את הביצוע שלה <b>כראוי</b> לפרס הראשון.
35dcf033c262	10	defiance	התרסה, מרי, סירוב לציית	ההתרסה	His <b>defiance</b> of the rules got him expelled immediately.	<b>ההתרסה</b> שלו נגד הכללים גרמה לו להיות מורחק מיד.
d428e5534d9e	10	delinquent	עבריין; מזניח חובה, בפיגור (בתשלום)	העבריין	The <b>delinquent</b> was ordered to pay restitution to victims.	<b>העבריין</b> נצטווה לשלם פיצויים לקורבנות.
0e39cf065852	10	delve	לחפור, להעמיק	חופרים	Historians <b>delve</b> into dusty archives, reading every letter to uncover forgotten stories.	היסטוריונים <b>חופרים</b> בארכיונים מאובקים, קוראים כל מכתב כדי לחשוף סיפורים נשכחים.
ee4b1d8d394f	10	demean	להנמיך, להשפיל	אשפיל	I will not <b>demean</b> myself by responding to insults.	אני לא <b>אשפיל</b> את עצמי בכך שאגיב לעלבונות.
faac24c7d40c	10	demise	קץ, סוף; מוות, פטירה	קצה	The company's <b>demise</b> was caused by very poor management.	<b>קצה</b> של החברה נגרם מניהול גרוע מאוד.
0a88dca28553	10	depiction	תיאור, הצגה	התיאור	The artist's <b>depiction</b> of the scene was very accurate.	<b>התיאור</b> של האמן את הסצנה היה מדויק מאוד.
58e73277ac4a	10	deplete	לדלדל, למצות, לרוקן	ידלדל	Overuse will <b>deplete</b> the natural resources of the forest.	שימוש יתר <b>ידלדל</b> את משאבי הטבע של היער.
5119a19fa165	10	depreciate	לרדת בערך, לפחות מערכו; להפחית ערך, להמעיט בערך	יורדות	New cars <b>depreciate</b> quickly after leaving the lot.	מכוניות חדשות <b>יורדות</b> בערכן במהירות אחרי היציאה מהאולם.
7197bbc2f87f	10	derision	לעג	בלעג	The crowd received his bad performance with <b>derision</b> and laughter.	הקהל קיבל את הביצוע הגרוע שלו <b>בלעג</b> ובצחוק.
433187fda586	10	descendant	צאצא	צאצאית	She is a direct <b>descendant</b> of the royal family.	היא <b>צאצאית</b> ישירה של המשפחה המלכותית.
5a0358c46de7	10	designate	לייעד, להועיד; למנות; לציין	ייעד	The museum will <b>designate</b> rare artifacts as officially protected.	המוזיאון <b>ייעד</b> ממצאים נדירים כמוגנים רשמית.
0aad5d81379b	10	desolate	הרוס; שומם, נטוש	השומם	The <b>desolate</b> landscape offered no shelter or comfort.	הנוף <b>השומם</b> לא הציע מחסה או נחמה.
708266335d6a	10	detract	להפחית, לגרוע	גורעים	The minor flaws do not <b>detract</b> from overall quality.	הפגמים הקטנים לא <b>גורעים</b> מהאיכות הכוללת.
4540e2023fc1	10	devastate	להחריב	יחריב	The hurricane will <b>devastate</b> the vulnerable coastal communities severely.	הוריקן <b>יחריב</b> את הקהילות החופיות הפגיעות באורח חמור.
22292289a7f6	10	deviant	סוטה	הסוטים	His <b>deviant</b> habits broke every social norm the small town valued.	הרגליו <b>הסוטים</b> הפרו כל נורמה חברתית שהעיר הקטנה החזיקה בה.
6238906976c6	10	devoid	חסר, נטול	נטולי	His arguments were completely <b>devoid</b> of any logical reasoning.	הטיעונים שלו היו <b>נטולי</b> היגיון לחלוטין.
c2d4bbd2f780	10	die (dice)	קובייה (קוביות)	הקובייה	Roll the <b>die</b> once to see if you advance.	הטל את <b>הקובייה</b> פעם אחת כדי לראות אם תתקדם.
0670baa87bb6	10	discord	סכסוך, מחלוקת, צרימה	הסכסוך	<b>Discord</b> between the partners ended their entire business relationship.	<b>הסכסוך</b> בין השותפים סיים את כל הקשר העסקי שלהם.
7c8fa980780c	10	disdain	זלזול, בוז	בבוז	She looked at him with <b>disdain</b> and walked away.	היא הביטה בו <b>בבוז</b> והסתובבה ללכת.
59fe599a6138	10	dismantle	לפרק; לבטל, לפרק מוסד	יפרקו	Workers will completely <b>dismantle</b> the old equipment next week.	העובדים <b>יפרקו</b> לחלוטין את הציוד הישן בשבוע הבא.
79841bf705fd	10	disparage	לזלזל, להמעיט בערך	תזלזל	Don't <b>disparage</b> his efforts even if you disagree.	אל <b>תזלזל</b> במאמציו גם אם אתה לא מסכים.
ed7be97b9254	10	disparagement	זלזול	הזלזול	Her harsh <b>disparagement</b> of his cooking made him feel embarrassed and hurt.	<b>הזלזול</b> הקשה שלה בבישול שלו גרם לו להרגיש נבוך ופגוע.
d9c0e6367434	10	dissect	לנתח, לבתר	ננתח	We will <b>dissect</b> the novel chapter by chapter.	אנחנו <b>ננתח</b> את הרומן פרק אחר פרק.
dc4b592b2fab	10	dissemination	הפצה, תפוצת מידע	ההפצה	The rapid <b>dissemination</b> of the rumor caused unnecessary panic among neighbors.	<b>ההפצה</b> המהירה של השמועה גרמה לפאניקה מיותרת בקרב השכנים.
743cde282ac1	10	dissent	להתנגד, חילוקי דעות	חלק	Some members will <b>dissent</b> from the majority's final decision.	<b>חלק</b> מהחברים יתנגדו להחלטה הסופית של הרוב.
c932955ef465	10	diurnal	פעיל ביום (הפך ל-nocturnal); יומי, יומיומי	הפעילות	Owls are unusual because, unlike <b>diurnal</b> birds, they hunt only at night.	ינשופים חריגים מכיוון שבניגוד לציפורים <b>הפעילות</b> ביום, הם צדים רק בלילה.
4193bc6a0b1d	10	divinity	אלוהות	באלוהותו	The ancient myth describes the hero's growing doubt about his own <b>divinity</b>.	המיתוס העתיק מתאר את ספקו הגובר של הגיבור <b>באלוהותו</b> שלו.
ed8a1d7ff0de	10	docile	צייתן, כנוע, נח	הצייתן	The <b>docile</b> student followed every instruction without questioning the teacher.	התלמיד <b>הצייתן</b> מילא כל הוראה בלי לערער על המורה.
cb0f91bf66ca	10	draw (drew)	לצייר, לשלוף, שלף; למשוך	שלפה	She <b>drew</b> her sword from the scabbard in one swift motion.	היא <b>שלפה</b> את חרבה מהנדן בתנועה מהירה אחת.
d1b761abd507	10	drench	להרטיב, להספיג	הרטיב	The sudden rain <b>drenched</b> us completely before we could find shelter.	הגשם הפתאומי <b>הרטיב</b> אותנו לגמרי לפני שהספקנו למצוא מחסה.
6d40490fa72b	10	dwindle	הידלדל, התמעט	הידלדלו	Her savings <b>dwindled</b> as she paid medical bills each month.	החסכונות שלה <b>הידלדלו</b> כשהיא שילמה חשבונות רפואיים כל חודש.
83a8d498aea0	10	eloquent	רהוט	הרהוטה	Even without notes, the <b>eloquent</b> lawyer moved the jury to tears with her closing speech.	גם בלי פתקים, עורכת הדין <b>הרהוטה</b> הביאה את חבר המושבעים לדמעות בנאום הסיום שלה.
91cedf66d2c5	10	embark	לצאת לדרך, לפתוח ב-; לעלות על ספינה או מטוס	יצאו לדרך	They <b>embarked</b> on an adventure across the desert with camels and supplies.	הם <b>יצאו לדרך</b> במסע הרפתקאות במדבר עם גמלים וציוד.
72a3e734c0df	10	embellish	לקשט, לייפות; להוסיף פרטים מומצאים	קישטה	She <b>embellished</b> the plain dress with colorful beads and gold thread.	היא <b>קישטה</b> את השמלה הפשוטה בחרוזים צבעוניים וחוט זהב.
0777e8e489e5	10	embitter	גורם התמרמרות	גרמו לו להתמרמר	Years of failure <b>embittered</b> him, and he refused to try again.	שנות כישלון <b>גרמו לו להתמרמר</b>, והוא סירב לנסות שוב.
81a01f121c07	10	eminent	בולט, בכיר	הבולטת	The <b>eminent</b> professor was recognized worldwide for her groundbreaking research.	הפרופסורית <b>הבולטת</b> זכתה להכרה עולמית בזכות המחקר פורץ הדרך שלה.
a38665ca4537	10	enclosing	לצרף, לסגור, להקיף	סוגרת	The fence is <b>enclosing</b> the garden to keep wild animals out.	הגדר <b>סוגרת</b> את הגינה כדי למנוע כניסה של חיות בר.
a38499335265	10	enclosure	סגירה, כיתור, שטח מגודר	השטח המגודר	The animal <b>enclosure</b> at the zoo kept tigers safely away from visitors.	<b>השטח המגודר</b> של בעלי החיים בגן החיות שמר על הנמרים הרחק מהמבקרים.
ba5dae2a059e	10	endeavor	מאמץ, מיזם; לשאוף	המאמץ	Their <b>endeavor</b> to reach the mountain peak lasted three exhausting weeks.	<b>המאמץ</b> שלהם להגיע לפסגת ההר נמשך שלושה שבועות מתישים.
1eba9b110aaf	10	engrave	לחרוט	חרט	He <b>engraved</b> his initials on the silver ring with a special tool.	הוא <b>חרט</b> את ראשי התיבות שלו על הטבעת הכסופה בעזרת כלי מיוחד.
8b0d569d0b43	10	ensue	להתרחש בעקבות, לבוא כתוצאה, להתחולל	פרץ	After the referee's controversial decision, chaos <b>ensued</b> in the stadium.	אחרי ההחלטה השנויה במחלוקת של השופט, <b>פרץ</b> כאוס באצטדיון.
68ecffe90701	10	epitomize	לייצג, לאפיין	מייצגת	Her willingness to skip vacations and help every neighbor <b>epitomizes</b> true generosity.	הנכונות שלה לוותר על חופשות ולעזור לכל שכן <b>מייצגת</b> נדיבות אמיתית.
46cd130a3fca	10	evocative	מעורר, מעלה, מזכיר	המעוררת	The <b>evocative</b> music reminded her of her childhood home instantly.	המוזיקה <b>המעוררת</b> הזכירה לה מיד את בית ילדותה.
c329c32b65b4	10	evoke	לעורר, להעלות	העלתה	The old photograph <b>evoked</b> memories of summers at the beach.	התמונה הישנה <b>העלתה</b> זיכרונות מקיץ בחוף הים.
ec6c0889dfe6	10	exert	להתאמץ; להפעיל	התאמצה	She <b>exerted</b> all her strength to push the heavy door open.	היא <b>התאמצה</b> בכל כוחה כדי לדחוף את הדלת הכבדה ולפתוח אותה.
43086efb82e7	10	expatriate	גולה, מי שחי מחוץ למולדתו; לגרש/להגלות מהמולדת	הגולה	The <b>expatriate</b> American found it hard to adapt to life in Tokyo.	<b>הגולה</b> האמריקאי התקשה להסתגל לחיים בטוקיו.
09fc96233301	10	expend	להוציא, לבזבז, לגמור, לפזר	הוציא	The factory <b>expended</b> most of its budget on new safety equipment last year.	המפעל <b>הוציא</b> את רוב התקציב שלו על ציוד בטיחות חדש בשנה שעברה.
da7c77aa5076	10	fabricate	לבדות; לייצר	בדה	He <b>fabricated</b> a story about illness to avoid the difficult meeting.	הוא <b>בדה</b> סיפור על מחלה כדי להימנע מהפגישה הקשה.
03da0c901441	10	facilitate	לסייע, לעזור, להקל	מסייעת	Good communication <b>facilitates</b> understanding between people from different cultures.	תקשורת טובה <b>מסייעת</b> להבנה בין אנשים מתרבויות שונות.
ae4d94a3569b	10	feign	להעמיד פנים, להתחזות	העמידה פנים	She <b>feigned</b> illness to avoid the conversation with her boss.	היא <b>העמידה פנים</b> שהיא חולה כדי להימנע מהשיחה עם הבוס שלה.
51d9931f104e	10	figurative	ציורי, מטאפורי, מושאל (לא מילולי)	ציורית	When she said "the world is her oyster," she used <b>figurative</b> language.	כשהיא אמרה שהעולם לרגליה, היא השתמשה בשפה <b>ציורית</b>.
f26b68696a5b	10	flagrant	בוטה	הבוטה	His <b>flagrant</b> disrespect for rules made everyone deeply uncomfortable.	חוסר הכבוד <b>הבוטה</b> שלו לכללים גרם לכולם לחוש אי נוחות עמוקה.
25c4f3afac25	10	flattery	חנופה	בחנופה	He used <b>flattery</b> to win her trust, but she knew better.	הוא השתמש <b>בחנופה</b> כדי לזכות באמונה, אבל היא ידעה טוב יותר.
2e6dade02bef	10	flimsy	רעוע, דל, שביר; קלוש, בלתי משכנע (תירוץ/ראיה)	הרעועה	The <b>flimsy</b> paper bag tore when he put heavy groceries inside.	שקית הנייר <b>הרעועה</b> נקרעה כשהוא הכניס אליה קניות כבדות.
5673a217ec11	10	fluctuation	תנודה, חוסר יציבות	חוסר היציבות	Stock market <b>fluctuation</b> makes it risky for nervous investors.	<b>חוסר היציבות</b> בשוק המניות הופך אותו למסוכן למשקיעים חרדים.
a9482949e467	10	foil	לסכל; רדיד	סיכלה	The security alarm <b>foiled</b> the burglar's plan to steal the painting.	אזעקת האבטחה <b>סיכלה</b> את תוכניתו של הפורץ לגנוב את הציור.
6e8c005f0ea4	10	formidable	אדיר, מאיים	האדירה	The <b>formidable</b> fortress stood on the hilltop, impossible to attack easily.	המצודה <b>האדירה</b> עמדה על ראש הגבעה, ולא היה קל לתקוף אותה.
629c93c9e5d0	10	forsake	לזנוח	זנח	He <b>forsook</b> his wealth to live a simple life in the mountains.	הוא <b>זנח</b> את עושרו כדי לחיות חיים פשוטים בהרים.
7ddf70a9f391	10	fraternal	אחוותי, של אחים	האחוותי	The <b>fraternal</b> bond between two friends remained unbreakable despite distance.	הקשר <b>האחוותי</b> בין שני החברים נשאר בלתי ניתן לשבירה למרות המרחק.
e5b648a5a9e5	10	frivolous	קל דעת, לא רציני; חסר חשיבות	קלות דעת	He wasted money on <b>frivolous</b> purchases like unnecessary decorative pillows.	הוא בזבז כסף על רכישות <b>קלות דעת</b> כמו כריות נוי מיותרות.
f603030ceb13	10	frugal	חסכני	החסכנית	The <b>frugal</b> grandmother saved every penny and reused plastic bags.	הסבתא <b>החסכנית</b> שמרה כל פרוטה ועשתה שימוש חוזר בשקיות פלסטיק.
2d8db7309e6e	10	furnish	לרהט; לספק	רהטה	The university <b>furnished</b> each dorm room with a bed and desk.	האוניברסיטה <b>רהטה</b> כל חדר במעונות במיטה ובשולחן כתיבה.
77a1804410be	10	futile	חסר תוחלת, נטול סיכוי	חסרי תוחלת	Their attempts to reach the peak were <b>futile</b> because of the blizzard.	הניסיונות שלהם להגיע לפסגה היו <b>חסרי תוחלת</b> בגלל הסופה.
ac3039ef3e65	10	genial	ידידותי	הידידותית	His <b>genial</b> personality made everyone feel welcome at the party.	האישיות <b>הידידותית</b> שלו גרמה לכולם להרגיש רצויים במסיבה.
49c23bfb8121	10	genus	סוג, מין	לסוג	The lion belongs to the <b>genus</b> Panthera, which includes big cats.	האריה שייך <b>לסוג</b> פנתרה, הכולל חתולים גדולים.
8b789dcc112b	10	gland	בלוטה	בלוטת	The thyroid <b>gland</b> regulates metabolism in the human body system.	<b>בלוטת</b> התריס מווסתת את חילוף החומרים בגוף האדם.
dd110ee64691	10	goblet	גביע	מגביע	She sipped wine from an elegant crystal <b>goblet</b> slowly.	היא לגמה יין <b>מגביע</b> קריסטל אלגנטי באיטיות.
a7d2efea96b3	10	gratify	לספק, להשביע רצון, לענג	סיפקה	The chocolate cake <b>gratified</b> her sweet tooth after a long day.	עוגת השוקולד <b>סיפקה</b> את חשקה למתוק אחרי יום ארוך.
20e717aee631	10	grit	גרגרי חול, חצץ, לכלוך; נחישות, אומץ לב	החצץ	The <b>grit</b> from the desert scratched the car window badly.	<b>החצץ</b> מהמדבר שרט את חלון המכונית קשות.
bfd2d02dfadd	10	hail	לשבח; ברד	שיבחו	Critics <b>hailed</b> the new film as a masterpiece of cinema.	המבקרים <b>שיבחו</b> את הסרט החדש כיצירת מופת קולנועית.
5384e4c0258b	10	heed	לשים לב	שתשים לב	You should <b>heed</b> the weather warning and stay home safely.	כדאי <b>שתשים לב</b> לאזהרת מזג האוויר ותישאר בבית בבטחה.
4f9165787d16	10	herald	לבשר; מבשר	בישר	The morning light <b>heralded</b> the beginning of a new day.	אור הבוקר <b>בישר</b> את תחילתו של יום חדש.
830832dcded7	10	heresy	כפירה	ככפירה	The scientific establishment once treated his radical theory as <b>heresy</b>.	הממסד המדעי התייחס פעם לתאוריה הרדיקלית שלו <b>ככפירה</b>.
4fbaba0ef0f5	10	hinder	לעכב	מעכב	The thick fog <b>hinders</b> visibility for drivers on highways.	הערפל הסמיך <b>מעכב</b> את הראות של הנהגים בכבישים המהירים.
d0a6f22b7de7	10	icicle	נטיף קרח	נטיפי קרח	Long <b>icicles</b> hung from the roof after freezing rain fell.	<b>נטיפי קרח</b> ארוכים נתלו מהגג לאחר שירד גשם קפוא.
8596c3b90c83	10	immersion	טבילה, שיקוע (במים); שקיעה מוחלטת, מעורבות עמוקה (בנושא)	הטבילה	The <b>immersion</b> in cold water shocked his system deeply.	<b>הטבילה</b> במים הקרים זעזעה את הגוף שלו עמוקות.
b80ee1f9440f	10	impart	להעביר, להקנות	מקנים	Teachers <b>impart</b> knowledge to students through lectures and discussions.	מורים <b>מקנים</b> ידע לתלמידים באמצעות הרצאות ודיונים.
9dbfd43584a7	10	implicate	לסבך, לערב	מסבכות	The evidence <b>implicates</b> him directly in the robbery.	הראיות <b>מסבכות</b> אותו ישירות בשוד.
f165d026da93	10	implore	להתחנן, להפציר	הפצירה	She <b>implored</b> him to forgive her serious mistake.	היא <b>הפצירה</b> בו לסלוח לה על הטעות החמורה.
4d5900ba0356	10	incidence	שכיחות, היארעות	התדירות	The <b>incidence</b> of flu increases every winter in cold climates.	<b>התדירות</b> של השפעת עולה בכל חורף באזורים קרים.
2846a0a6489a	10	incline	שיפוע, מדרון; לנטות, להטות	השיפוע	The steep <b>incline</b> up the mountain left us exhausted completely.	<b>השיפוע</b> התלול במעלה ההר השאיר אותנו מותשים לגמרי.
29f8fc543a74	10	inconspicuous	לא בולט, לא מושך תשומת לב	לא בולטים	She wore <b>inconspicuous</b> gray clothing so nobody would notice her.	היא לבשה בגדים אפורים <b>לא בולטים</b> כדי שאף אחד לא ישים לב אליה.
863744ef4964	10	industrious	חרוץ, שקדן	החרוצה	The <b>industrious</b> student studied late every night for her exam.	התלמידה <b>החרוצה</b> למדה עד השעות המאוחרות כל לילה לקראת המבחן.
2c02f33ccb6c	10	infancy	ינקות; שלב ראשוני	בינקותה	The company was still in its <b>infancy</b> when investors began buying stock.	החברה עדיין הייתה <b>בינקותה</b> כשהמשקיעים החלו לקנות מניות.
36e20d694c17	10	infraction	עבירה	עבירת	A parking <b>infraction</b> could cost you a fifty dollar fine.	<b>עבירת</b> חניה עלולה לעלות לך קנס של חמישים דולר.
778453ca2343	10	inhabit	לגור ב-, לשכון ב-, לאכלס	גרות	Desert lizards <b>inhabit</b> rocky areas where they can find shelter.	לטאות מדבר <b>גרות</b> באזורים סלעיים שבהם הן מוצאות מחסה.
61db7a26818c	10	inherent	טבוע, מובנה	טבועה	Stubbornness is an <b>inherent</b> trait in his family line.	עקשנות היא תכונה <b>טבועה</b> בקו המשפחה שלו.
f30a2533c094	10	instill	להחדיר, להשריש	משרישים	Good teachers <b>instill</b> confidence in their students during class.	מורים טובים <b>משרישים</b> ביטחון בתלמידיהם במהלך השיעור.
61d95660f9f4	10	insurmountable	שאין להתגבר עליו	אי אפשר להתגבר עליה	The problem seemed <b>insurmountable</b> until the team worked together.	הבעיה נראתה כאילו <b>אי אפשר להתגבר עליה</b>, עד שהצוות עבד יחד.
3d9aa7969e32	10	insurrection	התקוממות	ההתקוממות	The <b>insurrection</b> forced the government to call in soldiers.	<b>ההתקוממות</b> אילצה את הממשלה לזמן חיילים.
101548c7f09a	10	interjection	מילת קריאה, הערה, הפרעה לשיחה	ההערה	His rude <b>interjection</b> during the meeting annoyed everyone present.	<b>ההערה</b> הגסה שלו באמצע הישיבה הרגיזה את כל הנוכחים.
1af68b1a463d	10	interminable	אינסופי, נצחי; בלתי נגמר	הנצחי	The <b>interminable</b> speech made the audience check their watches.	הנאום <b>הנצחי</b> גרם לקהל לבדוק את השעונים שלהם.
854dee5f41a1	10	invertebrate	חסר-חוליות	חסר חוליות	An octopus is an <b>invertebrate</b> animal with no backbone that can squeeze through tight spaces.	תמנון הוא בעל חיים <b>חסר חוליות</b> ללא עמוד שדרה שיכול להידחק דרך מקומות צרים.
421dc9de3790	10	jagged	משונן	המשוננים	The <b>jagged</b> rocks along the shore could cut your feet.	הסלעים <b>המשוננים</b> לאורך החוף עלולים לפצוע את כפות הרגליים שלך.
ebf9afc24dc6	10	keystone	אבן מפתח	אבן המפתח	Trust is the <b>keystone</b> that holds any friendship together.	אמון הוא <b>אבן המפתח</b> שמחזיקה כל חברות יחד.
7fa7dda80a96	10	lackluster	חסר ברק, עמום, לא מרשים	חסר הברק	The restaurant's <b>lackluster</b> food was so bland and lifeless that nobody finished.	האוכל <b>חסר הברק</b> של המסעדה היה כה תפל וחסר חיים שאף אחד לא סיים אותו.
6c074a8cd3a7	10	lamentable	מצער, מעציב	המצער	Her <b>lamentable</b> performance in the school play disappointed her supportive parents.	הביצוע <b>המצער</b> שלה במחזה בית הספר איכזב את הוריה התומכים.
cb60e0b64826	10	lapse	מעידה, פליטת פה; פרק זמן, פקיעה, סיום	רגע של שכחה	His memory <b>lapse</b> caused him to forget his best friend's name.	<b>רגע של שכחה</b> גרם לו לשכוח את שם חברו הטוב ביותר.
d01e8f67aa71	10	laud	לשבח, להלל	ישבח	The coach will <b>laud</b> the team's hard work during practice.	המאמן <b>ישבח</b> את העבודה הקשה של הקבוצה במהלך האימון.
4cccc00bc7c5	10	limber	גמיש	גמישים	Athletes must keep <b>limber</b> by stretching every single day.	ספורטאים חייבים להישאר <b>גמישים</b> באמצעות מתיחות בכל יום.
b20ad0d1d5d2	10	lineage	ייחוס, שושלת	שושלתו	His <b>lineage</b> traces back to royalty in Scotland.	<b>שושלתו</b> מתחקה עד למלוכה בסקוטלנד.
bd99fd2f20be	10	loathe	לתעב	מתעבים	Many people <b>loathe</b> the sight of snakes in their homes.	אנשים רבים <b>מתעבים</b> את מראה הנחשים בבתיהם.
d9a62912a53e	10	lucrative	ריווחי	הרווחית	That <b>lucrative</b> business deal made her rich within a year.	העסקה <b>הרווחית</b> הזאת עשתה אותה עשירה תוך שנה.
618bfac51665	10	mediate	לגשר, לתווך	יתווך	A lawyer will <b>mediate</b> between the two angry business partners.	עורך דין <b>יתווך</b> בין שני שותפי העסק הכועסים.
ae8726f59843	10	meticulous	קפדני	הקפדני	The <b>meticulous</b> painter spent weeks perfecting every small detail.	הצייר <b>הקפדני</b> בילה שבועות בשכלול כל פרט קטן.
00002f368e78	10	morose	קודר, עגמומי	הקודרת	His <b>morose</b> attitude made him unpopular with coworkers.	הגישה <b>הקודרת</b> שלו הפכה אותו ללא פופולרי בקרב עמיתיו לעבודה.
ba68fff31d2f	10	myriad	רב, הרבה	רבות	There are <b>myriad</b> reasons why people enjoy reading books.	יש סיבות <b>רבות</b> לכך שאנשים נהנים לקרוא ספרים.
f2a5c9d13fa2	10	negligible	זניח	זניחה	The amount of salt in that soup is <b>negligible</b>.	כמות המלח במרק הזה <b>זניחה</b>.
31dd5745706d	10	nocturnal	לילי	ליליות	Owls are <b>nocturnal</b> birds that hunt only during nighttime.	ינשופים הם ציפורים <b>ליליות</b> שצדות רק בשעות הלילה.
1af8d973d5b1	10	nourish	להזין, לספק מזון; לטפח	יזין	Good food will <b>nourish</b> your body and help you grow.	אוכל טוב <b>יזין</b> את גופך ויעזור לך לגדול.
5bf9bd36b8b7	10	numerator	מונה (של שבר)	המונה	The <b>numerator</b> in a fraction is always the number on top.	<b>המונה</b> בשבר הוא תמיד המספר שנמצא למעלה.
e46dd0bec9ea	10	obscure	סתום, לא ידוע; לטשטש	הלא ידועה	That <b>obscure</b> band plays only in small local clubs.	הלהקה <b>הלא ידועה</b> הזאת מנגנת רק במועדונים מקומיים קטנים.
a94bd0829e39	10	officiate	לכהן, לערוך	יערוך	The judge will <b>officiate</b> the wedding ceremony this Saturday.	השופט <b>יערוך</b> את טקס החתונה בשבת הקרובה.
3e8c9e0055f6	10	omission	השמטה, הזנחה	ההשמטה	The <b>omission</b> of your name was clearly a printing error.	<b>ההשמטה</b> של שמך הייתה בבירור טעות דפוס.
5d2c527a9c95	10	oppressive	אכזרי; מדכא, מעיק	האכזרי	Her <b>oppressive</b> boss humiliated employees in front of the entire office.	הבוס <b>האכזרי</b> שלה השפיל עובדים מול כל המשרד.
76aab1d96907	10	outspoken	מדבר גלויות, ישיר	דיברה בגלוי	She was <b>outspoken</b> about her disagreement with the policy.	היא <b>דיברה בגלוי</b> על אי ההסכמה שלה עם המדיניות.
eeabcfb69d46	10	overhaul	שיפוץ, אוברול	לשפץ	The company plans to <b>overhaul</b> its customer service next month.	החברה מתכננת <b>לשפץ</b> מחדש את שירות הלקוחות שלה בחודש הבא.
a69c2cd99389	10	paramount	בעל חשיבות עליונה	בעלת חשיבות עליונה	Food safety is <b>paramount</b> when you prepare meals for others.	בטיחות המזון היא <b>בעלת חשיבות עליונה</b> כשמכינים ארוחות עבור אחרים.
b20f1a40ac4e	10	pastime	תחביב, בילוי, עיסוק לשעות הפנאי	התחביב	Her favorite <b>pastime</b> was reading mystery novels on weekends.	<b>התחביב</b> האהוב עליה היה קריאת ספרי מתח בסופי שבוע.
e20132a1a972	10	pasture	מרעה, אחו	האחו	The farmer led his cattle to the green <b>pasture</b>.	החקלאי הוביל את הבקר שלו אל <b>האחו</b> הירוק.
798423b5ddd7	10	peddler	רוכל, סוחר	הרוכל	The street <b>peddler</b> sold jewelry and trinkets to tourists.	<b>הרוכל</b> ברחוב מכר תכשיטים ופריטי זיכרון לתיירים.
49f32af0c940	10	perch	ענף; נח, ישב על ענף	מקום לנוח עליו	The bird found a <b>perch</b> on the telephone wire.	הציפור מצאה <b>מקום לנוח עליו</b> על חוט הטלפון.
a468d2a39905	10	pervasive	מתפשט, מחלחל	המתפשטת	That <b>pervasive</b> attitude of laziness affects the entire company.	הגישה <b>המתפשטת</b> הזאת של עצלות משפיעה על החברה כולה.
fae3ad471635	10	playwright	מחזאי	המחזאית	The <b>playwright</b> wrote three successful comedies during her career.	<b>המחזאית</b> כתבה שלוש קומדיות מצליחות במהלך הקריירה שלה.
dbc3e9e46f6b	10	plight	מצוקה, צרה; סכנה	במצוקה	The flood victims were in a desperate <b>plight</b> without food or shelter.	נפגעי השיטפון היו <b>במצוקה</b> קשה בלי מזון ומחסה.
58e9dd08974d	10	plummet	לצנוח, לצלול, לרדת בחדות	צנחו	Stock prices <b>plummeted</b> after the company announced bad news.	מחירי המניות <b>צנחו</b> אחרי שהחברה הודיעה על חדשות רעות.
1f98d8df8ae3	10	poacher	מסיג גבול, צייד לא מורשה	הצייד	The <b>poacher</b> was arrested for hunting elephants illegally.	<b>הצייד</b> הבלתי מורשה נעצר על ציד פילים באופן לא חוקי.
c02499a1dcfa	10	populous	רב אוכלוסין, מאוכלס בצפיפות	מאוכלסת בצפיפות	Tokyo is a <b>populous</b> city with over thirteen million people.	טוקיו היא עיר <b>מאוכלסת בצפיפות</b> עם יותר משלושה עשר מיליון תושבים.
053a8f53e24b	10	pothole	מהמורה, בור	הבור	The <b>pothole</b> damaged her car's wheel during the rainstorm.	<b>הבור</b> בכביש פגע בגלגל של המכונית שלה בזמן סופת הגשם.
312b58e0e664	10	predecessors	קודמים	קודמיה	The new CEO improved on the mistakes made by her <b>predecessors</b>.	המנכ"לית החדשה תיקנה את הטעויות של <b>קודמיה</b>.
0bf8666ba7ee	10	predestined	נקבע מראש	שנקבע מראש	Some people believe we are <b>predestined</b> to meet certain people in life.	יש אנשים שמאמינים <b>שנקבע מראש</b> שניפגש עם אנשים מסוימים בחיים.
2d20691d3473	10	preside	לנהל	ינהל	The mayor will <b>preside</b> over the city council meeting tomorrow afternoon.	ראש העיר <b>ינהל</b> את ישיבת מועצת העיר מחר אחר הצהריים.
6a4b09ee431a	10	pretext	אמתלה, תואנה	כאמתלה	He used a work meeting as a <b>pretext</b> to avoid the dinner.	הוא השתמש בישיבת עבודה <b>כאמתלה</b> כדי להתחמק מהארוחה.
e7a76d3376e8	10	prevalence	שכיחות	השכיחות	The <b>prevalence</b> of smartphones has changed how people communicate.	<b>השכיחות</b> של הסמארטפונים שינתה את האופן שבו אנשים מתקשרים.
be56b2cddcf1	10	proliferate	להתרבות, התפשט במהירות	מתפשטים במהירות	Fake stories <b>proliferate</b> quickly on social media without fact-checking.	סיפורים מזויפים <b>מתפשטים במהירות</b> ברשתות החברתיות בלי בדיקת עובדות.
f720fa42e475	10	prolific	פורה, שופע	הפורה	The <b>prolific</b> author published five novels in the last three years.	הסופר <b>הפורה</b> פרסם חמישה רומנים בשלוש השנים האחרונות.
deb68a0aa378	10	prompt	לגרום, לעורר; מיידי	גרמו	The sad news <b>prompted</b> him to call his mother immediately.	החדשות העצובות <b>גרמו</b> לו להתקשר לאמו מיד.
8957dd2af5fe	10	prompted	לעורר, הביא לידי; לגרום	הביאה לידי	The accident <b>prompted</b> new safety regulations at the factory.	התאונה <b>הביאה לידי</b> תקנות בטיחות חדשות במפעל.
8ee862498209	10	prop	תמיכה, אביזר; לתמוך	להחזיק	She used a broom to <b>prop</b> the door open all afternoon.	היא השתמשה במטאטא כדי <b>להחזיק</b> את הדלת פתוחה כל אחר הצהריים.
2f2cd9b0c1bd	10	proponent	תומך	תומכת	She is a <b>proponent</b> of renewable energy and solar power.	היא <b>תומכת</b> באנרגיה מתחדשת ובאנרגיית שמש.
0f1cb2d7e3dd	10	prowess	מיומנות, יכולת	המיומנות	His <b>prowess</b> in chess made him the champion of the tournament.	<b>המיומנות</b> שלו בשחמט הפכה אותו לאלוף הטורניר.
90d225e6a401	10	quarrelsome	וכחני	הוכחני	His <b>quarrelsome</b> nature made it hard for him to keep friends.	האופי <b>הוכחני</b> שלו הקשה עליו לשמור על חברים.
7069d3c125ef	10	reassurance	הבטחה, הרגעה	ההרגעה	The doctor's <b>reassurance</b> helped calm the patient's fears.	<b>ההרגעה</b> של הרופא עזרה להרגיע את הפחדים של המטופל.
255475a1b290	10	rebuttal	הפרכה, סתירה	ההפרכה	His <b>rebuttal</b> to the criticism was well-reasoned and convincing.	<b>ההפרכה</b> שלו לביקורת הייתה מנומקת היטב ומשכנעת.
a85d2521296b	10	reciprocal	הדדי; (במתמטיקה) מספר הופכי	ההדדית	Their <b>reciprocal</b> friendship showed in how each one cared for the other.	החברות <b>ההדדית</b> שלהם ניכרה באופן שבו כל אחד מהם דאג לשני.
2d1446eaa1eb	10	refute	להפריך	הפריך	The scientist <b>refuted</b> the false claims with solid evidence.	המדען <b>הפריך</b> את הטענות השקריות בעזרת ראיות מוצקות.
4fff2cbc4ef2	10	render	להפוך ל-, לגרום; להגיש	הפכה	The disease <b>rendered</b> him unable to work for months.	המחלה <b>הפכה</b> אותו לבלתי מסוגל לעבוד במשך חודשים.
00e93846473b	10	renown	תהילה, פרסום, מוניטין	התהילה	Her <b>renown</b> as a pianist spread throughout the world.	<b>התהילה</b> שלה כפסנתרנית התפשטה ברחבי העולם.
4ea9cbd9aa27	10	resent	לחוש טינה, להתרעם על	חשה טינה	She <b>resented</b> the fact that he never helped with chores.	היא <b>חשה טינה</b> על כך שהוא מעולם לא עזר במטלות הבית.
248fa2141e88	10	respective	בהתאמה, של כל אחד	כל אחת	The teams won their <b>respective</b> games last weekend.	הקבוצות ניצחו <b>כל אחת</b> במשחק שלה בסוף השבוע האחרון.
14fdd7dd7dca	10	rotary	סיבובי; כיכר תנועה	הסיבובית	The <b>rotary</b> dial on the old phone was slow to use.	החוגה <b>הסיבובית</b> בטלפון הישן הייתה איטית לשימוש.
2c909b1cca0e	10	rudimentary	יסודי, בסיסי	הבסיסי	His <b>rudimentary</b> knowledge of French was enough for tourists.	הידע <b>הבסיסי</b> שלו בצרפתית הספיק לתיירים.
f55cfb4544cd	10	sarcophagus	ארון קבורה קדום	ארון הקבורה	The king's <b>sarcophagus</b> was discovered inside the tomb.	<b>ארון הקבורה</b> הקדום של המלך התגלה בתוך הקבר.
76be7743dba6	10	scales	מאזניים, קשקשים (של דג)	הקשקשים	The fish's <b>scales</b> reflected light as it swam through the water.	<b>הקשקשים</b> של הדג שיקפו אור בזמן שהוא שחה במים.
56019b24d1e1	10	scorn	בוז, זלזול; לבוז, לזלזל	בבוז	He looked at the beggar with <b>scorn</b> and walked away.	הוא הביט בקבצן <b>בבוז</b> והלך משם.
7d82357d8ae4	10	scrutinize	בדק, בחן	תבחן	She will <b>scrutinize</b> every detail of the contract before signing.	היא <b>תבחן</b> כל פרט בחוזה לפני שתחתום.
29042a946780	10	sensations	תחושה, חדשות מרעישות; סנסציה	לחדשות מרעישות	Reporters twisted ordinary events into wild <b>sensations</b> to attract more readers.	כתבים עיוותו אירועים רגילים <b>לחדשות מרעישות</b> כדי למשוך יותר קוראים.
0f220fb46a79	10	shingles	שלבקת חוגרת, רעף	רעפי	The roof <b>shingles</b> were damaged in the storm.	<b>רעפי</b> הגג ניזוקו בסערה.
a54785d6a2fd	10	shroud	תכריך, עטיפה; לאפוף	עטיפת	A thick <b>shroud</b> of fog covered the city early in the morning.	<b>עטיפת</b> ערפל סמיכה כיסתה את העיר בשעות הבוקר המוקדמות.
0784d17ee527	10	slate	צפחה, לקבוע (מועד), להכניס לרשימה; רעף, לוח; להכניס מישהו לרשימה	נקבעה	The meeting is <b>slated</b> for next Tuesday at two o'clock.	הישיבה <b>נקבעה</b> ליום שלישי הבא בשעה שתיים.
fb602937ddb0	10	snicker	גיחוך	מגחכים	The students would <b>snicker</b> whenever the teacher made a mistake.	התלמידים היו <b>מגחכים</b> בכל פעם שהמורה טעה.
1204f229af5b	10	soar	לנסוק, לדאות; להמריא	דאה	The eagle <b>soared</b> above the mountains searching for food.	הנשר <b>דאה</b> מעל ההרים בחיפוש אחר מזון.
fa6142674080	10	solicit	לבקש, לשדל / להדיח; לבקש/לחפש בתחינה	תבקש	The charity will <b>solicit</b> donations from wealthy families.	העמותה <b>תבקש</b> תרומות ממשפחות עשירות.
fd2296288f42	10	solitude	בדידות; התבודדות	בבדידות	She enjoyed spending time in <b>solitude</b> reading books.	היא נהנתה לבלות זמן <b>בבדידות</b> תוך קריאת ספרים.
07e4a9f9fa90	10	spewing	פולט/מתיז בעוצמה, מקיא	פלט	The volcano was <b>spewing</b> lava across the surrounding villages.	הר הגעש <b>פלט</b> לבה בעוצמה על הכפרים הסמוכים.
194d04126a8b	10	sprawling	משתרע על שטח נרחב; מתפשט ללא סדר	המשתרעת על שטח נרחב	The <b>sprawling</b> city covered hundreds of square miles.	העיר <b>המשתרעת על שטח נרחב</b> כיסתה מאות מיילים רבועים.
8f8898b6b19c	10	stature	קומה, גובה; מעמד, שיעור קומה	קומתו	His small <b>stature</b> made him look younger than he really was.	<b>קומתו</b> הנמוכה גרמה לו להיראות צעיר יותר משהיה באמת.
89e58763daf3	10	streamlined	יעיל וחסכוני; אווירודינמי, מעוצב לזרימה	היעיל והחסכוני	The new <b>streamlined</b> process saved the company time and money.	התהליך <b>היעיל והחסכוני</b> החדש חסך לחברה זמן וכסף.
d09f007db160	10	stricken	מוכה	מוכת	She was <b>stricken</b> with grief when she heard the news.	היא הייתה <b>מוכת</b> צער כששמעה את החדשות.
4ea137cd1cad	10	superfluous	מיותר, עודף	מיותרים	The report included so much <b>superfluous</b> detail that no one finished reading it.	הדוח כלל כל כך הרבה פרטים <b>מיותרים</b> שאף אחד לא סיים לקרוא אותו.
b99272ae71d5	10	susceptibility	רגישות, פגיעות	הרגישות	His <b>susceptibility</b> to colds made winter very difficult.	<b>הרגישות</b> שלו להצטננויות הפכה את החורף לקשה מאוד.
a1ccdefacb50	10	susceptible	רגיש ל-, חשוף ל-, נוטה ל-	רגישים	People over sixty are more <b>susceptible</b> to serious illness.	אנשים מעל גיל שישים <b>רגישים</b> יותר למחלות קשות.
577d186fb452	10	swindler	רמאי	הרמאי	The <b>swindler</b> stole money from elderly people for years.	<b>הרמאי</b> גנב כסף מקשישים במשך שנים.
3b01bb6859c9	10	taint	לזהם; להכתים, להכפיש	תכתים	The scandal will <b>taint</b> his reputation and public image forever.	השערורייה <b>תכתים</b> את המוניטין והדימוי הציבורי שלו לתמיד.
82c993088dfd	10	tangible	מוחשי	המוחשיות	The <b>tangible</b> results of her hard work were the trophies on her shelf.	התוצאות <b>המוחשיות</b> של עבודתה הקשה היו הגביעים על המדף שלה.
cb67a0acf6e5	10	tentative	זמני, לא סופי, מהוסס	זמנית	They made a <b>tentative</b> plan but would change it if needed.	הם גיבשו תוכנית <b>זמנית</b> אבל היו מוכנים לשנות אותה במידת הצורך.
538cc3e3946e	10	thimble	אצבעון (לתפירה)	באצבעון	She used a metal <b>thimble</b> to protect her finger while sewing.	היא השתמשה <b>באצבעון</b> מתכת כדי להגן על האצבע שלה בזמן התפירה.
f2bb8ad3dbf1	10	thwart	לסכל, להכשיל	סוכלו	His plans to escape were <b>thwarted</b> by guards at the prison gate.	תוכניות הבריחה שלו <b>סוכלו</b> בידי השומרים בשער הכלא.
77d87eeaa329	10	tinker	להתעסק, לחטט, לנסות לשפר בשינויים קטנים	בהתעסקות	She spent hours <b>tinkering</b> with the old engine until it finally worked.	היא בילתה שעות <b>בהתעסקות</b> עם המנוע הישן עד שהוא סוף סוף עבד.
31cfe4af975e	10	tormented	לייסר, לענות	ייסר	The unbearable heat <b>tormented</b> the hikers throughout their long desert crossing.	החום הבלתי נסבל <b>ייסר</b> את המטיילים לאורך כל חציית המדבר הארוכה שלהם.
2e2a514d96b5	10	transcend	להתעלות; לחרוג	מתעלים	Her achievements <b>transcend</b> what anyone thought possible for her age.	ההישגים שלה <b>מתעלים</b> על מה שכולם חשבו שאפשרי בגילה.
79a1ebd63937	10	transpire	להתרחש; להתברר	התרחש	Everything <b>transpired</b> exactly as we had planned it weeks ago.	הכול <b>התרחש</b> בדיוק כפי שתכננו שבועות קודם לכן.
257f536bf87e	10	uncharted	לא ממופה, לא נחקר, לא נודע	לא ממופים	They sailed into <b>uncharted</b> waters where no European ship had gone.	הם הפליגו למים <b>לא ממופים</b> שאף ספינה אירופית לא הגיעה אליהם.
576ccf832a69	10	unpardonable	בלתי נסלח	בלתי נסלחת	Betraying his best friend's trust was <b>unpardonable</b> and destroyed their friendship completely.	הבגידה באמון של חברו הטוב ביותר הייתה <b>בלתי נסלחת</b> והרסה את חברותם לחלוטין.
b8a9a352c7a3	10	uphold	לקיים, להחזיק, לתמוך, לדגול	תמך	The court <b>upheld</b> the original decision because the evidence was clear.	בית המשפט <b>תמך</b> בהחלטה המקורית כי הראיות היו ברורות.
86cb1b12e784	10	utter	לבטא, להגות; (ת') מוחלט, גמור	ביטאה	She did not <b>utter</b> a single word during the entire meeting.	היא לא <b>ביטאה</b> מילה אחת במהלך כל הישיבה.
46bc2f6a9b1b	10	vertebrate	בעל חוליות	בעלי חוליות	Humans are <b>vertebrates</b> with a complex system of bones and joints.	בני אדם הם <b>בעלי חוליות</b> עם מערכת מורכבת של עצמות ומפרקים.
871316c450a8	10	vibrant	תוסס, עז	התוססים	The <b>vibrant</b> colors of the sunset filled the sky with purple and orange.	הצבעים <b>התוססים</b> של השקיעה מילאו את השמיים בסגול וכתום.
c9ee5524c782	10	vie	להתחרות	מתחרים	Athletes <b>vie</b> for gold medals and the chance to represent their country.	ספורטאים <b>מתחרים</b> על מדליות זהב ועל ההזדמנות לייצג את מדינתם.
d82877a0575d	10	vocation	ייעוד, מקצוע	המקצוע	Teaching has always been her <b>vocation</b> and she loves working with children.	הוראה תמיד הייתה <b>המקצוע</b> שלה והיא אוהבת לעבוד עם ילדים.
938044242f4b	10	vociferous	קולני, צעקני, המביע דעה בקול רם ובתוקף	הקולני	The <b>vociferous</b> crowd outside the building made their anger very clear.	הקהל <b>הקולני</b> מחוץ לבניין הביע את כעסו בבירור רב.
61d8e322cec5	10	wrought	מעוצב, מחושל	חושל	The beautiful gate was <b>wrought</b> by a master craftsman decades ago.	השער היפה <b>חושל</b> בידי אומן מיומן לפני עשרות שנים.
5199b9c64c35	10	zealot	קנאי, פנט	הקנאי	The fitness <b>zealot</b> ran ten miles every single day without ever missing one.	<b>הקנאי</b> לכושר רץ עשרה מיילים בכל יום בלי לפספס אף פעם.
