1st - first	היא סיימה **ראשונה** במרוץ, לפני כולם.
2nd - second	היא התאמנה כל השנה והגיעה למקום **השני** במרוץ הגמר.
3rd - third	בפעם **השלישית** שהוא התקשר, היא ענתה לטלפון.
able	אחרי האימונים, הוא היה **מסוגל** להרים משקולות כבדות.
about	הפגישה תתחיל בעוד **בערך** שעה, אז תתכונן עכשיו.
absolutely	היא הייתה בטוחה **לחלוטין** בהחלטה שלה לעבור דירה.
after	**אחרי** שהסרט נגמר, הם יצאו לארוחת ערב.
again	הוא ניסה **שוב**, והפעם הוא סוף סוף הצליח לגמרי.
against	הקיר הישן עמד איתן **כנגד** הרוח החזקה.
agree	שני החברים סוף סוף **הסכימו** על הפתרון הטוב ביותר.
almost	הוא **כמעט** נפל מהסולם אבל הצליח להתאזן.
alone	היא ישבה **לבד** בספרייה הריקה וקראה בשקט.
also	היא משחקת כדורגל **וגם** משחקת כדורסל בסופי שבוע.
always	היא **תמיד** מגיעה בזמן לכל פגישה.
angry	הוא **כעס** כשביטלו את כל הטיול.
animal	**החיה** הקטנה רצה מהר על פני השדה הפתוח.
another	היא רוצה הזדמנות **נוספת** לתקן את הטעות שלה לפני המועד האחרון.
answer	הוא סוף סוף ידע את **התשובה** הנכונה לשאלה.
area	**באזור** מרכז העיר יש הרבה מסעדות וחנויות טובות בקרבת מקום.
army	**הצבא** נלחם קשה כדי להגן על כל המדינה.
around	הרבה אנשים התאספו **מסביב** למדורה החמה בחוץ הערב.
art	היא למדה **אמנות** מודרנית במכללה במשך ארבע שנים.
ask	הוא **ישאל** אותך אם תוכל לעזור לו בפרויקט.
at first	**בהתחלה** הוא חשב שזה קשה, אבל הוא השתפר מהר.
at least	כדאי שתחזור על החומר **לפחות** שעתיים בכל ערב.
attack	הכלב עלול **לתקוף** אם הוא מרגיש מאוים מאוד.
because	נשארתי בבית **כי** הייתי חולה מאוד אתמול.
because of	המשחק בוטל **בגלל** גשם כבד אתמול.
before	היא עזבה את המסיבה מוקדם, **לפני** שכל האורחים הגיעו.
beginning	**תחילת** החורף מביאה כאן מזג אוויר קר מאוד.
behind	הבית הישן עמד **מאחורי** עצים גבוהים מאוד.
best	זו מסעדת הפיצה **הכי טובה** בעיר.
better	הספר הזה הרבה יותר **טוב** מהקודם.
between	הבחירה היא **בין** תה חם לקפה קר.
blood	**דם** זורם ללא הפסקה בוורידים שלך כל היום.
boat	הוא חתר **בסירה** הקטנה על פני האגם אתמול.
body	החוקרים בדקו בקפידה את **הגווייה** כדי לגלות את סיבת המוות.
bought	היא **קנתה** מכונית חדשה אתמול אצל הסוחר.
brain	**המוח** שלך שולט בכל מה שאתה עושה וחושב מדי יום.
break	אל **תשבור** את הכוס, אחרת אני אכעס.
building	**הבניין** גבוה מאוד ועשוי מפלדה.
burn	הנר **יישרף** לאט כל הלילה הערב.
but	אני אוהב קפה **אבל** אני לא אוהב תה.
by	היא עמדה **ליד** החלון וצפתה בגשם יורד.
call	אני **אתקשר** אליך מחר בבוקר כדי לדבר על התוכנית החדשה.
camera	היא השתמשה **במצלמה** החדשה שלה כדי לצלם תמונות במסיבה.
cash	הוא **יפדה** את הצ'ק בבנק מחר.
center	**מרכז** העיר עמוס מאוד כל היום.
chance	יש לך **סיכוי** אחרון להתקדם.
check	היא **תבדוק** את כל המסמך לפני שהיא תגיש אותו.
child	**הילד** הקטן משחק בחוץ בשמחה רבה היום.
children	**הילדים** משחקים בקול רם בפארק בחוץ.
church	**לכנסייה** הישנה יש חלונות ויטראז' יפים והיסטוריה עשירה.
clean	המטבח נראה **נקי** מאוד אחרי שהיא שפשפה אותו ביסודיות.
close	החנות **קרובה** מאוד לבית שלי כאן.
club	הוא הצטרף **למועדון** השחמט של בית הספר בתחילת השנה הזו.
code	**קוד** הסיסמה חייב להיות ארוך ומורכב מאוד.
cold	היה כל כך **קר** ומושלג שבית הספר נסגר לאותו יום.
color	היא **תצבע** את התמונה בעפרונות ירוקים וצהובים בהירים.
company	**החברה** גדלה במהירות והפכה לגדולה ומצליחה מאוד.
contact	הוא ייצור איתך **קשר** מחר בבוקר כדי לאשר את שעת הפגישה.
continue	היא **תמשיך** לקרוא את הספר אחרי ארוחת הערב הלילה.
control	הטייס בדק בקפידה את **לוח הבקרה** של הטיסה לפני ההמראה היום.
cool	היא **תצנן** את המרק לפני שהיא תיתן אותו לתינוק.
crime	המשטרה חקרה את **הפשע** ומצאה את הכסף החסר.
dance	היא **תרקוד** כל הלילה במסיבה.
dangerous	כביש ההרים הזה **מסוכן** מאוד לנהיגה בלילה.
daughter	**הבת** שלו חכמה וטובת לב, והיא אוהבת לקרוא.
Dead Sea	**ים המלח** כל כך מלוח שהשוחים צפים בלי אפילו להשתדל.
deal	הם סוף סוף סגרו **עסקה** טובה והוגנת מאוד.
death	אחרי **מותו** של סבא שלו, המשפחה התכנסה כדי להנציח אותו.
deep	המים באגם **עמוקים** מאוד כאן.
die	הצמח **ימות** אם תשכח להשקות אותו.
diet	היא לאחרונה התחילה **דיאטה** חדשה ומחמירה כדי לרדת במשקל בצורה בריאה.
difference	יש **הבדל** גדול בין שני הדברים האלה.
different	תמיד יש לה דעה **שונה** מזו של אחיה הגדול.
different from	הדעה שלה הייתה **שונה** לגמרי ממה שכולם האמינו בו.
difficult	ללמוד שפה חדשה זה **קשה** כי צריך לתרגל כללי דקדוק ואוצר מילים חדש מדי יום.
dirty	אחרי שהוא שיחק בבוץ, הבגדים שלו היו **מלוכלכים** מאוד.
done	פרויקט הבנייה יהיה **גמור** עד החודש הבא.
down	הוא צעד לאט **במורד** המסדרון הארוך לכיוון המשרד.
dream	היא **חולמת** לטייל בעולם יום אחד.
drink	אני תמיד **שותה** כוס גדולה של מים מיד כשאני מתעורר, בכל בוקר.
early	הגענו **מוקדם** כדי לקבל את המקומות הכי טובים באולם התיאטרון.
earth	צמחים גדלים **באדמה** וזקוקים לאור שמש כדי לשרוד.
East	השמש זורחת **במזרח** בכל בוקר.
energy	פעילות גופנית נותנת לי **אנרגיה** לשארית היום.
enjoy	אנחנו **נהנים** לבלות זמן עם המשפחה שלנו בסופי שבוע.
enough	יש **מספיק** אוכל לכולם במסיבה.
even if	אני אלך לים **גם אם** ירד גשם מחר.
evening	היא אוהבת לצאת להליכה **בערב** אחרי ארוחת הערב.
every day	הוא שותה מים **כל יום** כדי להישאר בריא.
exactly	המעיל הזה זה **בדיוק** מה שחיפשתי.
excuse	הוא המציא **תירוץ** לכך שהוא איחר לשיעור.
experience	עבודה בחוץ לארץ נתנה לה **ניסיון** יקר ערך בעסקים.
explain	המורה **יסביר** לכיתה את בעיית החשבון.
face	היא שטפה את **הפנים** שלה במים חמים לפני שהלכה לישון.
fact	זו **עובדה** שכדור הארץ מקיף את השמש.
fall	הוא עלול **ליפול** אם הוא לא יזהר לאן הוא דורך.
family	**המשפחה** שלי אוהבת לאכול ארוחת ערב ביחד בכל ערב.
famous	השחקן הזה נהיה **מפורסם** אחרי שכיכב בסרט.
father	**אבא** שלה לימד אותה לרכוב על אופניים.
fear	אנשים מסוימים **פוחדים** מעכבישים למרות שהם לא מסוכנים.
feel	אני **מרגיש** שמח כשאני מבלה עם החבר הכי טוב שלי.
feeling	**הרגשת** האושר הייתה מציפה אחרי שהיא ניצחה.
few	רק **מעט** אנשים הגיעו לפגישה אתמול.
fight, fought	היא **נאבקה** קשה כדי להישאר ערה במהלך ההרצאה הארוכה אחר הצהריים.
finally	אחרי שעות של המתנה, הרכבת **סוף סוף** הגיעה לתחנה.
find	לא הצלחתי **למצוא** את המפתחות שלי בשום מקום בבית.
fire	**האש** בערה בעוצמה באח כל הלילה.
first of all	**ראשית**, אנחנו צריכים להחליט איפה להיפגש היום.
fix	המכונאי **יתקן** את מנוע המכונית השבור.
fly	**זבוב** נחת על הכריך שלי בזמן שאכלתי ארוחת צהריים.
follow	בבקשה **עקבו** אחריי לחדר הישיבות בקומה השלישית.
force	המורה נאלץ **לכפות** על התלמידים לסיים את שיעורי הבית מוקדם.
forever	חברים אמיתיים נשארים ביחד **לנצח** לא משנה מה קורה.
forget	היא ניסתה **לשכוח** את הזיכרון העצוב מלפני שנים רבות.
forward	הצוות התקדם **קדימה** עם תוכנית העסקים החדשה שלו.
friend	אני **והחבר** הכי טוב שלי מכירים זה את זה מהילדות.
fruit	תפוחים ותפוזים הם סוגים של **פרי** בריא.
full	בקבוק המים היה **מלא** לפני שהוא התחיל להתאמן.
future	**בעתיד**, מכוניות כנראה יסעו לבד.
General	**הגנרל** נפגש עם הקצינים שלו כדי לתכנן את תרגיל האימונים.
gift	היא קיבלה **מתנה** יפה ביום ההולדת שלה.
glass	הוא מזג מיץ **לכוס** נקייה לארוחת הבוקר.
government	**הממשל** מעביר חוקים שהאזרחים חייבים לציית להם.
great	הסרט הזה היה כל כך **מעולה** שצפיתי בו שלוש פעמים בשבוע אחד.
ground	הילדים שיחקו משחקים על **האדמה** בפארק.
group	**קבוצה** קטנה של חברים הלכה להופעה ביחד.
grow up	כשהוא **יגדל**, הוא רוצה להיות מורה.
guess	אתה יכול **לנחש** מה יש בתוך הקופסה העטופה הזו?
half	היא אכלה **חצי** מהפיצה ונתנה את השאר.
hand	הוא החזיק את **היד** שלה בזמן שהם הלכו ברחוב.
harder	חשבון **קשה יותר** מאנגלית, אז היא לומדת אותו יותר.
health	אכילה נכונה ופעילות גופנית חשובות **לבריאות** טובה.
hear	אני יכול **לשמוע** מוזיקה מגיעה מהדירה ליד.
heart	אהבה באה **מהלב** ואי אפשר לכפות אותה.
heavy	המזוודה הייתה **כבדה** כל כך שנזקקתי לעזרה כדי להזיז אותה.
here	בבקשה בוא **לכאן** ותשב לידי לרגע.
hope	אני **מקווה** שננצח באליפות השנה.
horse	היא רכבה על **הסוס** שלה על פני האחו הרחב לכיוון היער המרוחק.
hospital	היא בילתה שלושה ימים **בבית החולים** אחרי התאונה.
hot	תיזהר כי המים **חמים** מאוד עכשיו.
house	הבניין החדש הזה יכול **לשכן** עד מאתיים סטודנטים בכל סמסטר.
how	**איך** הצלחת לסיים את הפרויקט כל כך מהר?
huge	לאצטדיון החדש יש מסך **ענק** שהאוהדים יכולים לראות מכל מקום.
human	רגשות **אנושיים** הם מורכבים ולעיתים קרובות קשה להבין אותם.
human being	כל **בן אדם** ראוי לכבוד ולטוב לב מאחרים.
hundred	יש **מאה** סטודנטים בכל התוכנית.
husband	**הבעל** שלה הפתיע אותה בפרחים ביום השנה שלהם.
ice cream	ילדים אוהבים לאכול **גלידה** בימי קיץ חמים.
idea	היה לה **רעיון** מעולה לפתרון הבעיה הקשה.
If	**אם** ירד גשם מחר, נבטל את האירוע בחוץ.
important	שינה **חשובה** כי היא עוזרת לגוף שלך להתאושש.
impossible	**בלתי אפשרי** לנשום מתחת למים בלי ציוד מיוחד.
in a moment	היא תגיע **בעוד רגע**; אנא המתן בסבלנות.
in fact	הוא נראה עצלן, אבל **למעשה** הוא עובד קשה מאוד כל יום.
in front of	היא עמדה **מול** הכיתה והציגה את הפרויקט שלה.
in order to	היא קמה מוקדם **כדי** לתפוס את הרכבת הראשונה למרכז העיר.
information	האתר מספק **מידע** שימושי על לוחות הזמנים של הרכבות.
inside	הלכנו **לתוך** המוזיאון וראינו פסלים עתיקים.
into	הוא שפך מים **לתוך** הכוס עד שהיא התמלאה.
island	בילינו את החופשה **באי** קטן בים התיכון.
Jew	דוד הוא **יהודי** שמשפחתו חיה בעיר הזאת כבר דורות.
join	תרצה **להצטרף** לקבוצת הכדורעף שלנו העונה?
joke	**הבדיחה** המצחיקה שלו גרמה לכולם במסיבה לצחוק.
jump	הכלב **קפץ** מעל הגדר לכיוון הפארק.
kill	החקלאי ריסס את השדה כדי **להרוג** חרקים שפגעו ביבול שלו.
king	**המלך** שלט במדינה במשך חמישים שנה.
know, knew	**הכרתי** אותה מהקולג' אבל איבדנו קשר לפני שנים.
large	הדירה הזאת **גדולה** מספיק למשפחה הגדלה שלנו.
late	הוא הגיע **מאוחר** לפגישה והתנצל בפני כולם.
later	נוכל לדון בזה **מאוחר יותר** כשיהיה לנו יותר זמן.
laugh	מופע הקומדיה היה כל כך מצחיק שהקהל **צחק** בקול רם.
law	**החוק** החדש מחייב אנשים למחזר בקבוקי פלסטיק.
left	פנה **שמאלה** בפינה והחנות נמצאת ממש שם.
less	לקפה הזה יש **פחות** סוכר מהמשקה של אתמול.
lie	הוא סיפר **שקר** על המקום שבו בילה את אחר הצהריים.
light	היא הדליקה את **האור** כדי שתוכל לקרוא את הספר שלה.
like	הציורים שלה הם **כמו** אלה שבאוסף המוזיאון.
link	לחץ על **הקישור** כדי לבקר באתר על חיים בריאים.
list	הכנתי **רשימת** קניות לפני שהלכתי לחנות.
listen	אנא **הקשיבו** היטב להוראות לפני שהמשחק מתחיל.
luck	שיהיה לך **מזל** בראיון שלך מחר בחברה.
lunch	אנחנו בדרך כלל אוכלים **ארוחת צהריים** בשעת הצהריים במטבח המשרד.
machine	**מכונת** הכביסה הזאת מנקה בגדים טוב יותר מהישנה שלי.
made	היא **הכינה** עוגה מאפס באמצעות חמאה וביצים.
make sure	**תוודא** שאתה נועל את הדלת לפני שאתה יוצא הערב.
maybe	**אולי** כדאי שנלך לחוף הים במקום להרים.
media	**התקשורת** דיווחה על סיפור רעידת האדמה בחדשות הערב.
meeting	**הפגישה** נמשכה שעתיים והייתה מאוד פרודוקטיבית.
memory	השיר הזה מחזיר **זיכרונות** שמחים משנות הילדות שלי.
message	שלחתי לה **הודעה** על הפגישה אבל היא עוד לא הגיבה.
middle	היא ישבה **באמצע** החדר, כך שכולם יכלו לראות אותה.
milk	הוא שפך **חלב** קר לתוך הדגנים שלו הבוקר.
mistake	עשיתי **טעות** בזמן שהרכבתי את הרהיטים ונאלצתי להתחיל מחדש.
mix	**ערבב** את הביצים והסוכר יחד עד שהם יהפכו לבהירים.
model	**דגם** הרכב החדש כלל עיצוב אלגנטי שהרשים את המהנדסים.
money	הוא חסך **כסף** במשך שלוש שנים כדי לקנות בית.
monster	**המפלצת** בסרט הפחידה את הילדים בקולנוע.
most	**רוב** האנשים נהנים ללכת לחוף הים בימי קיץ.
mountain	פסגת **ההר** הייתה מכוסה בשלג בחורף.
mouth	היא פתחה את **הפה** כדי לדבר אבל אז נשארה בשקט.
move	החתול **זז** בשקט לרוחב החדר בלי להשמיע קול.
must	אתה **חייב** לחגור חגורת בטיחות כשאתה נוהג ברכב.
near	בית הספר **קרוב** לבית שלי, רק הליכה קצרה משם.
need	אני **צריך** לקנות נעליים חדשות כי שלי שבורות.
never	היא **אף פעם** לא שותה קפה ותמיד מעדיפה תה במקום.
new	הוא קנה טלפון **חדש** כדי להחליף את הישן והשבור שלו.
next	בקיץ **הבא** אנחנו מתכננים לטוס לאירופה לחופשה.
next to	השולחן שלי נמצא **ליד** החלון במשרד.
North	הרכבת נסעה **צפונה** לכיוון ההרים בשעות הבוקר המוקדמות.
nose	הוא שבר את **האף** שלו כשהוא שיחק כדורסל בשבוע שעבר.
not only	היא **לא רק** חכמה אלא גם מאוד אדיבה כלפי אחרים.
now	אני צריך לצאת **עכשיו** אחרת אאחר מאוד.
number	מה **מספר** הטלפון של דלפק שירות הלקוחות?
ocean	גלי **האוקיינוס** היו יפים כשביקרנו בחוף.
of course	**כמובן** שאתה יכול לשאול את הספר שלי מתי שתרצה.
offer	החברה **הציעה** לו עבודה אבל הוא סירב בנימוס.
often	אני רואה אותה **לעיתים קרובות** בבית הקפה ליד הבית שלי.
on	הספר נמצא **על** השולחן בסלון היום.
once	**ברגע** שתתחיל להתאמן באופן קבוע, תרגיש טוב יותר בקרוב.
only	**רק** חברים יכולים להיכנס למועדון הפרטי במרכז העיר.
open	היא **פתחה** את הדלת וקיבלה אותנו בברכה חמה פנימה.
or	אתה רוצה קפה **או** תה עם ארוחת הבוקר שלך היום?
organic	ירקות **אורגניים** גדלים בלי חומרי הדברה או כימיקלים.
outside	ישבנו **בחוץ** על המרפסת ונהנינו מהשקיעה.
over	המטוס טס **מעל** העננים בגובה רב.
own	היא **הבעלים** של עסק קטן שמוכר תכשיטים בעבודת יד.
pain	הוא הרגיש **כאב** חד בגב שלו אחרי שהרים משהו.
part	**בחלק** הזה של העיר יש הרבה מסעדות וחנויות.
pass	החלטנו **לוותר** על הקינוח הפעם.
past	היא **עברה** על פני הבית שלי בדרכה לבית הספר.
pay	אני תמיד **משלם** את החשבונות שלי בזמן לפני המועד האחרון.
peace	הסכם **השלום** סיים את המלחמה בין שתי המדינות.
people	הרבה **אנשים** חיכו בתור לכרטיסים להופעה.
perfect	היא התאמנה שבועות כדי **לשפר** כל פרט טכני בהופעה שלה.
perhaps	**אולי** שכחתי את המפתחות שלי במכונית, אבל אני לא יכול להיות בטוח.
person	**האדם** הגבוה שלבש ז'קט אדום עזר לי למצוא את תחנת הרכבת התחתית.
personal	היא דיברה על החוויות **האישיות** שלה בשנה הראשונה בקולג'.
picture	היא ציירה **תמונה** יפה של השקיעה באמצעות עפרונות צבעוניים בלבד.
place	הפינה השקטה ליד החלון היא **המקום** האהוב עליי לקרוא ולחשוב.
plan	אנחנו **מתכננים** לנסוע ברחבי הארץ ולהקים מחנה בפארקים לאומיים במשך שישה שבועות.
plane	**המטוס** טס מעל האוקיינוס כדי להגיע ללונדון בשלום.
planet	מאדים הוא **כוכב לכת** שמדענים חוקרים לצורך מושבות עתידיות.
play	ילדים **משחקים** בפארק כל אחר צהריים אחרי בית הספר.
pool	שחינו **בבריכה** ביום הקיץ החם הזה.
poor	המשפחה **העניה** לא יכלה להרשות לעצמה אוכל, שכר דירה או טיפול רפואי.
possible	**אפשר** ללמוד שפה אם לומדים באופן עקבי במשך כמה חודשים.
potato	היא קילפה את **תפוח האדמה** ובישלה אותו עד שהתרכך למחית.
present	התלמידים חייבים **להציג** את פרויקטי המדע שלהם לכל הכיתה היום.
president	**הנשיא** נשא נאום בטלוויזיה הארצית הערב.
printer	**המדפסת** נגמר לה הדיו והיא זקוקה להחלפה.
private	היא שמרה את המחשבות **הפרטיות** שלה ביומן נעול שאף אחד אחר לא יכול היה לקרוא.
probably	**כנראה** שירד גשם מחר לפי תחזית מזג האוויר.
problem	**הבעיה** העיקרית היא שאין לנו מספיק זמן.
promise	נתתי **הבטחה** לבקר את סבתא שלי בכל סוף שבוע בלי יוצא מן הכלל.
protect	הורים **מגנים** על הילדים שלהם על ידי כך שהם מלמדים אותם להסתכל לשני הצדדים לפני חציית כבישים.
queen	**המלכה** ענדה כתר ותכשיטים יפים בטקס.
quick	הוא נתן תשובה **זריזה** לכל שאלה, וענה במילה או שתיים בלבד.
quiet	הכיתה **השקטה** אפשרה לתלמידים להתרכז בלי שום הסחת דעת.
rain	**הגשם** ירד כל הבוקר ופסק אחר הצהריים.
reason	**הסיבה** העיקרית שהיא עזבה את העבודה הייתה שהבוס שלה מעולם לא כיבד את הרעיונות שלה.
record	החברה מנהלת **רשומה** של שעות העבודה וימי החופשה של כל עובד.
relationship	**מערכת היחסים** שלהם התחזקה אחרי שהם בילו יותר זמן בשיחה והקשבה זה לזה.
relax	אני **נרגע** על ידי כיבוי הטלפון שלי ושכיבה בגינה עם ספר.
report	אתה חייב **לדווח** על כל סכנת בטיחות למנהל שלך מיד.
respect	הקבוצה **מכבדת** את המאמן שלה כי הוא מודה בטעויות שלו ולומד מהן.
restaurant	**המסעדה** הזאת מגישה את האוכל האיטלקי הכי טוב בעיר שלנו.
rice	היא שטפה את **האורז** במים קרים לפני שבישלה אותו בסיר.
rich	איש העסקים **העשיר** תרם חצי מהונו לבניית בתי ספר לילדים עניים.
ride	אני **רוכב** על האופניים שלי לעבודה כל יום בקיץ.
right	פנה **ימינה** בפינה הבאה כדי להגיע לסופרמרקט.
ring	היא סובבה את **הטבעת** הכסופה סביב האצבע שלה בזמן שחיכתה בעצבנות.
road	**הדרך** ההררית התפתלה בחדות כזאת שהנהיגה בה גרמה לידיים שלי לרעוד.
run, ran	אתמול **רצתי** חמישה מיילים בפארק ליד הבית.
safe	הנמל **הבטוח** הגן על הספינות מפני סערות מסוכנות וגלים חזקים.
salt	הוסף מעט **מלח** למרק כדי לשפר את הטעם.
save	המציל **הציל** את השחיין שנסחף מתחת למים על ידי הזרם.
saw, see	**ראיתי** קשת יפה אחרי שהסערה הסתיימה אתמול אחר הצהריים.
scene	**הסצנה** האחרונה בסרט הראתה את שני החברים נפרדים בשדה התעופה.
school	הבת שלי הולכת **לבית הספר** בשעה שמונה כל בוקר.
search	הצוות **יחפש** בבניין את המפתחות החסרים לפני שהפגישה מתחילה.
secret	היא סיפרה לי **סוד** שאף אחד אחר לא צריך לדעת.
sell	הם **מוכרים** את המוצרים בעבודת יד שלהם רק בשוק המקומי בסופי שבוע.
send	**שלח** את החבילה בדואר מהיר כדי שהיא תגיע תוך יומיים.
serious	מצבו של המטופל הפך **חמור** כשהנשימה שלו נעשתה קשה ורדודה.
service	**שירות** טוב במסעדה גורם ללקוחות לחזור שוב.
shop	קניתי מצרכים **בחנות** ההומה, שנסגרה בתשע בערב.
short	הסרט **הקצר** סיפר סיפור שלם בתוך חמש דקות בלבד.
show	**מופע** הקסמים הדהים את הילדים כשגרם לחפצים להיעלם ממש לנגד עיניהם.
side	**הצד** השמשי של הרחוב הרבה יותר חם מהצד המוצל.
sign	היא **חתמה** על המסמך בשמה המשפטי המלא בזהירות.
simple	העיצוב **הפשוט** השתמש רק בצורות בסיסיות ובצבעים אחידים.
since	**מכיוון** שהגענו מוקדם, החלטנו לחקור את השכונה לפני הפגישה.
singer	**לזמר** היה קול כל כך עוצמתי שאנשים בשורות האחוריות יכלו לשמוע בבירור.
single	היא נשארה **רווקה** במשך שנים לפני שהחליטה סוף סוף להתחתן.
sir	כן, **אדוני**, אני אשלים את העבודה לפני יום שישי.
situation	**המצב** בעבודה השתפר כשהמנהל החדש התחיל להקשיב לעובדים.
sky	**השמיים** הפכו כהים ואפורים לפני שהסערה התחילה.
sleep	ילדים **ישנים** עמוק אחרי שהם משחקים בחוץ כל אחר הצהריים.
slow	החיבור **האיטי** לאינטרנט גרם להורדת הקובץ לקחת כמה שעות.
snake	**נחש** התפתל על פני הגינה מאחורי הבית שלנו.
snow	ירד **שלג** כל הלילה וכיסה הכול באבקה לבנה.
so	המים היו **כל כך** קרים שלא יכולנו לשחות.
so that	חסכתי כסף כל חודש **כך** שאוכל לקנות מכונית משומשת.
soldier	**החייל** נשא ציוד כבד בצעדות ארוכות בשטח קשה.
sometimes	**לפעמים** האוטובוס מאחר, אבל ברוב המקרים הוא מגיע בזמן.
soon	הרופא אמר שארגיש טוב יותר **בהקדם**, כנראה תוך שלושה או ארבעה ימים.
South	נסענו **דרומה** כדי לבקר את המשפחה שלי באזור החם.
special	היא לבשה שמלה **מיוחדת** רקומה בחוט זהב שסבתא שלה הכינה.
spend	אני **מבזבז** יותר מדי כסף על קפה כל שבוע בלי לשים לב.
stand	אנא **עמוד** בתור וחכה לתורך בדלפק.
star	הבחנו **בכוכב** בהיר שהבהב בשמי הלילה.
start	**נתחיל** את הפגישה בתשע בבוקר מחר.
station	רכבות מגיעות **לתחנה** המרכזית כל שלושים דקות.
step	הוא **צעד** צעד זהיר לעבר קצה הצוק.
still	היא **עדיין** מחכה לחדשות על בקשת העבודה שלה.
store	קנינו מצרכים **בחנות** ליד הדירה שלנו.
strange	ההתנהגות **המוזרה** שלו גרמה לכולם לתהות מה קורה.
strong	יש לה זרועות **חזקות** בזכות שנים של אימוני שחייה.
studio	האמנית עבדה **בסטודיו** הקטן שלה כל הבוקר.
stupid	היה **טיפשי** לצאת בלי לבדוק את תחזית מזג האוויר.
suddenly	**לפתע**, האורות כבו בכל השכונה.
sugar	הוסיפי כוס **סוכר** אחת לתערובת העוגה עכשיו.
summer	אנחנו תמיד מבקרים את הסבים שלנו בחופשת **הקיץ**.
support	המשפחה שלה נתנה לה **תמיכה** כשהיא נתקלה בקשיים.
surprise	הביקור **המפתיע** שלו שימח את כולם במסיבה.
sweet	הטעם **המתוק** של הדבש אהוב על ילדים.
system	**המערכת** החדשה הקלה על מציאת מסמכים.
taste	אתה מרגיש את **טעם** המלח במרק הזה?
team	**הצוות** שלנו ניצח בטורניר הכדורסל בשבת שעברה.
teeth, tooth	היא צחצחה **שיניים** לפני שהלכה לישון.
thank	כדאי **שתודה** לאמא שלך על העזרה.
thanks to	**תודות** לעזרה שלו, סיימנו את הפרויקט בזמן.
theater	ראינו מחזה מעניין **בתיאטרון** במרכז העיר.
then	קודם למדנו, **ואז** הלכנו לפארק.
theory	מדענים פיתחו **תיאוריה** חדשה כדי להסביר איך היקום התחיל.
there	חיפשנו בכל הבית, אבל החתול לא היה **שם**.
thousand	בעיר יש יותר **מאלף** סוגים שונים של מסעדות.
through	הלכנו **דרך** הפארק בדרך הביתה.
ticket	קניתי **כרטיס** להופעה בחודש הבא.
time	באיזו **שעה** מתחילה הפגישה מחר בבוקר?
together with	**יחד עם** החברים שלי, הלכתי לחוף הים.
too	אני יכול לבוא **גם** למסיבה הערב?
touch	בבקשה אל **תיגע** בציור הזה במוזיאון.
trust	היא **בוטחת** בחברה הכי טובה שלה ומשתפת אותה בכל הסודות שלה.
truth	**האמת** על מה שקרה יצאה לבסוף לאור.
turn	בבקשה פנה שמאלה בפינה **שלפני** החנות.
under	החתול מתחבא **מתחת** לשולחן ברגע זה.
understand	אתה **מבין** מה המורה הסביר היום?
until	חיכינו בחוץ **עד** שהחנות נפתחה הבוקר.
until now	**עד עתה**, אף אחד לא מצא את האוצר האבוד.
up	הבלון עלה **למעלה** השמימה מהר מאוד.
usually	היא **בדרך כלל** שותה קפה בבוקר לפני העבודה.
village	**בכפר** הקטן יש רק בית ספר אחד ושוק קטן.
visit	בואו **נבקר** במוזיאון במרכז העיר בסוף השבוע הקרוב.
voice	**הקול** שלו נשמע מוזר ולא מוכר לכולם.
wait	אתה יכול **לחכות** לי כאן בזמן שאני בודק?
wall	**הקיר** בין שני הבתים היה עשוי לבנים.
want	אתה **רוצה** להצטרף אלינו לארוחת צהריים היום?
war	**המלחמה** בין שתי המדינות נמשכה כמה שנים.
watch	**תסתכל** על הכביש בזהירות רבה בזמן שאתה נוהג.
way	אני מכיר את **הדרך** לתחנת הרכבת.
weekend	הם תמיד מבקרים את ההורים שלהם **בסוף השבוע**.
West	השמש שוקעת **במערב** בכל ערב.
what	**באיזו** שעה אנחנו צריכים לצאת מחר בבוקר?
where	**איפה** כדאי לי לשים את המעיל והתיק?
which	**איזה** ספר תרצה לקרוא הערב?
who	**מי** אחראי לניקיון אחרי ארוחת הערב?
why	**מדוע** החלטת להחליף עבודה?
wide	הנהר **רחב** מאוד בנקודה הזאת.
wife	**אשתו** היא רופאה בבית החולים.
win	הצוות שלנו **ינצח** באליפות השנה.
wine	שתינו **יין** נחמד עם ארוחת הערב אתמול בלילה.
winter	**החורף** קר ומושלג במדינות רבות.
wish	היא ביקשה **משאלה** לפני שכיבתה את הנרות.
with	תבוא **איתי** לחנות?
without	אנחנו לא יכולים להצליח **בלי** עבודה קשה ומסירות.
wonderful	זה היה סרט **נפלא** שכולם נהנו ממנו.
work	היא **עובדת** קשה בעבודה שלה כל יום.
worse	החורף הזה **גרוע** הרבה יותר מהחורף שעבר.
writer	**הסופר** כבר פרסם ספרים מצליחים רבים.
young	הבת **הצעירה** שלי רק התחילה בית ספר השנה.
zoo	הלכנו **לגן החיות** לראות את האריות.
10th - tenth	זו הפעם **העשירית** שאני מבקש בנימוס.
4th - fourth	היא סיימה במקום **הרביעי** במרוץ.
5th - fifth	יום ההולדת שלי הוא **בחמישה** ביוני.
6th - sixth	הוא גר בקומה **השישית** בבניין.
7th - seventh	שבת היא היום **השביעי** בשבוע.
8th - eighth	הוא סיים במקום **השמיני** במרוץ שבו שבעה רצים חצו את הקו לפניו.
9th - ninth	היא סיימה במקום **התשיעי** במרוץ שבו שמונה רצים חצו את הקו לפניה.
above	המסוק טס **מעל** לעננים לכיוון העיר.
academic	ההישגים **האקדמיים** שלו השתפרו משמעותית אחרי שלמד קשה יותר.
actor	**השחקן** אלתר מונולוג דרמטי במשך שלוש דקות.
address	היא כתבה את **הכתובת** שלה בזהירות על המעטפה.
afraid	היא כל כך **פחדה** מהחושך שהיא ישנה עם אור דלוק.
after all	**אחרי הכל**, עבדנו קשה מדי כדי לוותר.
agenda	**סדר היום** של הפגישה כלל חמישה נושאים חשובים לדיון.
aggressive	ההתנהגות **התוקפנית** שלו הפחידה את כל שאר הילדים.
ahead of	היא סיימה את כל הפרויקט **לפני** הזמן המתוכנן.
airplane	מנועי **המטוס** שאגו בזמן שהוא התכונן להמראה.
alien	פקיד ההגירה בדק בקפידה את אשרת העבודה של **הזר**.
alive	הציפור עדיין הייתה **בחיים** אחרי התאונה.
allergic	אחי **אלרגי** לבוטנים ולאגוזים.
along	הם הלכו **לאורך** קו החוף שבו גלים התנפצו ברציפות.
along with	היא הזמינה פיצה **יחד עם** סלט ירוק.
although	**למרות** שירד גשם, הלכנו לפארק.
architect	**הארכיטקט** תכנן בניין יפהפה מאוד במרכז העיר.
artist	**האמן** פיסל דמות יפה משיש.
as if	הוא התנהג **כאילו** לא שמע אותה.
as long as	אתה יכול להישאר **כל עוד** אתה רוצה.
as soon as	תתקשר אליי **ברגע** שתגיע הביתה.
as well as	היא דוברת צרפתית שוטפת **כמו גם** גרמנית.
asked for	הוא **ביקש** קידום בעבודה שלו.
astronomy	היא אוהבת **אסטרונומיה** ומבלה לילות בהירים בצפייה בכוכבים ובכוכבי הלכת.
at last	**סוף סוף**, המטיילים המותשים הגיעו לפסגת ההר.
authentic	זו פסטה איטלקית **אותנטית**, לא חיקוי זול.
background	**הרקע** שלה הוא בהנדסה ובעיצוב מחשבים.
band	**להקת** הרוק ניגנה כל הלילה בהופעה.
base	**בבסיס** הצבאי הישן יש כמה מבנים גדולים ושדה תעופה סמוך.
based on	הסרט **מבוסס על** סיפור אמיתי.
bath	היא לקחה **אמבטיה** חמה לפני שהלכה לישון.
beach	הם בילו את כל היום בשחייה ובבניית טירות חול **בחוף** הים.
beast	**החיה** הפראית שוטטה ביער האפל.
beauty	**יופי** השקיעה עצר לה את הנשימה.
bedroom	**בחדר השינה** שלי יש מיטה נוחה וחלון גדול לידה.
bee	**דבורה** זימזמה סביב הפרח הצהוב הבהיר.
begin/an/un	השיעור **מתחיל** בתשע בבוקר.
boring	הסרט הזה היה כל כך **משעמם** שנרדמתי.
both... and...	היא נהנית **גם** מטניס **וגם** משחייה מדי שבוע.
bottle	הוא מזג מים קרים לתוך **בקבוק** פלסטיק.
bread	היא אפתה **לחם** טרי הבוקר לארוחת הבוקר.
bridge	**הגשר** החוצה את הנהר מחבר בין שתי הערים.
build	**מבנה** הגוף שלה אתלטי, עם כתפיים רחבות ורגליים חזקות.
cable	**כבל** הטלוויזיה ניזוק בתאונה.
cancel	בבקשה **בטל** את התור שלי ליום שישי הבא אחר הצהריים.
candy	הילד פתח **ממתק** מהעטיפה הצבעונית שלו.
care	היא **מחבבת** מאוד את כל המשפחה שלה, ובמיוחד את סביה המזדקנים.
case	היא ארזה את משקפי השמש שלה **בתיבה** קשה מפלסטיק.
casino	הוא הפסיד הרבה כסף **בקזינו**.
catalogue	**בקטלוג** של החנות יש מאות מוצרים שונים.
catch, caught	הוא **תפס** את הכדור בקלות ביד אחת.
cause	היא מגייסת כסף כל שנה למען **מטרה** שעוזרת לילדים חסרי בית.
celebrate	**חגגנו** את יום ההולדת שלה אתמול במסיבה.
change	מזג האוויר **השתנה** במהלך הלילה, ושמיים בהירים הפכו לגשם כבד.
cheap	הנעליים היו כל כך **זולות** שהיא קנתה שלושה זוגות בבת אחת.
cheat	הוא **רימה** במשחק הלוח וסירב להודות בזה.
chemical	תגובות **כימיות** מתרחשות במעבדה לעיתים קרובות למדי.
choose	אתה יכול **לבחור** כל צבע שתרצה כאן.
chronic	יש לו כאבי גב **כרוניים** בעקבות פציעה.
circle	הנץ **חג** לאט מעל השדה בחיפוש אחר טרף.
clock	**שעון** הקיר מראה כרגע שלוש.
cloud	**ענן** כהה הופיע בשמיים הכחולים.
collect	היא **אוספת** בולים נדירים מרחבי העולם.
comic	השחקן **הקומי** עשה פרצופים מצחיקים כדי לשעשע את הילדים הקטנים.
connect	הכבלים האלה **מתחברים** ישירות למחשב הראשי שלך.
container	**המיכל** הפלסטיק הגדול החזיק כמה בקבוקי מים קרים.
conversation	ניהלנו **שיחה** ארוכה על החיים אתמול.
copy	בבקשה **העתק** לי את המסמך הזה עד הצהריים.
correct	המורה ביקש ממנו **לתקן** את שגיאות האיות בזהירות.
country	היא עברה **לארץ** חדשה בשנה שעברה.
couple	**הזוג** המאושר התחתן בטקס קטן בגן.
coupon	מצאתי **קופון** להנחה של חמישים אחוז.
cousin	**בן הדוד** שלי גר בעיר אחרת רחוקה.
cow	**הפרה** אכלה עשב בשדה הירוק.
crash	**התנגשות** המכוניות קרתה בכביש הראשי.
create	האמן **יוצר** פסלים יפים מאבן לבנה.
criteria	**אמות המידה** למלגה דורשות ציונים מצוינים וניסיון התנדבותי.
cross	היא **חצתה** את הכביש בזהירות רבה בגשם.
crowd	**קהל** גדול התאסף מחוץ לאצטדיון וחיכה שהקונצרט יתחיל.
damage	הסופה גרמה **נזק** חמור למאות בתים ברחבי האזור.
danger	שחייה לבד באוקיינוס מהווה **סכנה** משמעותית לבטיחותך.
darkness	**החשיכה** ביער הפכה את מציאת הדרך לבלתי אפשרית.
decide	אנחנו צריכים **להחליט** לאיזו מסעדה ללכת לרגל יום הנישואים שלנו.
defense	מערכות **הגנה** חזקות הגנו על העיר מפני כל איום צבאי מבחוץ.
delete	**מחקתי** את הקובץ בטעות, כך שעכשיו אני לא יכול לשחזר אותו.
depression	**הדיכאון** שלה נמשך כמה חודשים לפני שפנתה לעזרה מקצועית.
design	**עיצוב** הבניין החדש כולל חלונות גדולים וחומרים ברי קיימא.
designer	**מעצב** האופנה יצר קולקציה יפהפייה בהשראת הטבע.
destroy	רעידת האדמה **הרסה** בניינים רבים ברחבי העיר העתיקה.
detail	כל **פרט** בציור הראה את הכישרון המדהים של האמן.
diagram	**התרשים** הראה בדיוק איך כל חלקי המכונה מתחברים זה לזה.
dictator	**הדיקטטור** שלט במדינה במשך עשורים בשליטה מוחלטת.
dilemma	היא ניצבה בפני **דילמה** קשה בין קבלת עבודה חדשה לבין להישאר בבית.
direct	קח את הדרך **הישירה** לשדה התעופה במקום מסלולים נופיים.
direction	המפה מראה את **הכיוון** שעלינו ללכת בו כדי להגיע ליעד שלנו.
discover	חוקרים עזרו לאירופאים **לגלות** אדמות חדשות מעבר לאוקיינוס האטלנטי.
distance	**המרחק** בין שתי העיירות הוא כמעט מאתיים קילומטרים בנסיעה.
document	אנא **תעד** את כל ההוצאות שלך כדי שנוכל לבדוק אותן מאוחר יותר.
dominant	הקבוצה **הדומיננטית** בליגה ניצחה כמעט בכל משחק ומשחק.
drastic	יישום צעדים **דרסטיים** יביא לשינויים עצומים בכל המערכת.
drug	כלב הביטחון בשדה התעופה גילה **סם** אסור בתוך המזוודה שלו.
earlier	היא הגיעה הרבה **קודם** ממה שציפינו, אז היה לנו זמן.
easily	אחי פתר את החידה **בקלות** בלי צורך בעזרה.
echo	כשצעקתי בקניון, שמעתי את **ההד** של קולי.
ecological	המחקר **האקולוגי** הזה מתמקד באופן שבו זיהום משפיע על חיות הבר המקומיות.
edit	**העורך** יערוך את החיבור שלך ויחזיר אותו עם משוב.
elastic	הגומייה **האלסטית** קופצת חזרה לצורתה המקורית באופן מיידי.
elephant	**הפיל** השתמש בחדק הארוך שלו כדי להגיע לעלים גבוהים.
empire	**האימפריה** הרומית שלטה בשטח עצום במשך מאות שנים.
empty	התיאטרון היה **ריק** לגמרי אחרי שהקהל עזב.
enemy	אחרי הבגידה, הוא ראה בחברו לשעבר **אויב** מר.
engine	**מנוע** המכונית התחיל להשמיע רעש מוזר.
enter	עליך **להיכנס** דרך הדלת הקדמית כשאתה מגיע.
episode	צפיתי **בפרק** האחרון של התוכנית האהובה עליי.
error	מסד הנתונים הכיל **שגיאה** שמנעה מהמערכת לפעול.
escape	האסיר הצליח **לברוח** דרך חור בגדר.
ethnic	הקהילה שלנו חוגגת מסורות **אתניות** מתרבויות רבות ושונות.
even though	**למרות** שירד גשם, בכל זאת הלכנו לחוף הים.
event	**האירוע** השנתי מושך אלפי מבקרים לעיר שלנו.
example	תלמיד חרוץ הוא **דוגמה** טובה למסירות ולמשמעת עצמית.
excellent	האוכל והשירות במסעדה היו שניהם **מצוינים** ובלתי נשכחים.
exotic	היא אוספת צמחים **אקזוטיים** מיערות גשם ברחבי העולם.
expensive	המכונית הזאת **יקרה** מדי בשבילנו לקנות כרגע.
expert	**מומחה** מחשבים עזר לנו לתקן את כל הבעיות הטכניות.
explanation	**ההסבר** של המורה על המושג היה ברור ומועיל.
explode	הזיקוקים **יתפוצצו** לצבעים בהירים מעל העיר.
extreme	החום **הקיצוני** הפך את השהייה בחוץ למסוכנת.
factory	**המפעל** מייצר אלפי מכוניות בכל חודש ליצוא.
fail	אם לעיצוב הגשר יש פגמים, כל המבנה עלול **להיכשל**.
false	ההצהרה הזאת **שקרית** וסותרת עדויות מדעיות.
farm	לסבא שלי יש **חווה** שבה הוא מגדל חיטה.
fashion	צבעים בהירים ודוגמאות נועזות הם **האופנה** האחרונה השנה.
file	אנא שמור את העבודה שלך **בקובץ** המחשב על שולחן העבודה.
filter	יש להחליף את **פילטר** האוויר כדי לשפר את האיכות.
finger	היא אחזה בעדינות **באצבע** הקטנטנה של התינוק בידה.
flow	**זרם** המים בנהר גבר אחרי הגשם.
flower	**הפרח** נפתח בעלי כותרת צהובים בהירים באור השמש של הבוקר.
focus	עליך **להתמקד** בלימודים שלך אם אתה רוצה להצליח.
for	הוא הלך מהר, **מפני** שהסופה התקרבה במהירות רבה הלילה.
for example	חיות רבות חיות ביערות, **לדוגמה** דובים וצבאים.
forest	**היער** היה כה צפוף שאור השמש בקושי נגע באדמה.
formula	המדען פיתח **נוסחה** כדי לפתור את הבעיה.
found	**מצאנו** את המפתחות האבודים מתחת לשולחן המטבח.
freeze, froze	המים **יקפאו** לקרח כשהטמפרטורה תרד.
friendly	השכן שלי **ידידותי** ותמיד מנפנף כשאנחנו נפגשים.
frog	**הצפרדע** קפצה מן עלה הלוטוס אל הבריכה.
front	**חזית** הבניין כוללת עמודי שיש גבוהים.
garden	היא מגדלת ירקות **בגן** שלה בכל קיץ.
gate	**השער** היה נעול, אז היינו צריכים לטפס מעליו.
genes	**הגנים** שלך קובעים רבים מהמאפיינים והתכונות הפיזיים שלך.
genetic	מדענים חוקרים מוטציות **גנטיות** כדי להבין טוב יותר מחלות תורשתיות.
genius	המדען **הגאון** פתר בעיה שהטרידה את כולם במשך שנים.
giant	הפסל **הענק** היה גבוה למעלה משלושים מטרים.
glad	אני **שמח** שהחלטת לבקר אותנו היום.
global	האינטרנט יצר רשת **עולמית** המחברת אנשים ממדינות רבות.
goal	**המטרה** שלה היא לסיים את לימודיה בהצטיינות עד השנה הבאה.
golden	השקיעה **המוזהבת** צבעה את השמיים בגוונים יפהפיים.
grandfather	**סבא** שלי לימד אותי לדוג כשהייתי צעיר.
grandmother	**סבתא** שלי לימדה אותי לאפות עוגיות כשהייתי צעירה.
grow	העץ **גדל** גבוה יותר בכל שנה עם מים ואור שמש מספקים.
guard	**השומר** שמר על הכניסה כדי למנוע חדירת פורצים.
gym	היא מרימה משקולות **באולם הספורט** שלוש פעמים בשבוע.
harmony	הקולות התמזגו יחד **בהרמוניה** מושלמת, בלי אף אחד שזייף.
hero	החייל זכה לכינוי **גיבור** על כך שהציל את הכפר לבדו.
hid from	היא **התחבאה** מחבריה מאחורי העץ הגדול בפארק.
hidden	מאחורי הדלת הנעולה הייתה כספת **חבויה** מלאה בתכשיטים גנובים.
hobby	היא הקדישה כל רגע פנוי **לתחביב** שלה, איסוף מטבעות נדירים.
horror	היא צרחה **באימה** כשהעכביש זחל על פניה.
ideal	בית **אידיאלי** יכלול שלושה חדרי שינה, חצר אחורית ובתי ספר טובים בקרבת מקום.
in case	תמיד יש לשאת ערכת עזרה ראשונה **למקרה** של פציעות בלתי צפויות.
in other words	היא כמעט אף פעם לא אוכלת ארוחת בוקר, **במילים אחרות** היא מדלגת על הארוחה החשובה ביותר.
in that case	היא עלולה להגיע מאוחר הערב; **במקרה הזה** בבקשה תתחילו את ארוחת הערב בלעדיה.
in the same way	הוא למד לבשל **באותו אופן** שאביו למד, בניסוי וטעייה.
including	כל חברי הקבוצה שמחים, **כולל** השוער העייף.
installation	החשמלאי השלים את **התקנת** מערכת התאורה החדשה תוך אחר צהריים אחד.
intellectual	**אינטלקטואל** נהנה לפתור חידות מורכבות ולהתווכח על פילוסופיה.
international	ההסכם **הבינלאומי** נחתם על ידי נציגים משתים עשרה מדינות.
interview	העיתונאי **ראיין** את הספורטאי על הקריירה שלו ועל תוכניותיו לעתיד.
intuition	היא סמכה על **האינטואיציה** שלה ועזבה את המסיבה מוקדם, ובכך נמנעה מתאונה חמורה.
invite	**הזמנו** את כל קרובי המשפחה שלנו לחגוג במפגש המשפחתי.
ironic	זה היה **אירוני** שתחנת הכיבוי עלתה באש במהלך ביקורת הבטיחות.
journey	**המסע** דרך ההרים העמיד במבחן את סיבולתם ואומץ ליבם של החוקרים.
juice	כל בוקר אני שותה **מיץ** תפוזים טרי לארוחת הבוקר.
jungle	עמוק **בג'ונגל**, קופים התנדנדו בין הגפנים העבים והעצים הגבוהים.
just as	**בדיוק כמו** שגשר מחבר בין שני צדדים, אהבה מחברת בין שני לבבות.
kick	במהלך משחק הכדורגל, הוא **בעט** בכדור בעוצמה לתוך השער.
kind	התנהגות **מהסוג** הזה, גסה ולא ישרה, לא תתקבל כאן.
knife (knives)	חיתוך הלחם לפרוסות אחידות קל עם **סכין** חדה.
language	לימוד **שפה** חדשה דורש שנים של תרגול וחשיפה.
largest	לוויתן הכחול הוא בעל החיים **הגדול ביותר** שחי אי פעם על כדור הארץ.
last	היא הייתה התלמידה **האחרונה** שעזבה את הכיתה בכל יום.
leader	**מנהיג** טוב מודה בטעויות ומקשיב לאנשים שחולקים עליו.
legal	הם היו זקוקים למסמכים **משפטיים** כדי להוכיח את בעלותם על הבית.
level	הנגר השתמש בכלי כדי **לאזן** את היסודות לפני בניית הקירות.
liberal	הגישה **הליברלית** שלה לגידול ילדים אפשרה לילדיה לבחור בעצמם.
library	אתמול אחר הצהריים שאלתי שלושה ספרים **מהספרייה**.
lifestyle	**אורח חיים** בריא כולל פעילות גופנית סדירה, תזונה טובה ושינה מספקת.
local	היא העדיפה מוצרים **מקומיים** ותמכה בעסקים קטנים בקהילה שלה.
lock	היא תמיד **נעלה** את היומן שלה כדי שאף אחד לא יוכל לקרוא את מחשבותיה הפרטיות.
losing	הקבוצה החלה **לאבד** ביטחון אחרי התבוסה השלישית ברציפות.
loud	המוזיקה **הרועשת** במסיבה הקשתה על ניהול שיחה.
magical	עטיית הטבעת הרגישה **קסומה**, כאילו הכל בעולם אפשרי.
mail	הוא שלח **בדואר** את החבילה לאחותו וקיווה שהיא תקבל אותה בשלום.
main	הדמות **העיקרית** ברומן הייתה בלש שפתר פשעים.
makeup	היא מרחה **איפור** כדי להסתיר את הצלקת על פניה.
male	טווסים **זכרים** מציגים צבעים מרהיבים כדי למשוך נקבות בעונת ההזדווגות.
manipulation	**המניפולציה** שלו בעובדות גרמה לאנשים להאמין במידע כוזב.
map	לפני הטיול, היא **מיפתה** את כל המסלול בקפידה.
market	ירקות טריים **משוק** האיכרים טעימים יותר מאלה שבסופרמרקט.
master	הוא **שלט** באמנות הבישול במשך שנים של תרגול וסבלנות.
member	**כחברה** במועדון הספורט, היה לה גישה לכל המתקנים.
mental	חוסן **נפשי** חשוב לא פחות מכושר גופני להצלחה.
mentor	**המדריכה הרוחנית** שלה עזרה לה לצלוח את האתגרים של פתיחת עסק.
metal	**מתכת** מתרחבת ומתכווצת עם שינויים בטמפרטורה.
miss	הוא **התגעגע** מאוד למשפחתו בזמן שעבד רחוק מהבית.
mission	**משימת** החילוץ כללה עשרה מטפסים מיומנים שעבדו יחד.
molecule	**מולקולות** מים נוצרות כששני אטומי מימן נקשרים לאטום חמצן אחד.
monkey	**לקופים** יש זנבות ארוכים והם מתנדנדים בקלות בין עצי הג'ונגל.
mood	**מצב הרוח** שלו השתנה משמח לכועס כששמע את החדשות.
muscle	**שרירים** חזקים מתפתחים כשמתאמנים באופן קבוע ואוכלים מספיק חלבון.
mutation	**המוטציה** הגנטית גרמה למחלה המשפחתית לעבור מהורים לילדים.
natural	הכישרון **הטבעי** שלה לשירה הדהים כל מי ששמע את קולה.
nature	יופיו של **הטבע** נתן השראה לאמנים ולמשוררים במשך מאות שנים.
neck	הוא שבר את **הצוואר** בתאונה ובילה חודשים בהחלמה.
negative	ההערות **השליליות** שלה על התוכנית הרתיעו את הצוות.
neighbor	**השכן** שלי עזר לי כשהמכונית שלי התקלקלה ברחוב.
network	**רשת** המחשבים מחברת בין כל המשרדים בבניין.
neutral	השופט נשאר **ניטרלי** ולא נטה לטובת אף אחת מהקבוצות במהלך המשחק.
newspaper	היא קוראת את **העיתון** כל בוקר כדי להישאר מעודכנת באירועי העולם.
noise	**הרעש** מהבנייה העיר את כולם בחמש בבוקר.
norm	בתרבויות רבות, הסרת נעליים לפני הכניסה לבית היא **הנורמה**.
nurse	**האחות** בדקה בקפידה את הסימנים החיוניים של המטופל.
obsession	**האובססיה** שלה לשלמות הקשתה עליה ליהנות מהחיים.
of course... but...	**כמובן** שכולם רוצים בהצלחה, **אך** מעטים מוכנים לעבוד למענה.
official	הכללים **הרשמיים** של התחרות פורסמו על לוח המודעות.
oil	פועלים קדחו עמוק במדבר בחיפוש אחר **נפט** מתחת לחול.
on top of	החתול קפץ **על** הגדר והביט סביבו.
opinion	**לדעתי**, המסעדה הזאת מגישה את הפיצה הטובה ביותר בעיר.
option	כשקונים טלפון חדש, יש לך **אפשרות** לשלם בתשלומים או במלואו מראש.
orchestra	**תזמורת** משלבת עשרות כלי נגינה שונים המנגנים יחד תחת מנצח אחד.
order	היא סידרה את הספרים שלה **בסדר** לפי צבע וגודל על מדף העץ.
organism	כל **אורגניזם** שחי באוקיינוס תלוי במי מלח כדי לשרוד.
original	הציור **המקורי** של האמן נמכר במחיר גבוה בהרבה ממה שהעתקים היו עולים.
owner	**בעל** הבית החזיק בזכות הבלעדית להחליט מה קורה על הקרקע.
package	שליח המשלוחים השאיר את **החבילה** ליד הדלת כשאף אחד לא היה בבית.
painting	האמן הוסיף משיחות מכחול עבות בכחול וזהב כדי לסיים את **הציור**.
panic	כשאזעקת האש צלצלה, הקהל נכנס **לפאניקה** והחל לרוץ מהר.
paradox	**הפרדוקס** הוא שהוצאת כסף על ציוד כושר השאירה אותה חסרת פרוטה מכדי להתאמן.
parent	**הורה** חייב לספק לילדיו מזון, קורת גג, חינוך ותמיכה רגשית.
path	היא הלכה **בנתיב** היער הצר כשהוא התפתל בין עצים עתיקים וגבוהים.
pause	היא **עצרה** את הסרט כדי לענות מהר לשיחת הטלפון החשובה.
pepper	השף פיזר **פלפל** חריף לתוך המרק כדי להוסיף חריפות ותיבול.
percent	שמונים **אחוז** מהתלמידים עברו את המבחן כי הם למדו היטב.
pet	היא גידלה כלב **כחיית מחמד** ויצאה איתו לטיולים בכל בוקר.
philosophical	הגישה **הפילוסופית** שלו בחנה אמיתות יסוד ואת מהות הקיום האנושי.
philosophy	היא למדה **פילוסופיה** כדי להבין מה באמת המשמעות של אתיקה, ידע ואמת.
phobia	**הפוביה** שלה מעכבישים גרמה לה לצרוח ולבכות אפילו מול תמונות תמימות שלהם.
photograph	הצלם יצר **צילום** מרהיב באמצעות תריס איטי ואור בהיר.
physical	חינוך **גופני** כולל ריצה, קפיצה, ספורט ותרגילים לגוף.
pick	היא **קטפה** תותים בשלים מהגינה לפני ארוחת הבוקר בכל בוקר קיץ.
pilot	**הטייס** שלט במהירות המטוס, בכיוונו ובגובהו לפני הנחיתה.
potential	הספורטאי הצעיר הראה **פוטנציאל** להפוך לאלוף אולימפי בתוך חמש שנים.
powerful	הסערה **רבת העוצמה** הפילה עצים וניפצה חלונות ברחבי העיר.
prehistoric	בני אדם **קדמונים** השתמשו בכלי אבן כדי לצוד בעלי חיים ולאסוף צמחי בר.
prepare	היא **התכוננה** בקפידה לראיון על ידי סקירת הערות ותרגול תשובות.
presentation	**המצגת** שלה השתמשה בשקפים ובנתונים סטטיסטיים כדי לשכנע את הקהל בנושא האקלים.
price	**המחיר** הגבוה של אותה חולצת מעצבים גרם לי להחליט לא לקנות אותה.
professional	השף **המקצועי** התאמן במשך שנים כדי לשלוט בטכניקות בישול ובטעמים.
program	**התכנית** שלאחר הלימודים מלמדת מוזיקה, אמנות וספורט לילדים מעוניינים.
puzzle	**חידת** התשבץ הכילה רמזים קשים שדרשו ידע וסבלנות.
quality	**איכות** האוכל של אותה מסעדה הרשימה את כולם בטעמו ובטריותו.
question	המורה **הטילה ספק** בכך שהתלמידה הצעירה באמת סיימה את שיעורי הבית לבד.
rainbow	**קשת** צבעונית הופיעה בשמיים אחרי הגשם ומתחה על פני כל האופק.
random	היא בחרה תלמידים **אקראיים** לענות על שאלות, בלי שיטה או דפוס מסוים.
rat	**העכברוש** הגדול והאפור רץ במהירות דרך המטבח ונעלם בתוך הקיר.
reality	**המציאות** של המצב הייתה קשה; עבודה קשה בלבד אינה מבטיחה הצלחה.
receive	היא **תקבל** את התעודה שלה כשתסיים את כל הקורסים הנדרשים.
reflex	כשהוא נגע בכיריים הלוהטים, ידו נמשכה אחורה **ברפלקס** טבעי.
relevant	ההערה שלה הייתה **רלוונטית** כי היא התייחסה ישירות לנקודה המרכזית של הוויכוח.
remove	אנא **הסר** את נעליך לפני שאתה דורך על השטיח הלבן והנקי בפנים.
repeat	המורה ביקשה מהתלמידה המבולבלת **לחזור** על תשובתה לאט יותר ובקול רם יותר.
respond	הוא לא **הגיב** להודעה שלה כי היה עסוק מדי בעבודה.
responsibility	**האחריות** העיקרית של הורה היא להאכיל, לספק קורת גג ולהגן על ילדיו.
responsible	התלמידה **האחראית** השלימה את שיעורי הבית, למדה קשה ומעולם לא דילגה על שיעור.
result	**תוצאת** העבודה הקשה שלה הייתה שהיא סוף סוף קיבלה את הקידום שרצתה.
revolution	**המהפכה** התעשייתית הפכה חברות חקלאיות למפעלים ולערים מודרניות לתמיד.
ring, rang	הטלפון **צלצל** בקול רם שלוש פעמים לפני שהיא מיהרה להרים אותו.
risk	הוא בחר **לסכן** את חסכונותיו על ידי השקעה ברעיון עסקי חדש שלא נבדק.
river	**הנהר** זורם במורד מההרים, ומגיע בסופו של דבר לאוקיינוס העצום.
rocket	**הטיל** שוגר אנכית דרך העננים כשהוא נושא אסטרונאוטים לתחנת החלל.
role	היא גילמה את **תפקיד** המלכה המרושעת וזכתה לשבחים מהקהל.
roof	**לגג** הבית דרוש רעפים חדשים וכמה תיקונים מבניים בקרוב.
root	מערכת **השורשים** של העץ גדלה עמוק מאוד באדמה כדי למצוא מים.
rope	היא קשרה את **החבל** היטב לסירה כדי שלא תיסחף.
rule	המלך **שלט** בכל הממלכה במשך כמעט ארבעים שנות שלום.
saga	**סיפור** צרות המשפחה נמשך על פני דורות ועשורים רבים.
scan	היא **סרקה** את הקהל במהירות בעיניה כדי למצוא את חברתה.
science	**המדע** משתמש בניסויים קפדניים ובתצפית כדי להבין איך הטבע פועל.
scientist	**המדענית** ערכה ניסויים במעבדה שלה כדי לבחון את התאוריה הרפואית החדשה שלה.
seem	הסרט **נראה** משעמם בהתחלה אך הפך למעניין יותר ככל שהתקדם.
sense	היה לו מספיק **היגיון** לבדוק את מזג האוויר לפני שיצא לטיול ההר הארוך.
series	היא צפתה בכל **הסדרה** על הבלש בתוך יומיים בלבד.
serve	היא **שירתה** בדירקטוריון עמותת הצדקה המקומית במשך שנים רבות.
set up	הם **הקימו** את האוהל לפני ששקעה השמש באותו ערב.
shape	תבנית העוגיות לחצה את הבצק **לצורת** לב.
sharp	הסכין **החדה** חתכה את הלחם בקלות וללא כל התנגדות.
shield	שוער הכדורגל השתמש בגופו **כמגן** כדי לחסום את הכדור.
shoulder	הוא הניח את זרועו על **כתפה** כדי לנחם ולתמוך בה רגשית.
silent	הספרייה הייתה **שקטה** כדי שכולם יוכלו ללמוד ולקרוא בלי רעש.
silver	סבתה נתנה לה צמיד **כסף** עדין ליום הולדתה השמונה עשרה.
size	**הגודל** של הנעליים היה גדול מדי והן חלקו מרגליה כל הזמן.
skill	נגינה בפסנתר דורשת שנות תרגול כדי לבנות **מיומנות** מוזיקלית אמיתית.
skin	קרם הגנה מגן על **העור** שלך מנזק שנגרם מאור שמש חזק וישיר.
slave	**לעבד** לא הייתה חירות והיה אפשר לקנות או למכור אותו כמו רכוש.
smoke	**עשן** אפור עלה מהארובה בעוד אש העצים בערה בפנים.
soccer	קבוצת **הכדורגל** הבקיעה שלושה שערים וניצחה במשחק האליפות.
social	היא נמנעה מהתכנסויות **חברתיות** כי חשה חרדה סביב קבוצות גדולות של אנשים.
sold	היא **מכרה** את המכונית הישנה שלה לזוג צעיר בקיץ שעבר.
solution	**הפתרון** למשוואה דרש כמה שלבים אלגבריים כדי למצוא אותו.
solve	הבלשים עבדו במשך חודשים כדי **לפתור** את הפשע על ידי ניתוח ראיות.
sort	**מיין** את הקבצים האלה לפי סדר אלפביתי לפני שאתה מעלה אותם לארכיון.
speak, spoke	העדה **דיברה** ברוגע במהלך המשפט ותיארה מה שראתה.
speed	**מהירות** הרץ עלתה לחמש עשרה מייל לשעה עד ההקפה האחרונה.
sperm	**הזרע** נדד דרך מערכת הרבייה כדי להגיע לביצית.
spicy	הרוטב היה כל כך **פיקנטי** שהוא צרב לי את הפה במשך שעה.
spider	**עכביש** גדול בנה את הקורים שלו בפינת החדר.
sponsor	החברה שלנו תהיה **נותנת החסות** של קבוצת הספורט המקומית השנה.
spontaneous	בניגוד לאחותו, הוא יצא לטיול **ספונטני** לחלוטין בלי שום תכנון.
spray	אתה חייב **לרסס** חומר הדברה על הצמחים כדי לעצור את החרקים.
spy	במהלך המלחמה הקרה, הממשלה תפסה **מרגל** זר גונב סודות.
steal	הגנב ניסה **לגנוב** תכשיטים מהמוזיאון בחצות.
stereotype	הסרט הזה מסתמך על **סטריאוטיפים** מזיקים על אנשים ממדינות מסוימות.
stone	בנאים קדומים חצבו מקדשים מגושי **אבן** ושיש ענקיים.
storm	**סערה** עזה הביאה גשם כבד ורוח לעיר במהלך הלילה.
strategy	**האסטרטגיה** השיווקית שלהם התמקדה בהגעה ללקוחות צעירים דרך רשתות חברתיות.
stress	המורה **הדגישה** את חשיבות ההגעה לכיתה בזמן.
stuff	היא ארזה את כל **הדברים** שלה במזוודה אחת לטיול.
success	**ההצלחה** שלו בעסקים הגיעה אחרי שנים של עבודה קשה והתמדה.
such as	הרבה בעלי חיים, **כמו למשל** כלבים וחתולים, יכולים לראות בחושך.
suggest	אני **מציע** שנחכה עד מחר כדי לקבל את ההחלטה החשובה הזו.
suicide	הסרט התיעודי בחן את הטרגדיה של **ההתאבדות** ואת השפעתה על משפחות.
sunlight	צמחים זקוקים **לאור שמש** כדי לגדול, אז הנח אותם ליד חלון.
survival	**ההישרדות** שלהם בטבע הפראי תלתה במציאת מזון ומים נקיים.
sword	הלוחם מימי הביניים שלף את **חרבו** מהנדן לפני הקרב.
symbol	היונה היא **סמל** לשלום בתרבויות רבות ברחבי העולם.
syrup	שפוך **סירופ** מייפל חם על הפנקייקים לארוחת בוקר טעימה.
talent	**הכשרון** המוזיקלי שלה זוהה כשהייתה בת חמש בלבד.
tax	אזרחים חייבים לשלם **מס** על הכנסתם כדי לתמוך בשירותי הממשלה.
think, thought	היא **חשבה** על הבעיה זמן רב לפני שהחליטה.
thriller	**מותחן** הריגול השאיר את הצופים על קצה הכיסא.
tiny	התינוקת שזה עתה נולדה הייתה כל כך **קטנטנה** שהיא נכנסה בכף יד אחת.
tone	**הטון** של קולו הבהיר שהוא כועס מאוד.
tour	עשינו **סיור** מודרך בחורבות הרומיות העתיקות אתמול.
tourist	אלפי **תיירים** מבקרים במגדל אייפל בכל יום.
tower	**המגדל** הגבוה נראה למרחק מיילים לאורך המישור.
town	**בעיירה** הקטנה היו מכולת אחת וכמה מסעדות.
toxic	החומר הכימי הזה **רעיל** ועלול לגרום למחלה קשה אם בולעים אותו.
tragic	זה היה **טרגי** שכלב המשפחה האהוב שלהם מת כל כך פתאום.
treasure	פיראטים קברו את **האוצר** שלהם במקום סודי באי.
triple	המשכורת שלו **שולשה** אחרי שהוא קודם לתפקיד הבכיר.
twins	**התאומים** נראו כל כך זהים שאף אחד לא הצליח להבדיל ביניהם.
type	אנא **הקלד** את הסיסמה שלך בזהירות כדי שלא תטעה.
ugly	רוב תושבי העיר חשבו שהבניין **מכוער**.
uncle	**דודי** בא לבקר אותנו מחו"ל לחודש.
unique	לכל אדם יש טביעות אצבע **יחידות במינן**, השונות מכל אדם אחר.
unit	**היחידה** הצבאית מוקמה ליד הגבול להגנה.
unlock	אתה חייב **לפתוח** את הדלת עם המפתח או הקוד הנכון.
unsafe	הבניין הוכרז **לא בטוח** וכולם נאלצו להתפנות מיד.
update	**עדכון** התוכנה תיקן כמה באגים שגרמו לקריסות.
upgrade	החלטנו **לשדרג** את מערכת המחשבים שלנו כדי שתתמודד עם יותר עבודה.
use	אין שום **תועלת** בלהתווכח איתו ברגע שהוא החליט.
vacation	בילינו את **החופשה** שלנו בחוף הים בשחייה ובמנוחה.
vegetarian	תזונה **צמחונית** לא כוללת בשר, עוף או דגים מכל סוג.
versions	החברה שחררה שלוש **גרסאות** שונות של התוכנה עבור המשתמשים.
victory	**הניצחון** שלהם במשחק הגמר הפך אותם לאלופים.
virtual	החברה קיימה פגישה **מדומה** כי אנשים עבדו מרחוק.
vote	כל חבר במועדון קיבל **קול** אחד בהצבעה על הכללים החדשים.
warning	תווית **האזהרה** על הבקבוק ציינה שהחומר הכימי מסוכן.
wave	**גל** גדול התנפץ על החוף במהלך הסערה.
weapon	הצייד נשא סכין חדה **כנשקו** היחיד ביער.
weight	**משקלו** עלה אחרי שהפסיק להתאמן ואכל יותר.
while	**בזמן** שהיא עבדה על המחשב הנייד שלה, הוא צפה בטלוויזיה בסלון.
wise	הזקן **החכם** נתן עצות לכל מי שהיה מוכן להקשיב.
wolf (wolves)	**הזאב** יילל אל הירח מעומק היער.
wood	המרפסת נבנתה **מעץ** מטופל שיעמוד בפני מזג האוויר.
worldwide	החברה מפעילה חנויות **ברחבי העולם** ומעסיקה אלפי אנשים.
worry	**הדאגה** המתמדת שלה לגבי כסף השאירה אותה ערה רוב הלילות.
zone	המחסן היה **באזור** מסחרי ליד שדה התעופה.
ability	**היכולת** שלה לדבר חמש שפות הרשימה את כולם בכנס.
above all	**מעל לכל**, עלינו לוודא שכולם נשארים בטוחים ובריאים.
absurd	התירוץ שלו לאיחור היה כל כך **מגוחך** שאף אחד לא האמין לו.
accept	היא סוף סוף החליטה **לקבל** את הצעת העבודה מהחברה.
accident	**תאונת** הדרכים קרתה בצומת העמוס בשעת העומס.
according	**לפי** תחזית מזג האוויר, מחר ירד גשם כבד.
across	הגשר נמתח **לרוחב** הנהר ומחבר בין שתי הערים.
active	היא הייתה כל כך **פעילה** שהיא שיחקה שלושה ענפי ספורט שונים בכל עונה.
actress	**השחקנית** זכתה בפרס על תפקידה בסרט.
adult	**כמבוגרת**, היא הייתה צריכה לקבל החלטות חשובות לגבי עתידה.
adventure	היא חיפשה **הרפתקה** בטיפוס על הרים לבד בקיץ.
agency	**סוכנות** התעסוקה עזרה לה למצוא עבודה מתאימה במהירות.
agreement	הם הגיעו **להסכם** לחלק את שכר הדירה בצורה הוגנת.
alarm	היא חשה **דאגה** כשבנה לא חזר הביתה.
allow	בית הספר **מרשה** לתלמידים להביא ארוחת צהריים מהבית.
anger	התלונות המתמידות שלו עוררו **כעס** בכל מי שסביבו.
arrive	הרכבת **תגיע** לתחנה בעוד חמש דקות.
as a result	התחיל לרדת גשם, **וכתוצאה** מכך הפיקניק בוטל.
attention	הרעש החזק משך את **תשומת** לבם של כולם בכיתה.
attractive	היא הייתה כל כך **מושכת** שזרים עצרו לעיתים קרובות כדי להחמיא למראה שלה.
available	הספר **זמין** בספרייה החל ממחר.
awake	הוא עדיין היה **ער** כשחברו התקשר בחצות.
award	היא זכתה **בפרס** המדע על הפרויקט החדשני שלה.
badly	הוא נפצע **קשה** בתאונת האופנוע בשבוע שעבר.
balance	היא **איזנה** בין העבודה לאחריות המשפחתית בזהירות.
bank	היא הפקידה את המשכורת שלה **בבנק** ליד הדירה שלה הבוקר.
battle	חיילים נלחמו **בקרב** עז על השליטה בעיר.
beard	**הזקן** העבות שלו גרם לו להיראות מבוגר יותר משהיה.
beat	לשיר היה **מקצב** חזק שגרם לכולם לרצות לרקוד.
behavior	המורה שיבחה את התלמידים על **ההתנהגות** הטובה שלהם.
bell	**הפעמון** הישן צלצל בקול רם כדי להכריז על תחילת המצעד.
below	הדירה נמצאת שלוש קומות **מתחת** לגג.
birth	היא **ילדה** תינוק בריא בשבוע שעבר.
bite	הכלב ניסה **לנשוך** את הדוור אבל הגדר עצרה אותו.
blind	הוא **התעוור** אחרי התאונה אבל למד להסתגל.
block	עץ שנפל **חסם** את הכביש אחרי הסערה.
bone	הכלב קבר את **העצם** שלו בגינה האחורית.
border	המטיילים חצו בטעות את **הגבול** בין שתי המדינות.
bottom	**תחתית** האוקיינוס עדיין לא נחקרה ברובה על ידי מדענים.
brave	הכבאי **האמיץ** חילץ את הילד מהבניין הבוער.
built	הם **בנו** את בית החלומות שלהם על מדרון עם נוף להרים.
cancer	גילוי מוקדם של **סרטן** משפר משמעותית את סיכויי ההישרדות.
capture	שומר גן החיות השתמש ברשת גדולה כדי **ללכוד** בבטחה את הקוף שברח.
carefully	היא נשאה **בזהירות** את אגרטל הזכוכית לאורך הרצפה החלקלקה.
carry	הוא **סחב** קופסאות כבדות במעלה המדרגות בלי לבקש עזרה.
castle	**הטירה** העתיקה עמדה על ראש הגבעה במשך יותר מחמש מאות שנה.
cell	כל **תא** בגוף האדם מכיל מידע גנטי.
central	הספרייה **המרכזית** נמצאת בלב העיר.
certainly	היא **בהחלט** תגיע לחתונה בחודש הבא בלי יוצא מן הכלל.
challenge	לימוד שפה חדשה יכול להיות **אתגר** אמיתי למבוגרים.
chapter	**הפרק** הראשון מציג את הדמות הראשית ואת עיר הולדתה.
chase	המשטרה **רדפה** אחרי השודד ברחובות הצפופים.
cheer	הקהל **עודד** בקול רם כשהקבוצה שלו כבשה את שער הניצחון.
childhood	היו לו זיכרונות נפלאים **מהילדות** שלו בכפר.
choice	**בחירת** הצבעים למשרד החדש הייתה קשה.
cigarette	הוא הפסיק לעשן **סיגריות** אחרי אזהרה של רופא לגבי הבריאות.
climb	המטיילים היו צריכים **לטפס** על ההר התלול לפני השקיעה.
coat	היא לבשה **מעיל** חם כי רוח החורף הייתה קרה.
coin	הוא מצא **מטבע** ישן קבור בגינה היום.
colleague	**העמית** שלי הציע לעזור בפרויקט בשבוע הבא.
coma	נפגע התאונה שקע **בתרדמת** למשך כמה ימים.
combat	רופאים עובדים קשה כדי **להילחם** בהתפשטות של זיהומים נפוצים.
comfortable	המזרן החדש **נוח** מאוד לשינה.
command	הגנרל נתן **פקודה** לסגת מיד.
communicate	אנחנו צריכים **לתקשר** את החששות שלנו לצוות ההנהלה.
community	**הקהילה** ארגנה פסטיבל כדי לחגוג את המורשת המשותפת שלה.
competition	הייתה **תחרות** עזה בין שתי החברות על החוזה.
complete	היא **תשלים** את התואר שלה עד הקיץ הבא.
complex	הבעיה המתמטית הייתה **מסובכת** מדי לרוב התלמידים.
concept	**הרעיון** מאחורי המוצר החדש היה חדשני למדי.
condition	**מצב** הבית היה גרוע אחרי שנים של הזנחה.
confirm	אנא **אשרו** את נוכחותכם בפגישה עד מחר.
conflict	**סכסוך** קטן בין שכנים התחיל בגלל גדר שבורה.
content	**תוכן** הספר היה מעניין יותר מהצפוי.
core	**ליבת** התפוח הייתה קשה לאכילה אז זרקתי אותה.
corner	החנות נמצאת **בפינת** רחוב מיין ורחוב חמישי.
cost	**עלות** החופשה הייתה גבוהה יותר משציפינו.
courage	נדרש **אומץ** רב כדי להתבטא נגד ההחלטה הלא הוגנת.
court	**מגרש** הטניס זקוק לצבע חדש לפני הטורניר.
cover	שלג **כיסה** את פסגות ההרים במהלך החורף.
culture	**התרבות** היפנית השפיעה על אמנות ואופנה ברחבי העולם.
cure	הרופא **ירפא** את הזיהום שלו באמצעות אנטיביוטיקה.
curious	הילד **הסקרן** שאל שאלות אינסופיות על איך דברים עובדים.
currently	הוא עובד **כרגע** על ספר חדש על היסטוריה.
customer	**הלקוח** התלונן על איכות השירות הירודה.
daily	היא הולכת הליכה **יומיומית** בפארק לצורך פעילות גופנית.
defend	השוער **הגן** על השער במיומנות ובנחישות.
delay	**עיכוב** הטיסה גרם להם להחמיץ את הטיסה המקשרת.
delivery	**משלוח** החבילה מתוזמן למחר אחר הצהריים.
department	**מחלקת** השיווק יצרה קמפיין פרסום חדש.
describe	הוא התקשה **לתאר** את הטעם המוזר של הפרי האקזוטי.
described	כתבת העיתון **תיארה** את התאונה בפירוט רב.
description	**התיאור** המפורט שלה של הסרט חשף כל תפנית עלילה ודמות.
deserve	הפרס **הגיע לה** בזכות טוב לבה, אף שהוא ניתן למישהו אחר.
dessert	אחרי ארוחת הערב, הם הגישו עוגת שוקולד **לקינוח**.
destiny	יש המאמינים שהגורל שולט **בגורלנו**; אחרים חושבים שאנחנו בוחרים בו.
develop	ערים **מתפתחות** כשיותר עסקים ואנשים עוברים אליהן.
development	**התפתחות** האינטרנט שינתה הכל באופן שבו אנחנו עובדים.
device	היא השתמשה **במכשיר** חימום כדי לשמור על ידיה חמות.
director	**הבמאי** אמר לשחקנים בדיוק איך לבצע כל סצנה.
disappear	הקוסם גרם לארנב **להיעלם** ממש לנגד עיני כולם.
disaster	הסערה הייתה **אסון** שהרס בתים וחוות.
discuss	אנחנו צריכים **לדון** בבעיה הזאת יחד ולשתף את נקודות המבט השונות שלנו.
disease	מלריה היא **מחלה** חמורה המועברת על ידי יתושים נגועים.
display	המוזיאון החליט **להציג** את הפסלים העתיקים בחדר הראשי.
disturb	אל **תפריע** לאחיך בזמן שהוא לומד; הוא זקוק לשקט כדי להתרכז.
drag	הוא היה צריך **לגרור** את המזוודה הכבדה במעלה המדרגות לאט.
dump	הוא החליט **לשפוך** את דלי המים המלוכלכים לתוך הניקוז.
during	הוא ישן **במשך** כל הסרט בבית הקולנוע.
eagle	**הנשר** ריחף גבוה מעל ההרים בחיפוש אחר מזון.
economy	**כלכלה** חזקה יוצרת מקומות עבודה ועוזרת לאנשים להרוויח כסף.
editor	**העורך** עבר על כתב היד והציע שינויים רבים.
education	**השכלה** טובה פותחת דלתות ונותנת לך אפשרויות תעסוקה טובות יותר.
effect	לתרופה היה **אפקט** חיובי מהיר על בריאותה.
effective	התרופה החדשה הייתה **יעילה**; החום שלה נעלם תוך יום אחד.
effort	היא עשתה **מאמץ** גדול לסיים את הפרויקט בזמן.
electricity	אנחנו זקוקים **לחשמל** כדי להפעיל את התאורה, הטלפונים והמכשירים שלנו.
emotion	לראות שוב את חברתה הוותיקה מילא אותה בגל של **רגש**.
engineer	**המהנדס** תכנן את הגשר להיות חזק ובטוח.
entertainment	הבדיחות של הקומיקאי סיפקו **בידור** נהדר לקהל העייף.
entrance	**הכניסה** לבניין הייתה חסומה על ידי ציוד בנייה.
environment	עלינו להגן על **הסביבה** כדי שדורות עתידיים ייהנו ממנה.
equipment	בחדר הכושר היה **ציוד** חדש לאימוני כוח.
especially	ילדים נהנים **במיוחד** לשחק בפארקים בימים חמים.
exact	היא נתנה את הסכום **המדויק** הדרוש לחשבון.
except	כולם הגיעו למסיבה **מלבד** ג'ון, שהיה חולה.
except for	אני נהנה לאכול את רוב הירקות **למעט** תרד, שאני לא אוהב.
exchange	היא החליטה **להחליף** את החולצה במידה גדולה יותר.
excitement	האוהדים הביעו את **התרגשותם** בקפיצות, עידוד וצעקות לאורך כל המשחק המכריע.
exercise	**תרגילים** גופניים סדירים שומרים על הגוף בריא וחזק.
exist	דינוזאורים כבר לא **קיימים**; הם מתו לפני מיליוני שנים.
expect	אנחנו **מצפים** שהחבילה תגיע עד יום שלישי בהתבסס על מידע המעקב.
experiment	התלמידים חזרו בזהירות על **הניסוי** כדי לאשר את התוצאות המפתיעות שלהם.
extraordinary	הכישרון שלה היה **בלתי רגיל**; היא ניגנה בכינור טוב יותר ממקצוענים.
failure	**הכשלון** הפתאומי של הגשר גרם לתנועה להיעצר למשך כמה שעות.
fan	הוא היה **אוהד** גדול של כדורסל וצפה בכל משחק.
farmer	**החוואי** מגדל תירס וחיטה בשדות הגדולים שלו.
fault	היה **פגם** במנוע שגרם לתקלה.
fever	לילד היה **חום** והוא היה צריך לנוח במיטה.
field	חקלאות היא **תחום** הלימוד שלה באוניברסיטה.
financial	בעיות **כספיות** אילצו את החברה לצמצם עלויות.
fishing	הוא נהנה **לדוג** פורלים בנחלי ההרים.
fit	היא שמרה על **כושר** בכך שרצה חמישה מיילים כל בוקר.
flat	הקרקע באזור הזה **שטוחה** מאוד עם מעט גבעות.
flew	המטוס **עף** גבוה מעל העננים במסעו הארוך.
flip	היא אוהבת **לזרוק** מטבע בכל פעם שהיא לא מצליחה להחליט על משהו.
fool	אל תהיה **טיפש**; תמיד חגור חגורת בטיחות ברכב.
for instance	לצמחים מסוימים דרוש צל; **לדוגמה**, שרכים גדלים באופן טבעי מתחת לעצים גבוהים.
foreign	היא למדה שפות **זרות** כולל צרפתית וספרדית.
forgive	אני מקווה שתוכל **לסלוח** לי על האיחור.
form	העננים החלו **ליצור** צורות מעניינות בשמיים.
frame	היא הניחה את התמונה **במסגרת** עץ לתצוגה.
friendship	**החברות** ביניהם נמשכה יותר מארבעים שנה למרות המרחק.
function	**התפקוד** העיקרי של הלב הוא לשאוב דם.
garbage	אנא הוצא את פח **הזבל** לפני שהאוכל הרקוב יתחיל להסריח.
gene	הוא ירש **גן** לשיער אדום מאביו.
generation	**הדור** הזה גדל עם מחשבים וסמארטפונים.
gentle	היא דיברה בקול **עדין** כדי להרגיע את הילד המפוחד.
governor	**המושל** ביקר בבית החולים החדש והודה לרופאים שם.
grade	בתי לומדת **בכיתה** ה' בבית הספר החדש שלה.
grandson	**הנכד** שלה מבקר בכל יום ראשון לארוחת ערב וסיפורים.
guide	שומר הפארק **ידריך** אותנו בבטחה דרך המערה החשוכה.
guilty	חבר המושבעים קבע שהוא **אשם** בפשע.
hall	תלמידים מיהרו ברעש לאורך **המסדרון** הארוך בין שיעורי הבוקר שלהם.
harm	עישון עלול **לפגוע** בריאות שלך ובבריאותך הכללית.
heat	השמש מספקת **חום** ששומר על כדור הארץ חם.
height	**הגובה** של ההר הפך את הטיפוס לקשה מאוד.
highway	התנועה **בכביש הראשי** הייתה תקועה לאורך קילומטרים רבים.
hill	טיפסנו על **הגבעה** כדי לראות את הנוף מלמעלה.
honest	היא נשארה **הגונה** עם הבוס שלה, גם כשהאמת הייתה מביכה.
honor	הטקס נועד **לכבד** את הכבאים האמיצים שהצילו חיים.
host	היא נהנית **לארח** מסיבות ולכנס חברים לארוחת ערב בכל סוף שבוע.
however	מזג האוויר היה גרוע; **למרות זאת**, המשכנו בטיול ברגל בכל זאת.
hunger	הוא לא אכל כל היום והרגיש **רעב** עז עד הערב.
hunt	הוא החליט **לצוד** איילים בהרים בסתיו הזה.
hunter	**הצייד** עקב אחרי החיה הפצועה ביער במשך שעות.
ignore	היא בחרה **להתעלם** מהתגובות השליליות ולהתמקד בעצמה.
ill	הוא **חלה** בחום גבוה ונשאר בבית במקום ללכת לעבודה.
illegal	נהיגה בלי רישיון בתוקף היא **לא חוקית** ברוב המדינות כיום.
image	**התמונה** של השקיעה השתקפה בצורה מושלמת באגם השקט.
imagine	נסה **לדמיין** את עצמך חי באי טרופי מרוחק.
immediately	הוא קיבל את החבילה **ומיד** פתח אותה לבדיקה.
impact	למדיניות החדשה הייתה **השפעה** משמעותית על התפוקה של החברה.
impressive	ההופעה שלה הייתה כל כך **מרשימה** שהקהל קם ומחא כפיים.
in general	**באופן כללי**, חתולים מעדיפים סביבות שקטות ונמנעים מרעשים חזקים.
include	המחיר **כולל** ארוחת בוקר, ארוחת צהריים וסיור אוטובוס בעיר.
incredible	זה היה **מדהים** לראות את הקבוצה מנצחת נגד כל הסיכויים.
independent	היא הפכה **לעצמאית** אחרי שעברה לדירה משלה.
influence	למורים יש **השפעה** חזקה על ההצלחה הלימודית של התלמידים שלהם.
injury	הספורטאי סבל **מפציעה** קשה והחסיר שלושה משחקים.
inner	היא נאבקה בשדים **הפנימיים** שלה ופנתה לעזרה מקצועית.
instant	היא נתנה תשובה **מיידית** להודעת הטקסט הדחופה שלו.
instead	לא היה לנו חלב, אז השתמשתי בשמנת **במקום זאת**.
instead of	**במקום** קפה, הוא הזמין תה לארוחת הבוקר.
intelligence	**האינטליגנציה** שלו עזרה לו לפתור את בעיית המתמטיקה המורכבת.
intense	החום היה כל כך **עז** שאנשים לא יכלו להישאר בחוץ.
introduce	תן לי **להציג** לך את השותפה שלי לדירה מהקולג', שרה.
investigate	המשטרה **חקרה** את השוד ומצאה את התכשיטים הגנובים.
invisible	הכתם היה **בלתי נראה** לעין בלתי מזוינת.
judge	אל **תשפוט** אחרים לפי המראה או הרקע שלהם.
kingdom	**הממלכה** נשלטה בידי מלך חכם וצודק.
kitchen	אמא מכינה את כל הארוחות **במטבח** הגדול.
knees	הוא נפל על **ברכיו** כששמע את החדשות העצובות.
knowledge	**הידע** שלה בהיסטוריה עתיקה הרשים את כל פרופסורי האוניברסיטה.
known	המסעדה הזאת **ידועה** בכך שהיא מגישה את הפיצה הכי טובה בעיר.
lake	**האגם** היפה היה מוקף בעצי מחט גבוהים.
lawyer	**עורכת הדין** הציגה את התיק שלה בפני השופט.
lecture	הפרופסור נתן **הרצאה** ארוכה על אדריכלות רומית עתיקה.
led to	החקירה **הובילה** למעצרם של שלושה חשודים.
license	אתה צריך **רישיון** כדי להפעיל סירת דיג.
limit	**מגבלת** המהירות בכביש המהיר היא שבעים מייל לשעה.
lip	היה לה צלקת על **השפה** העליונה מהילדות.
lower	אתה צריך **להנמיך** את הקול שלך בספרייה.
manage	היא **מנהלת** את המשרד ומפקחת על כל הצוות.
management	**ניהול** טוב הוא חיוני להפעלה מוצלחת של עסק.
mark	הוא השתמש בטוש כדי **לסמן** את הקופסאות למובילים.
marriage	**הנישואים** שלהם נמשכו חמישים שנה לפני מותו הפתאומי.
material	**החומר** של השמלה היה רך וחלק למגע.
medicine	הוא למד **רפואה** שמונה שנים כדי להפוך לרופא.
mention	אל **תזכיר** את מסיבת ההפתעה מול חתן יום ההולדת.
method	**השיטה** שלו לפתרון בעיות מתמטיות חסכה לו הרבה זמן.
military	הוא שירת **בצבא** חמש שנים מחייו.
mirror	היא הסתכלה על עצמה **במראה** כל בוקר לפני העבודה.
monitor	המורה **תשגיח** על ההתקדמות שלך לאורך כל הסמסטר.
mostly	האורחים היו **לרוב** אנשים מבוגרים מהשכונה הסובבת.
movement	**תנועת** העננים רמזה שסופה מתקרבת.
mystery	**התעלומה** של יצירת האמנות הנעדרת הטרידה בלשים במשך שנים.
nation	**האומה** חגגה את יום העצמאות שלה במצעדים וזיקוקים.
nearby	יש מכולת **בקרבת** מקום, במרחק שני רחובות בלבד.
necessary	בגדים חמים **הכרחיים** לשרוד בתנאים ארקטיים.
neighborhood	**השכונה** שלנו בטוחה ומלאה במשפחות ידידותיות.
nervous	היא הרגישה **עצבנית** לפני הנאום הציבורי הראשון שלה מול קהל.
no longer	הוא **כבר לא** מעשן אחרי שהצליח להיגמל בשנה שעברה.
noon	סיכמנו להיפגש **בצהריים** ליד המזרקה.
note	היא כתבה **פתק** על שולחן המטבח לאחיה.
notice	**שמת לב** לציור החדש על קיר הגלריה?
nuclear	תחנות כוח **גרעיניות** מספקות חשמל למיליוני אנשים.
obviously	היא **בבירור** שכחה את המטרייה שלה כי היא נרטבה כולה.
opportunity	להתקבל לקולג' ההוא היה **הזדמנות** מצוינת בשבילה.
opposite	הדירה שלי נמצאת בצד **הנגדי** של הבניין.
organization	**הארגון** ללא מטרות רווח תרם אלפי ארוחות למקלטים לחסרי בית.
pair	היא קנתה **זוג** נעליים חדש לחתונה.
passion	**התשוקה** שלו למוזיקה הובילה אותו להפוך למוזיקאי מקצועי.
patience	היא חיכתה בתור שעתיים בלי לאבד את **הסבלנות**.
patient	היא נשארה **סבלנית** בזמן שחיכתה לתור שלה.
patients	בית החולים שחרר שלושה **מטופלים** שהחלימו מהניתוח.
peaceful	הכפר השלו היה בעל רחובות **שקטים** ושכנים ידידותיים ומחייכים.
performance	**הביצועים** שלה בראיון העבודה עלו על הציפיות של המנהל שלה.
period	הוסף **נקודה** בסוף כל משפט שלם שאתה כותב.
permanent	הוא עשה קעקע **קבוע** על הזרוע שלו שלעולם לא יעמעם.
permission	אתה צריך **רשות** מההורים שלך כדי להישאר בחוץ עד מאוחר.
personality	**האישיות** התוססת שלה עשתה אותה פופולרית אצל כולם בעבודה.
piece	היא ניגנה **יצירת** פסנתר יפה בקונצרט.
pipe	מים זורמים דרך **הצינור** המתכתי מתחת לרחוב.
plant	**הצמח** הירוק על השולחן שלה היה צריך מים כל יומיים.
plate	הוא ערם פירה ועוף על **צלחת** ארוחת הערב שלו.
pleasure	קריאת ספר טוב מביאה לו **תענוג** ושמחה גדולים.
polite	**מנומס** להגיד תודה כשמישהו עוזר לך.
position	היא התאימה את **התנוחה** שלה על הכיסא כדי להיות נוחה יותר.
pot	אני מרתיח מים **בסיר** גדול לפני שאני מבשל את הפסטה.
practice	היא **מתרגלת** בפסנתר במשך שעה בכל יום.
precious	היהלום **היקר** הזה עבר בירושה מסבתא שלי.
pregnant	היא הייתה **בהריון** וצפויה ללדת בחודש הבא.
prevent	חגירת חגורת בטיחות יכולה **למנוע** פציעה קשה בתאונת דרכים.
previous	העבודה **הקודמת** שלו הייתה בבנק במרכז העיר.
pride	הוא חש **גאווה** בעבודה שלו ותמיד ביצע אותה היטב.
priority	הבריאות שלך צריכה להיות **בעדיפות** העליונה שלך בחיים.
prison	הפושע נשלח **לכלא** לחמש שנים.
prize	היא זכתה **בפרס** הראשון בתחרות המדעים.
process	לוקח זמן **לעכל** את כל המידע שאתה מקבל.
product	החברה בדקה את **המוצר** החדש שלה לבעיות איכות.
profit	החברה עשתה **רווח** גדול ממכירת המוצרים האלה.
progress	היא עשתה **התקדמות** בשיעורי האנגלית שלה בכל שבוע.
project	אנליסטים **צופים** שהמכירות יוכפלו בתוך חמש השנים הקרובות.
proof	יש לך **הוכחה** שהוא גנב את הכסף?
protest	אלפי אנשים התאספו כדי **למחות** נגד החוק החדש.
public	הספרייה **הציבורית** חינמית לכל תושבי העיר.
pump	הלב **שואב** דם לכל אורך הגוף שלך.
punish	מורים חייבים **להעניש** תלמידים שמפרים את כללי בית הספר.
pure	זה מיץ תפוזים **טהור** בלי סוכר מוסף.
purpose	**המטרה** של בית הספר היא להכין אותך לחיים.
quarter	הוא שילם על הממתק בשלושה מטבעות של **רבע** דולר ומטבע של עשרה סנט.
rage	**הזעם** שלו היה כל כך עז שהוא זרק חפצים ברחבי החדר.
raise	הם **מעלים** את הדגל בתחילת יום הלימודים.
react	איך המשפחה שלך **הגיבה** כשסיפרת לה את החדשות?
reaction	**התגובה** שלו להפתעה הייתה הלם מוחלט ושמחה.
realize	**הבנתי** ששכחתי את המפתחות שלי בבית.
recent	רעידת האדמה **האחרונה** גרמה נזק למספר בניינים.
recently	**לאחרונה** עברתי לדירה חדשה בצד השני של העיר.
recognize	אני **מזהה** את האישה הזאת משיעור הכימיה שלי בשנה שעברה.
recommend	אני **ממליץ** על המסעדה הזאת כי האוכל שם מצוין.
register	אתה חייב **להירשם** לשיעור לפני המועד האחרון.
release	הם **ישחררו** את הסרט החדש ביום שישי בערב הבא.
religion	אנשים **מדתות** שונות חוגגים חגים ומנהגים שונים.
religious	סבתא שלי היא אדם **דתי** מאוד שמתפלל כל יום.
remote	הם גרים בכפר **מרוחק** בלי חשמל או כבישים.
repair	אנחנו צריכים **לתקן** את החלון השבור לפני החורף.
replace	אתה יכול **להחליף** את הסוללות הישנות האלה בחדשות?
reporter	**העיתונאי** ראיין את המדענית המפורסמת על הגילוי החדש שלה.
represent	היא **מייצגת** את המדינה שלנו בתחרות השחייה הבינלאומית.
request	המורה **ביקש** שכל התלמידים יגישו את שיעורי הבית שלהם.
rescue	הכבאים **הצילו** את החתול מהעץ הגבוה.
research	מדענים עורכים **מחקר** כדי למצוא תרופות חדשות למחלות.
review	היא כתבה **ביקורת** קשה על הסרט החדש.
reward	**כפרס** על התנהגות טובה, הכיתה קיבלה זמן חופשי.
ridiculous	הרעיון הזה **מגוחך** ואף אחד לעולם לא יאמין לו.
rise	השמש **עולה** במזרח כל בוקר.
route	זה **המסלול** המהיר ביותר להגיע לשדה התעופה.
safety	חבישת קסדה חשובה **לבטיחות** שלך על אופניים.
salary	**השכר** שלו עלה אחרי שהוא קיבל קידום למנהל.
sample	המדען לקח **דגימה** של המים לבדיקה.
scare	הרעש החזק **הפחיד** את הילדים וגרם להם לבכות.
schedule	מה **לוח הזמנים** שלך לעבודה לכל השבוע?
screen	אבטחה **סרקה** את כל התיקים לפני שהנוסעים נכנסו לבניין.
script	השחקן שינן את **התסריט** לפני שהצילומים התחילו.
seat	מצאתי **מושב** פנוי ברכבת והתיישבתי.
section	**החלק** לילדים בספרייה מלא בתמונות צבעוניות.
senior	התלמידים **הבוגרים** יוצאים מבית הספר חצי שעה מוקדם יותר.
sensitive	העור **הרגיש** שלה מגיב רע לרוב הכימיקלים החזקים.
sentence	היא סימנה בקו כל **משפט** חשוב בפסקה הארוכה.
shadow	**הצל** של העץ הגבוה כיסה את רוב החצר האחורית עד הערב.
shave	הוא **מתגלח** כל בוקר לפני שהוא הולך לעבודה.
ship	אנחנו נשלח את החבילה שלך מחר בבוקר באמצעות **שליח**.
shy	הילדה **הביישנית** התחבאה מאחורי אמה כשזרים הגיעו.
signal	הוא נתן **אות** יד כדי לומר לנהג לעצור.
signature	אנא כתוב את **החתימה** שלך בתחתית הטופס.
similar	שני הבתים **דומים** מאוד בצבע ובגודל.
simply	היא הסבירה את בעיית המתמטיקה הקשה **בפשטות** כדי שכולם יבינו.
sin	זה היה **חטא** חמור לגנוב מהצדקה שנועדה לעניים.
slow down	הנהג נאלץ **להאט** כשהערפל התעבה.
soul	הנגן שפך את **נשמתו** לתוך כל תו בהופעה.
source	**מקור** הנהר נמצא גבוה בהרים.
southern	האזורים **הדרומיים** של המדינה חווים מזג אוויר חם בהרבה לאורך כל השנה.
space	אסטרונאוטים **בחלל** זקוקים לחליפות מיוחדות כדי לשרוד מחוץ לחללית שלהם.
speech	הנשיא נשא **נאום** עוצמתי כדי להרגיע את האומה המפוחדת.
spell	המכשפה הטילה **כישוף** מסוכן שהקפיא את הכפר כולו.
spirit	**רוח** החוק חשובה יותר מנוסחו המילולי.
square	**לריבוע** יש ארבע צלעות שוות וארבע זוויות ישרות.
stage	**השלב** הראשון בפרויקט כלל איסוף כל הנתונים הנחוצים.
standard	**התקן** הגבוה של בית הספר להתנהגות תלמידים נאכף בקפדנות ובהגינות.
state	הבית הישן היה **במצב** נורא אחרי שנים של הזנחה.
stomach	**הבטן** שלה כאבה מאוד אחרי שאכלה יותר מדי פיצה.
strength	**החוזק** של עץ האלון הישן הדהים את כולם במהלך הסערה.
structure	**המבנה** של הבניין ניזוק ברעידת האדמה האחרונה.
stuck	המכונית **נתקעה** בבוץ אחרי הגשם הכבד.
suffer	הרבה אנשים **סובלים** מאלרגיות בעונת האבקה באביב.
supply	**אספקת** המים הטריים הייתה מוגבלת בבצורת.
surely	**ללא ספק** אף אדם שפוי לא היה משאיר את הבית לא נעול כל הלילה.
surgery	**הניתוח** הצליח ונמשך שלוש שעות.
surrender	היא לא הצליחה להתאפק יותר, ולבסוף החליטה **להיכנע** לתשוקתה לשוקולד.
survive	רוב הצמחים לא יכולים **לשרוד** בלי מים יותר משבועיים.
switch	הוא הפעיל את **המתג** כדי להדליק את אורות המטבח הבהירים.
tale	**הסיפור** הישן על דרקונים ואוצר ריתק ילדים בכל מקום.
target	**המטרה** של החברה הייתה להגדיל את המכירות בחמישים אחוז.
task	**המשימה** שלו הייתה לסדר את כל המסמכים בסדר אלפביתי.
tent	הקמנו את **האוהל** שלנו ליד הנהר לטיול הקמפינג.
theme	**הנושא** של הספר עוסק בכוחה של הסליחה.
thief	הגנב **גנב** את שרשרת היהלומים מתצוגת המוזיאון.
threat	**האיום** של סערות כבדות גרם לביטול האירוע.
throw	הוא החליט **לזרוק** את המגזינים הישנים במקום לשמור אותם.
tie	היא **קשרה** את החבל סביב עמוד העץ כדי לאבטח אותו.
title	**הכותרת** של הסרט סקרנה את הצופים למרות שהייתה מבלבלת.
tongue	**הלשון** שלו נכוותה מהתה החם ששתה מהר מדי.
totally	אני מתנגד **לחלוטין** להחלטה שלך לעזוב את החברה.
track	**מסילת** הרכבת הישנה עברה דרך היער לאורך קילומטרים רבים.
tradition	**המסורת** של אכילת הודו בחג ההודיה מקורה במאות שנים.
traffic	**תנועה** כבדה עיכבה את הגעתנו לשדה התעופה בשעתיים.
train	**הרכבת** יצאה מהתחנה חמש עשרה דקות לפני המועד המתוכנן.
transfer	בית החולים החליט **להעביר** את המטופל למתקן גדול יותר.
transport	החברה משתמשת במשאיות כדי **להוביל** סחורות ברחבי המדינה.
trap	העכבר נפל **למלכודת** שהציב החקלאי.
treatment	**הטיפול** החדש למחלה הראה תוצאות מבטיחות אצל המטופלים.
truck	**משאית** גדולה הביאה ציוד חדש למחסן הבוקר.
truly	היא **באמת** האמינה שעבודה קשה תוביל בסופו של דבר להצלחה.
tube	האחות הכניסה בעדינות **צינור** דק לזרועו של המטופל.
unbelievable	הסיפור **הלא יאמן** על מציאת אוצר התפשט מהר בעיר.
unfair	שיטת הציונים **הלא הוגנת** של המורה הכעיסה את כל התלמידים החרוצים.
unfortunately	**למרבה הצער**, הקונצרט בוטל בגלל מחלתו של הזמר הראשי.
unusual	הבחירה **הבלתי רגילה** שלה להפוך לאמנית קרקס הפתיעה את כל בני משפחתה.
useful	אולר חד הוא כלי **שימושי** מאוד לטיולי קמפינג.
useless	המחשב הישן היה **חסר תועלת** לחלוטין ולבסוף הושלך.
usual	השגרה **הרגילה** שלו הייתה להתעורר, להתאמן ואז לאכול ארוחת בוקר.
value	**הערך** של העתיקה עלה משמעותית במשך שנים רבות.
violence	**האלימות** בסרט הייתה מזעזעת עבור צופים רבים.
violent	הסערה **האלימה** הרסה בתים רבים בעיירת החוף.
visitor	**המבקר** מגרמניה התפעל מהאדריכלות העתיקה והיפה.
visual	האפקטים **החזותיים** בסרט היו מדהימים ובלתי נשכחים.
warn	עליי **להזהיר** אותך מהעיקול המסוכן בכביש.
wear	היא **לבשה** את הג'ינס הכחול האהוב עליה לקונצרט אתמול בלילה.
weather	**מזג האוויר** היה מושלם לפיקניק בפארק.
wedding	מאות חברים ובני משפחה חגגו את **חתונתם**.
wild	החיות **הפראיות** שוטטו בחופשיות במרחבי העשב הפתוחים.
wing	**כנפו** של הציפור נפצעה אך היא עדיין הצליחה לעוף.
activist	**הפעיל** הסביבתי דרש מהעירייה לאסור על שקיות פלסטיק.
actually	הוא **למעשה** סיים את כל הפרויקט ביום אחד בלבד.
additionally	הצוות סיים את הדוח בזמן, **ובנוסף** הוסיף מחקר נוסף.
advantage	**יתרון** מרכזי אחד של המערכת החדשה הוא המהירות המדהימה שלה.
advertisement	**המודעה** הציגה סלבריטי מפורסם שמקדם את המוצר החדש.
advice	**העצה** שלה ללמוד קשה ולישון טוב הייתה מועילה.
aesthetic	הקסם **האסתטי** של המקדש העתיק הדהים את כל המבקרים.
air conditioner	**המזגן** שמר על החדר קריר בקיץ החם.
airline	**חברת התעופה** הודיעה על מסלולים חדשים כדי להרחיב את הרשת האירופית שלה.
all in all	**בסך הכל**, הטיול היה מוצלח למרות כמה בעיות.
amateur	הצלם **החובבן** בכל זאת צילם כמה תמונות מדהימות.
amaze	הטריק של הקוסם **ידהים** את כל הקהל.
among	היא הרגישה בנוח **בקרב** הנגנים המנוסים האחרים.
amount	**כמות** הגשמים הכוללת החודש הייתה גבוהה באופן חריג.
analog	שעונים **אנלוגיים** משתמשים בגלגלי שיניים מכניים מסורתיים, בניגוד למכשירים דיגיטליים מודרניים.
analyze	מדענים חייבים **לנתח** את נתוני הבדיקה כדי להבין מדוע הגשר קרס.
ancient	ארכיאולוגים גילו מטבעות קדומים קבורים עמוק מתחת למקדש האבן **העתיק**.
apart	התאומים סירבו לשבת **בנפרד** בארוחת הערב ונשארו קרובים זה לזה.
appear	עננים כהים **מופיעים** באופק ממש לפני שסערה גדולה מגיעה.
architecture	**האדריכלות** המודרנית של העיר משתמשת בזכוכית ובפלדה במקום בלבנים ישנות.
aristocrat	בהיותו **אציל**, הוא השתתף בנשפים מלכותיים והחזיק כמה אחוזות כפריות.
arrest	המשטרה **תעצור** כל מי שייתפס גונב סחורה מהחנות בלי לשלם.
artistic	הכישרון **האמנותי** שלה הרשים את כולם בתערוכת הצילום בשבוע שעבר.
as many as	**לא פחות** מחמישים אנשים חיכו בתור לכרטיסים לקונצרט אתמול.
as proof of	הוא הציג את הקבלה **כהוכחה** לרכישה שלו בחנות.
aside from	**חוץ** מקפה, אני לא שותה שום משקה חם אחר באופן קבוע.
attitude	**הגישה** החיובית שלה עזרה לה להצליח למרות מכשולים רציניים רבים.
audience	**הקהל** מחא כפיים בקול רם כשהזמרת סיימה את השיר האחרון.
aura	לאלוף הייתה **הילה** של ביטחון שהפחידה את כל יריביו.
author	**הסופר** המפורסם כתב רומנים שהפכו לרבי מכר ברחבי העולם.
authority	לממשלה יש **סמכות** לחוקק חוקים חדשים עבור כולם.
automobile	היא קנתה **כלי רכב** חדש כדי להחליף את המכונית הישנה והמקולקלת שלה.
avoid	רופאים אומרים למטופלים **להימנע** לחלוטין מסוכר ומזון מעובד.
aware	הוא לא היה **מודע** לכך שחברו עבר דירה בסתר.
backward	הרקדנית זזה **לאחור** על הבמה בחן ובמיומנות מפתיעים.
bacteria	**חיידקים** מתרבים מהר במקומות חמים ורטובים כמו חדרי אמבטיה ומטבחים.
beg	הילד התחיל **להתחנן** לגלידה בסופרמרקט.
belong	הספרים האלה **שייכים** לי ואני רוצה שיוחזרו מיד.
benefit	התואר האקדמי שלה התברר **כיתרון** עצום בחיפוש העבודה שלה.
besides	ירד גשם חזק, **ומלבד** זאת לא היה לנו מטרייה.
best-seller	הרומן הזה הפך **לרב מכר** מיידי בחנויות ספרים ברחבי העולם.
beyond	ההרים השתרעו הרחק **מעבר** למה שיכולנו לראות בבירור היום.
bicycle	היא רכבה על **האופניים** שלה לבית הספר במקום לקחת את האוטובוס.
breathe	עליך **לנשום** עמוק ולאט כדי להרגיע את המחשבות הדוהרות שלך.
bright	הצבעים **הבהירים** של השמלה שלה בלטו בחדר החשוך.
brilliant	הפתרון **המבריק** שלו לבעיה הפתיע את כולם בישיבה.
bullet	**הקליע** השאיר חור קטן במטרת המתכת במהלך האימון.
butterfly	**פרפר** צבעוני נחת על הפרח בגינה.
by now	**עד עתה** היית צריך לסיים את כל שיעורי הבית שלך.
calculate	מהנדסים חייבים **לחשב** את המשקל המדויק לפני בניית הגשר.
calculator	הוא תפס את **המחשבון** שלו כדי לפתור את בעיית המתמטיקה המורכבת.
campaign	החברה השיקה **מסע** פרסום כדי לקדם את הסמארטפון החדש שלה.
cast	הדייג **השליך** את הרשת שלו רחוק אל תוך מי האוקיינוס.
casual	הוא לבש בגדים **יומיומיים** כמו ג'ינס וחולצת טי לעבודה.
cave	חוקרים גילו ציורים עתיקים בתוך **מערה** חשוכה.
caviar	**הקוויאר** היקר עלה יותר משבוע של קניות מזון.
century	הטירה ההיא נבנתה לפני יותר **ממאה** שנה.
certain	אני **בטוח** שתצליח אם תשתדל מאוד.
character	הסיסמה חייבת לכלול לפחות **תו** מיוחד אחד ומספר.
charge	הרופא **גבה** חמש מאות דולר עבור הניתוח.
chief	**ראש** השבט החליט להעביר את השבט לשטחי ציד טובים יותר.
citrus	תפוז ולימון הם פירות **הדר** עתירי ויטמין סי.
claim	הוא **טען** שהוא חף מפשע למרות הראיות נגדו.
class	המשפחה העשירה השתייכה **למעמד** העליון בחברה שלה.
clever	השועל **הפיקח** הערים על הצייד וברח מהמלכודת.
coach	**מאמן** הכדורסל לימד את הקבוצה אסטרטגיות חדשות בכל אימון.
coast	**בחוף** הסלעי היו גלים ענקיים שהתנפצו על הצוקים.
cognitive	פתרון חידות וקריאת ספרים יכולים לשפר את הכישורים **הקוגניטיביים** של ילד.
common	עיניים כחולות **נפוצות** בקרב אנשים ממדינות צפון אירופה.
compete	ספורטאים רבים **מתחרים** כדי לזכות בפרס הראשון באליפות הלאומית.
components	למחשב יש הרבה **חלקים** שעובדים יחד בפנים.
conference	מנהיגים עסקיים השתתפו **בוועידה** כדי לדון בנושאים כלכליים עולמיים.
confuse	ההסברים הלא ברורים שלו **בלבלו** את רוב התלמידים בכיתה.
confusion	שרר **בלבול** מוחלט כששלוש רכבות הגיעו בבת אחת.
consider	כדאי **שתשקול** את ההצעה שלו לפני שתקבל את ההחלטה הסופית שלך.
context	**ההקשר** של המשפט עזר לי להבין את המילה הקשה.
continuation	הסרט הבא היה **המשך** לעלילה מהסרט הראשון.
contract	היא חששה שהיא עלולה **להידבק** בשפעת מהעמית החולה שלה.
contrast	הצבע הלבן היה **בניגוד** חד לקירות הכהים.
convince	הראיות שלה היו חזקות מספיק כדי **לשכנע** את חבר המושבעים בחפותה.
coordination	**קואורדינציה** טובה בין הידיים לעיניים חיונית לספורט.
coordinator	**המתאם** ארגן את האירוע ווידא שהכול פועל כשורה.
copies	היא עשתה **עותקים** של המסמכים החשובים לפני שעזבה את המשרד.
cosmopolitan	ניו יורק היא עיר **קוסמופוליטית** עם אנשים ממדינות רבות.
count	תן לי **לספור** את הכסף כדי לוודא שיש לנו מספיק.
course	בארוחת הערב היו שלוש **מנות**: מרק, דג וקינוח.
crack	**סדק** הופיע בקיר אחרי רעידת האדמה הקטנה.
creator	**היוצר** של משחק הווידאו הפך לעשיר ומפורסם מאוד.
creature	**יצור** מוזר יצא מהיער החשוך בלילה.
curse	נאמר **שהקללה** של הזקן מביאה מזל רע לנצח.
customize	הוא **התאים אישית** את האופניים שלו כשצבע אותם בכחול והוסיף כידון חדש.
dare	אני **מאתגר** אותך לאכול חמישה פלפלים חריפים בלי מים.
decorative	המסגרת **הקישוטית** גרמה לתמונה הפשוטה להיראות אלגנטית יותר.
deeply	היא הייתה **מאוד** מאוהבת בו למרות ההבדלים ביניהם.
deer	**איל** קפץ מעבר לכביש מול המכונית.
deliver	השליח **ימסור** לך את החבילה עד הצהריים מחר.
depend on	העתיד שלו **תלוי** בכישורי הלימוד ובעבודה הקשה שלו.
desire	היא חשה **תשוקה** עזה לטייל ברחבי אירופה יום אחד.
desperate	הוא היה **נואש** למים אחרי שהלך במדבר.
despite	**למרות** הפציעה שלה, היא סיימה את המרוץ בנחישות.
dimension	הזמן מכונה לעיתים קרובות **המימד** הרביעי בפיזיקה.
disadvantage	גובה הוא **חסרון** בהתעמלות אך שימושי בכדורסל.
disagreement	**חוסר הסכמה** בנוגע לכסף סיים את חברותם הארוכה.
discoveries	**תגליות** עתיקות במצרים לימדו אותנו על בניית הפירמידות.
divide	היא **חילקה** את הפיצה לארבעה חלקים שווים לכולם.
divorce	הזוג החליט **להתגרש** אחרי עשר שנים של אומללות.
dominate	הקבוצה המנצחת **שלטה** בכל משחק במהלך העונה.
donate	אנא **תרמו** את הבגדים הישנים שלכם לצדקה במקום לזרוק אותם.
doubt	יש לי קצת **ספק** אם הוא סיפר את כל האמת.
due to	האירוע בוטל **בגלל** גשם כבד ומזג אוויר גרוע.
dust	**אבק** כיסה לאט לאט את הרהיטים הישנים בבית הנטוש.
duty	זו **חובתך** לעזור לאנשים כשהם מתקשים.
earn	היא **מרוויחה** משכורת נוחה מהעבודה שלה בבנק.
earthquake	**רעידת האדמה** פגעה בבניינים ושיבשה חיים ברחבי האזור.
edge	היזהר ליד **קצה** הצוק התלול שם למעלה.
either... or...	אתה יכול לבחור **או** תה **או** קפה לארוחת הבוקר.
empathy	היא הפגינה **אמפתיה** כשהקשיבה לסיפור העצוב של חברתה.
emperor	**הקיסר** שלט באימפריה עצומה עם מיליוני נתינים.
enable	הטכנולוגיה המודרנית **מאפשרת** לנו לתקשר עם אנשים בכל העולם באופן מיידי.
enzyme	**אנזימים** מסייעים לפרק את המזון במהלך תהליך העיכול.
epic	**האפוס** העתיק מספר את סיפורו המדהים של המסע הארוך של הגיבור.
epidemic	במהלך **המגיפה**, בתי החולים היו עמוסים בחולים במצב קשה.
ethical	זה **אתי** להתייחס לכל בני האדם באדיבות ובכבוד.
even	**אפילו** הילדים הקטנים ביותר הבינו את הסיפור הפשוט והברור של הסרט.
even so	היה קר מאוד בחוץ; **אף על פי כן**, היא שיחקה בשלג.
eventually	אחרי שנים של לימוד קשה, היא הפכה **לבסוף** לרופאה מצליחה.
evidence	**הראיה** בזירה הוכיחה שהוא חף מפשע לחלוטין.
evolve	מינים **מתפתחים** לאט על פני מיליוני שנים כדי להסתגל לסביבתם.
examination	היא למדה שבועות כדי להתכונן **לבחינה** הסופית הקשה.
examine	הרופא **בחן** את הגרון שלה כדי לראות אם הוא נגוע.
excite	החדשות על מסיבת ההפתעה **ריגשו** מאוד את הילדים הקטנים.
exclusive	רק חברים עם הזמנות מיוחדות יכולים להיכנס למועדון **הבלעדי** הזה.
expectations	**הציפיות** שלה מהעבודה החדשה היו גבוהות אך ריאליות.
explore	מדענים **חוקרים** מערות כדי להבין את החיים במערכות האקולוגיות התת-קרקעיות.
explosive	יש לטפל **בחומרי נפץ** בזהירות ובבטיחות מרביות.
export	יפן **מייצאת** מכוניות איכותיות למדינות ברחבי העולם.
external	תנאים **חיצוניים** כמו מזג האוויר משפיעים על האופן שבו צמחים גדלים ומתפתחים.
factor	**גורם** חשוב אחד בהצלחה הוא שמירה על גישה חיובית.
fairy	**הפיה** נופפה בשרביטה הקסום ונעלמה ביער.
fairytale	**האגדה** סיפרה על נסיכה כלואה במגדל גבוה.
faith	הייתה לה **אמונה** שהכול יסתדר בסוף.
fall apart	הבניין הישן החל **להתפרק** ממים ומריקבון.
familiar	הוא זיהה מיד את הקול **המוכר** של חברו הכי טוב מהילדות.
fatal	התאונה **הקטלנית** הרגה את הנהג במקום ופצעה שני נוסעים.
fate	ברגע שקיבלו את ההחלטה הזו, **גורלם** נחתם לעד.
favor	תוכל לעשות לי **טובה** ולעזור לי לעבור דירה מחר?
fiction	היא מעדיפה לקרוא **ספרות בדיונית** על פני ספרי היסטוריה המבוססים על אירועים אמיתיים.
filmmaker	**יוצרת הסרטים** בילתה שלוש שנים בבימוי סרטה העצמאי הראשון.
fingerprint	המשטרה מצאה **טביעת אצבע** בזירת הפשע על החלון.
flavor	היא הוסיפה בזיליקום טרי כדי **לתבל** את רוטב העגבניות בצורה נעימה.
flexible	הגומייה **הגמישה** יכולה להימתח הרבה בלי להישבר בקלות.
folklore	**הפולקלור** כולל מיתוסים ואגדות שעוברים מדור לדור במסורת.
fork	השתמש **במזלג** כדי לאכול את הסלט, לא בכף גדולה.
formal	ארוחת ערב **רשמית** מחייבת בגדים נאים ונימוסים מצוינים.
fortune	**במזל** גדול, היא מצאה את הטבעת שאיבדה.
from time to time	**מפעם לפעם**, אנחנו מבקרים את קרובי המשפחה שלנו בכפר.
frustration	**התסכול** שלו גבר ככל שהמחשב המשיך לקרוס שוב ושוב.
fundamental	קריאה וחשבון הם כישורים **בסיסיים** לכל התלמידים.
further	הלכנו **רחוק יותר** לאורך החוף כדי למצוא מקום שקט.
generally	**באופן כללי**, אנשים מעדיפים ימים שמשיים על פני מזג אוויר קר וגשום.
generate	טורבינות רוח **מייצרות** חשמל עבור אלפי בתים מקומיים.
generated	המפעל **יצר** טונות של פסולת שזיהמה את הנהר.
genre	מדע בדיוני הוא **הז'אנר** האהוב עליה בזכות סיפורי ההרפתקאות.
given	**בהינתן** הנסיבות הקשות, היא קיבלה את ההחלטה הטובה ביותר האפשרית.
glitch	**תקלה** בתוכנה גרמה לתוכנית לקרוס.
grammatical	החיבור שלה היה תקין מבחינה **דקדוקית**, אך הרעיונות הרגישו לא מסודרים ולא ברורים.
grand	המלון **המרשים** הציע חדרים יפים ושירות מצוין.
Gulf War	**מלחמת המפרץ** התרחשה בתחילת שנות ה-90 והסתיימה במהירות.
handle	היא **התמודדה** עם המשבר בשלווה ופתרה את כל הבעיות בהצלחה.
heartbeat	אתה יכול להרגיש את **הדופק** שלך אם תניח את היד על החזה.
hint	הוא נתן לה **רמז** מועיל על מסיבת יום ההולדת המפתיעה.
historian	**ההיסטוריון** כתב ספר מפורט על החיים ברומא העתיקה.
hold back	אל **תדחיק** את הרגשות שלך; טוב לבטא את עצמך.
horn	**הצופר** של המכונית הזהיר הולכי רגל שהנהג מתקרב.
humorous	הבדיחות **ההומוריסטיות** שלו גרמו לכולם במסיבה לצחוק בקול רם.
hybrid	המכונית היא **היברידית** שפועלת הן על חשמל והן על בנזין.
iceberg	הספינה נמנעה **מהקרחון** הענק שצף במי הארקטיקה.
illusion	הקוסם יצר **אשליה** שגרמה למטבע להיעלם.
importance	הרופא הסביר את **החשיבות** של שתיית מספיק מים בכל יום.
improve	תרגול יומי **ישפר** את הכישורים שלך משמעותית עם הזמן.
in addition	המרק היה טעים; **בנוסף**, הלחם היה טרי להפליא.
in particular	אני אוהב הרבה ירקות, **במיוחד** גזר וברוקולי.
incident	**תקרית** קלה עיכבה את הטיסה, אך איש לא נפגע.
indeed	הסרט הזה היה **בהחלט** אחד הטובים שראיתי.
independence	אחרי שנים של עבודה קשה, היא השיגה סוף סוף **עצמאות** כלכלית.
innocent	הילד **התמים** לא הבין את המצב המסובך.
insect	**חרק** זעיר זחל על שביל הגינה הבוקר.
inspire	סיפור ההצלחה שלה **יעורר השראה** אצל צעירים רבים לרדוף אחר חלומותיהם.
instantly	החדר האיר **מיד** כשהפעלתי את מתג האור.
instrument	הגיטרה היא **כלי** נגינה שדורש תרגול.
insurance	**ביטוח** רכב מגן עליך מתיקונים יקרים.
interact	תלמידים **מתקשרים** זה עם זה במהלך פרויקטים קבוצתיים בכיתה.
introduction	**ההקדמה** של הספר מסבירה בבירור את הרעיונות המרכזיים של המחבר.
irregular	הדופק שלו היה **לא רגיל**, ולכן הוא ביקר אצל הרופא.
issue	שינויי האקלים הם **נושא** חשוב שמשפיע על כולם ברחבי העולם.
label	לכל בקבוק יש **תגית** שמציגה את התוכן ואת המחיר.
laboratory	המדען ביצע ניסויים **במעבדה** כל יום.
layer	**שכבה** עבה של שלג כיסתה את הקרקע אחרי הסערה.
lead, led	המורה **הוביל** את התלמידים בסיור במוזיאון.
leadership	**מנהיגות** חזקה חיונית לניהול כל חברה מצליחה.
leaf (leaves)	**עלה** ירוק בודד נשר מהעץ בסתיו.
legend	**האגדה** מספרת שדרקון שמר פעם על ההר הזה.
length	**אורך** החבל היה בדיוק עשר רגל.
likely	**סביר** שירד גשם מחר לפי תחזית מזג האוויר.
load	עובדים **מעמיסים** את המשאית בקופסאות לפני היציאה.
logic	**ההיגיון** שלה לבחירת האפשרות הזו היה מובן לחלוטין.
loyalty	הכלב הפגין **נאמנות** רבה לבעליו.
major	השיר עבר מסולם מינור עצוב לסולם **מז'ור** בהיר.
march	חיילים **צועדים** במסדר לאורך הרחוב במהלך המצעד.
marketing	מחלקת **השיווק** השיקה קמפיין פרסום חדש.
mass	**המון** אנשים התאסף מחוץ לאצטדיון לקראת ההופעה.
mate	**החבר** שלי עזר לי לשאת את הקופסאות הכבדות במעלה המדרגות.
maximize	עלינו **למקסם** את הרווחים שלנו על ידי צמצום עלויות מיותרות.
mercy	השופט גילה **רחמים** כשהפחית את עונשו של הפושע.
mind	**שים לב** לרווח כשאתה יורד מהרכבת.
minimize	נסה **למזער** את הנזק על ידי פעולה מהירה עכשיו.
minister	**שר** החינוך ביקר בבית ספר מקומי כדי לפתוח ספרייה חדשה.
miracle	מדענים כינו את החלמת המטופל **נס** רפואי אמיתי.
missile	הצבא בדק אתמול את מערכת **הטילים** החדשה.
mode	למצלמה יש **מצב** לצילום בחושך.
monument	**האנדרטה** ניצבת במרכז כיכר העיר.
motif	**מוטיב** הפרחים מופיע לאורך כל טפט הקיר.
motivate	מורים טובים **מדרבנים** את התלמידים שלהם לעבוד קשה.
mountaintop	**מפסגת** ההר, אפשר היה לראות למרחקים גדולים סביב.
mouse (mice)	**עכבר** רץ מהר על רצפת המטבח.
narrow	המסדרון **הצר** חייב אותנו ללכת בטור עורפי.
navigate	השתמשתי בטלפון שלי כדי **לנווט** בעיר הלא מוכרת.
nickname	**הכינוי** שלו היה טיגריס כי הוא היה תחרותי מאוד.
not only... but also...	היא **לא רק** חכמה **אלא גם** אדיבה מאוד.
not... but...	הקיר הוא **לא** אפור **אלא** גוון בהיר מאוד של כחול.
numeric	הקוד **המספרי** על החבילה מכיל מידע חשוב.
nut	היא פיצחה את **האגוז** בכלי מתכת מיוחד.
object	**פריט** לא מזוהה צף בבריכת השחייה.
olive	עצי **הזית** צמחו ברחבי אזור הים התיכון.
on one hand...on the other hand	**מצד אחד** העבודה משתלמת; **מצד שני** היא מלחיצה.
operation	היא זקוקה **לניתוח** כדי לתקן את הברך הפצועה שלה.
opposition	**התנגדות** חזקה עלתה בקרב השכנים לתוכנית לחניון החדש.
organize	אנחנו צריכים **לארגן** את הקבצים האלה לפי תאריך ונושא.
otherwise	תתעורר מוקדם, **אחרת** תפספס את רכבת הבוקר.
overall	האיכות **הכוללת** של הארוחה הייתה מצוינת.
owe	אני **חייב** לחבר שלי עשרים דולר מארוחת הצהריים שלנו אתמול.
painter	**הצייר** המפורסם הציג את עבודתו בגלריה.
pardon	השופט העניק לאיש הזקן **חנינה** על עבירתו הקלה.
party	**המפלגה** הפוליטית החדשה קיימה את המפגש הציבורי הראשון שלה בשבוע שעבר.
pathology	דוח **הפתולוגיה** אישר שהגידול אינו סרטני.
penalty	השופט נתן בעיטת **עונשין** לקבוצה היריבה.
pigment	**פיגמנט** אדום משמש לצביעת סוג הצבע הזה.
post	החברה **מינתה** אותה לסניף חדש בעיר אחרת.
prank	התלמידים עשו **מתיחה** למורה שלהם היום.
predator	האריה הוא **טורף** עז שצד זברות.
pregnancy	היא סבלה מבחילות בוקר קשות בחודשים הראשונים של **ההריון** שלה.
preparation for	**ההכנות לקראת** ההופעה דרשו שבועות של תרגול קשה.
presence	**נוכחותה** בחדר גרמה לכולם להרגיש רגועים.
pretend	ילדים לעיתים קרובות **מעמידים פנים** שהם גיבורי על כשהם משחקים בחצר.
previously	דנו בנושא הזה **לפני כן** בפגישה של החודש שעבר.
priest	**הכומר** ערך את טקס החתונה בכנסיית האבן העתיקה.
prime	הסיבה **העיקרית** לפגישה הייתה לדון בקיצוצים בתקציב.
primitive	בני אדם **קדומים** צדו חיות בעזרת כלי אבן וחניתות פשוטים.
propaganda	הפרסומות של החברה היו **תעמולה** טהורה שהגזימה ביתרונות המוצר.
proper	לבישת לבוש עסקי **הולם** נדרשת בראיון העבודה.
properly	עליך לשטוף את הידיים **כראוי** לפני בישול או אכילה.
prove	המדען **הוכיח** שהתאוריה שלו נכונה באמצעות ניסויים קפדניים.
provide	הורים חייבים **לפרנס** את ילדיהם על ידי עבודה קשה.
publish	הסופרת **פרסמה** את הרומן שלה אחרי שעבדה עליו חמש שנים.
purchase	**קניתי** מחשב נייד חדש לצורכי עבודה אתמול.
quite	החוף היה **די** צפוף בתקופת חופשת הקיץ.
quote	היא פתחה את החיבור שלה **בציטוט** מפורסם של משורר.
race	הרצים התכוננו **למרוץ** באמצעות מתיחות וחימום.
raid	הילדים ערכו **פשיטה** על העוגיות במטבח בזמן שההורים ישנו.
rainfall	**ירידת הגשמים** בשבוע שעבר הייתה חזקה מספיק כדי לגרום להצפות.
rainstorm	**סערת גשמים** פתאומית אילצה אותנו לבטל את הפיקניק בחוץ.
randomly	המורה בחרה **באקראיות** תלמידים שיענו על שאלות בכיתה.
range	בית הספר מציע **טווח** רחב של ענפי ספורט וחוגים.
rank	היא זכתה **בדרגת** קפטן אחרי ששירתה בצבא.
rapid	לנהר היו זרמים **מהירים** שהפכו את החצייה למסוכנת מאוד.
rather than	אני מעדיף תה **במקום** קפה בבוקר.
rational	הגישה **ההגיונית** שלו לבעיה עזרה לפתור אותה במהירות.
ray	**קרן** אור שמש חדרה דרך החלון אל תוך החדר.
reader	**הקורא** סיים את הספר תוך יומיים בלבד.
rebel	**המורד** סירב לציית לכללים המחמירים של הפנימייה שלו.
reborn	לאחר ההחלמה הוא הרגיש **נולד מחדש** עם חשק חדש לחיים.
recordings	**ההקלטות** של הקונצרט שוחררו כאלבום.
recycle	אנחנו **ממחזרים** נייר, פלסטיק וזכוכית כדי לשמור על הסביבה.
recycling	**מחזור** עוזר לצמצם פסולת ולשמר משאבי טבע.
redhead	**הג'ינג'ית** בלטה בקהל עם שיערה האדום הבוהק.
reduce	עלינו **להפחית** הוצאות השנה על ידי קיצוץ עלויות מיותרות.
reform	**הרפורמה** החינוכית החדשה שינתה את אופן הוראת המתמטיקה בבתי הספר.
regret	אני **מתחרט** שלא התקשרתי לסבתא שלי לפני שעברה דירה.
regularly	היא מתאמנת **באופן קבוע** שלוש פעמים בשבוע בחדר הכושר.
relations	**היחסים** העסקיים בין שתי החברות משתפרים.
reorganize	**ארגנו מחדש** את הקבצים כדי שיהיה קל יותר למצוא אותם.
replacement	**המחליף** שלו התחיל לעבוד בחברה ביום שני.
replica	המוזיאון הציג **העתק מדויק** של הפסל היווני העתיק.
reply	היא **השיבה** למייל שלו תוך שעה מרגע קבלתו.
resource	מים הם **המשאב** הטבעי החשוב ביותר שלנו להישרדות.
rest	אחרי הנסיעה הארוכה היא נזקקה **למנוחה** כדי להתאושש.
retroactive	העלאת השכר הייתה **רטרואקטיבית** לינואר של השנה הזו.
rhythm	למוזיקה היה **קצב** חזק שגרם לאנשים לרקוד.
rough	המשטח **המחוספס** של האבן פצע את עורו.
ruin	החלטות גרועות **הרסו** את סיכוייו לקבל עבודה טובה.
sacrifice	הורים **מקריבים** את זמנם וכספם למען ילדיהם.
savanna	חיות בר רבות חיות **בסוואנה** האפריקאית.
seafood	היא הזמינה **פירות ים** במסעדה כי היא אוהבת דגים.
seeds	חקלאים שותלים **זרעים** באביב כדי לגדל יבולים.
seek	המשטרה **מחפשת** מידע על האדם הנעדר.
segment	**הקטע** האחרון של התוכנית כלל ראיונות מפתיעים עם הזוכים.
select	תלמידים **בוחרים** באילו שיעורים הם רוצים ללמוד בשנה הבאה.
selective	הוא **סלקטיבי** לגבי הסרטים שהוא צופה בהם.
self-confidence	**הביטחון העצמי** שלה גדל ככל שתרגלה בפסנתר.
separately	הבנים והבנות אכלו ארוחת צהריים **בנפרד** באזורים שונים.
separation	**ההפרדה** בין שתי הקבוצות גרמה להן להרגיש לא מרוצות.
several	**כמה** ציפורים בנו קנים על עץ האלון הישן באביב הזה.
share	הוא מחזיק **מניה** בחברה בשווי מיליון דולר.
shelf (shelves)	**המדף** במטבח החזיק צלחות וכלים רבים.
shift	היא עובדת **במשמרת** הלילה בבית החולים.
side effect	התרופה עזרה למחלתו אך גרמה **לתופעות לוואי** לא נעימות.
sight	**הראייה** שלו השתפרה מאוד אחרי שהרופאים ניתחו את עינו הפגועה.
significantly	הטמפרטורה עלתה **באופן משמעותי** במהלך חודשי הקיץ.
silently	החתול זחל **בשקט** דרך החדר החשוך.
slavery	**העבדות** בוטלה בארצות הברית בשנת אלף שמונה מאות שישים וחמש.
so long as	אתה יכול להישאר כאן **כל עוד** אתה מציית לכללים.
sound	**קול** האזעקה העיר את כולם בבניין.
speaker	**הדובר** בכנס היה מדען מפורסם.
spice	היא הוסיפה **תבלין** למרק כדי לשפר את הטעם שלו.
spot	היה **כתם** לכלוך על חולצתו הלבנה.
spread	האש **התפשטה** במהירות דרך הבניין העץ הישן.
stadium	אלפי אוהדים מילאו את **האצטדיון** כדי לצפות במשחק.
stamina	רצי מרחקים ארוכים זקוקים **לסיבולת** רבה כדי לסיים את המרוץ.
statement	**ההצהרה** של החברה התייחסה לתלונות לקוחות על משלוחים מאוחרים.
stock	החנות שומרת **מלאי** גדול של בגדי חורף.
storage	אנחנו זקוקים ליותר מקום **אחסון** לכל הקופסאות האלה.
study	**המחקר** שלו הראה שפעילות גופנית משפרת את הבריאות הנפשית.
subject	**הנושא** של השיעור היום הוא ההיסטוריה של מצרים העתיקה.
sundown	עלינו לחזור לפני **השקיעה** אחרת נהיה תקועים.
surface	**פני השטח** של האגם היו חלקים ושקטים.
surprisingly	החדשות הגיעו במהירות **מפתיעה**, מה שהדהים את כולם באותו ערב.
suspect	**החשוד** העיקרי בשוד נעצר מחוץ למוזיאון.
symbolize	היונה **מסמלת** שלום בהרבה ספרים, סרטים ויצירות אמנות.
symmetry	**הסימטריה** המושלמת של הבניין הראתה עיצוב זהה משני הצדדים.
symptom	חום הוא **סימפטום** נפוץ כשמישהו חולה בשפעת.
syndrome	**תסמונת** דאון משפיעה על האופן שבו גופו ומוחו של ילד מתפתחים.
tact	היא השתמשה **בטקט** כדי לספר לחברתה שהשמלה לא הלמה אותה.
take place	הקונצרט **יתרחש** בעיר ביום שישי הבא בערב.
teach, taught	סבתי **לימדה** אותי לבשל לפי המתכונים הסודיים שלה.
terms	מדענים משתמשים **במונחים** ספציפיים רבים שקשה למתחילים להבין.
texture	**המרקם** של הקטיפה מרגיש חלק להפליא תחת האצבעות.
theoretically	**תיאורטית** התוכנית יכולה לעבוד, אבל החיים האמיתיים מציבים בעיות.
therefore	אתמול ירד גשם, **ולכן** משחק הכדורגל נדחה למחר.
though	מריה סיימה את החיבור שלה מוקדם; היא הרגישה עייפה מאוד, **למרות זאת**.
tight	הנעליים האלה כל כך **הדוקות** שהאצבעות שלי כואבות כשאני הולך.
timeline	**ציר הזמן** הראה שהפרויקט שלנו לקח בדיוק שנתיים להשלמה.
to sum up	**כדי לסכם**, אנחנו זקוקים ליותר כסף וזמן בשביל זה.
topic	**נושא** הכיתה שלנו החודש הוא קריאת ספרים קלאסיים וניתוחם.
trade	מדינות **סוחרות** בנפט ובחיטה כדי להשיג משאבים שהן צריכות.
trance	ההיפנוטיזר הכניס את המתנדב **לטראנס** באמצעות קולו.
transform	זחל **יהפוך** לפרפר תוך שבועות ספורים בלבד.
translate	תוכל **לתרגם** לי את המכתב הזה מיפנית לאנגלית?
translator	**המתרגם** עבד כל הלילה כדי לסיים את התרגום.
transportation	**תחבורה** ברכבת זולה ויעילה להעברת אנשים רבים.
treat	ההורים שלי **מתייחסים** אליי כמו למבוגר כשאני מגלה אחריות.
tropical	לציפורים **טרופיות** יש צבעים בהירים והן חיות באזורים חמים מאוד.
unclear	ההוראות שלו היו כל כך **לא ברורות** שכולם הרגישו אבודים ומבולבלים.
uniform	**מדים** צבאיים מבטיחים שכל החיילים ייראו זהים ומקצועיים.
unite	שתי החברות החליטו **לאחד** כוחות ולהפוך לעסק אחד חזק יותר.
universe	מדענים חוקרים את **היקום** כדי להבין כוכבים, גלקסיות וחלל.
unofficial	הדוח **הבלתי רשמי** רמז על בעיות חמורות, אך ההנהלה הכחישה הכול.
unorganized	השולחן שלו היה כל כך **לא מאורגן** שהוא איבד מסמכים חשובים.
unrealistic	התוכנית שלך **לא מציאותית** כי אין לך מספיק כסף.
unwanted	כמה אורחים **לא רצויים** הופיעו במסיבה בלי הזמנה.
vaccine	**חיסון** מגן על ילדים מפני מחלות רציניות.
valley	**העמק** שבין ההרים היה ירוק ומלא עצים.
variation	כל רקדנית ביצעה **וריאציה** ייחודית משלה על הריקוד המסורתי.
vegetable	גזר הוא **ירק** שגדל מתחת לאדמה בגינות.
vehicle	מכונית היא **כלי רכב** המשמש לתחבורה בכל יום.
verbal	יש לתעד בכתב את ההסכם **המילולי** כדי למנוע חילוקי דעות.
veteran	השחקן **הוותיק** הופיע על הבמה במשך חמישים שנה בהצלחה.
victim	**קורבן** השוד דיווחה למשטרה מה איבדה.
view	**דעתי** היא שהמסעדה הזו מגישה את האוכל הטוב ביותר.
villain	**הנבל** בסיפור ניסה לגנוב את היהלום היקר.
wagon	האיכר טען חציר על **העגלה** להובלה אל האסם.
waste	אל **תבזבז** זמן על משחקי מחשב כשאתה צריך ללמוד.
waterfall	**המפל** צנח מגובה של עשרות מטרים אל תוך בריכת מים.
weaken	חוסר שינה **יחליש** את גופך וישפיע על החשיבה שלך.
whale	**לווייתן** כחול גדול מכל חיה אחרת החיה על היבשה.
whenever	**בכל** פעם שתבקר, אנא הבא את משפחתך להיפגש איתנו.
wherever	**לא משנה לאן** תיסע, זכור לשמור על עצמך ולהשגיח על המזוודות שלך.
whom	את **מי** ראית במסיבה אתמול בלילה, שרה?
whose	**של מי** הספר הזה שמונח על השולחן ליד החלון?
willing	אני **מוכן** לעזור לך לעבור דירה אם תזדקק לסיוע.
witness	האם היית **עד** לתאונת הדרכים שקרתה ברחוב?
wonder	אני **תוהה** אם היא תגיע למסיבה או לא.
woods	הילדים הלכו לאיבוד **ביער** במהלך טיול הליכה.
worm	אחרי הגשם, **תולעת** ורודה זחלה לאט על המדרכה הרטובה.
abroad	היא למדה **בחו"ל** בצרפת במשך שנה שלמה במהלך הלימודים.
absent	הוא **נעדר** מבית הספר אתמול כי הוא היה חולה.
absolute	זה היה אסון **מוחלט** כשכל החשמל קרס.
acceptable	העבודה שלך **מקובלת**, אף שאתה יכול עדיין לשפר את האיכות.
achieve	היא **השיגה** את מטרתה לרוץ מרתון אחרי אימונים.
activate	**הפעל** את מערכת האבטחה לפני שאתה עוזב את הבית הלילה.
adapt	הבמאי **עיבד** את הרומן הפופולרי לסרט בן שעתיים.
addition	**בנוסף** לארוחת הצהריים, הזמנו גם קינוח וקפה.
administration	**מנהל** בית הספר קובע כללים ומדיניות חשובים לתלמידים.
affect	מזג אוויר גרוע **ישפיע** בהחלט על משחק הכדורגל של מחר ועל לוח הזמנים.
afterwards	צפינו בסרט, **ולאחר מכן** יצאנו לארוחת ערב.
aid	היא באה **לסייע** לחברתה שנפלה ונפצעה.
aim	הקשת לקח זמן **לכוון** לפני ששחרר את החץ בזהירות.
annoy	הרעש החזק **יציק** לכל התלמידים שלומדים בספריות.
apply	מורים **מיישמים** שיטות חדשות כדי לעזור לתלמידים ללמוד מתמטיקה טוב יותר.
approve	הבוס **יאשר** את התקציב אם המספרים יהיו הגיוניים.
arrange	היא **סידרה** את הפרחים בצורה יפה באגרטל על השולחן.
article	היא קראה **מאמר** עיתונאי ארוך על עליית מחירי המזון הבוקר.
artificial	העוגה קושטה בפרחים **מלאכותיים** העשויים פלסטיק צבעוני.
assignment	המורה נתנה לנו **מטלה** בהיסטוריה שיש להגיש ביום שני הקרוב.
assist	היא ביקשה ממני **לעזור** לה בשיעורי הבית.
association	ריח העוגיות יצר **אסוציאציה** חזקה לזיכרונות ילדות.
athlete	**הספורטאי** התאמן קשה לקראת התחרות האולימפית.
attach	היא **חיברה** תמונה להודעת האימייל.
attempt	הוא עשה **ניסיון** אחרון לטפס על ההר.
attract	החנות החדשה **משכה** הרבה לקוחות ביום הפתיחה.
attraction	**המשיכה** הגדולה ביותר בפארק השעשועים היא הרכבת ההרים.
autograph	הסלבריטי חתם **חתימה** עבור המעריץ.
autumn	**בסתיו**, העלים משנים צבע לזהוב ואדום.
average	גובהו היה בדיוק **ממוצע**, לא הגבוה ביותר ולא הנמוך ביותר בין הבנים.
awkward	תנועות הריקוד **המגושמות** שלו גרמו לכל המסיבה לצחוק.
baggage	היא ארזה את **המטען** שלה לפני טיסת המטוס.
baker	**האופה** הכין לחם טרי בכל בוקר.
bald	סבו הפך **קרח** לגמרי בשנות השבעים לחייו.
ban	הממשלה **אסרה** על שקיות פלסטיק בכל רחבי המדינה.
barrier	**מחסום** גבוה הפריד בין שני האזורים השונים.
bass	קו **הבס** העניק לשיר הרוק עומק.
behave	הילדים צריכים תמיד **להתנהג** יפה בכיתה.
beside	היא ישבה **לידי** באוטובוס הצפוף.
blade	**הלהב** החד חתך את הנייר הדק.
blank	בהיתי בקיר **הריק** במשך שעות.
blend	כדאי **לערבב** את הסוכר והחמאה יחד.
boil	צריך **להרתיח** את המים לפני שמוסיפים פסטה.
bond	**קשר** חזק מחבר בין בני המשפחה הקרובים.
boost	התוכנית החדשה **תמריץ** את המכירות של החברה שלנו.
boot	הוא נעל **מגף** עור על רגלו.
bore	הסיפור הזה על סלעים **שיעמם** אותי עד מוות.
bounce	כדור הגומי **קפץ** מקיר הלבנים.
branch	תפוח היה תלוי על **ענף** העץ הישן.
brick	הקיר הישן עשוי **מלבנים** אדומות.
budget	היא **מתקצבת** בקפידה את הכסף שלה לקניות השבועיות.
bully	**הבריון** של הכיתה תמיד לקח את כסף הצהריים של הילדים הקטנים.
bury	הם **קברו** את האוצר הזהוב באדמה.
bush	**שיח** ירוק וגדול צמח ליד הגדר.
cabin	הם התארחו **בבקתה** ליד האגם.
cage	הציפור הצבעונית שרה מתוך **הכלוב** שלה.
camel	**גמל** גדול נשא ציוד לרוחב המדבר.
cargo	הספינה נשאה **מטען** יקר ערך לרוחב האוקיינוס.
carpet	**שטיח** אדום ורך כיסה את כל הרצפה.
cashier	**הקופאי** הידידותי סרק את הפריטים שלי בקופה.
cathedral	**הקתדרלה** מכילה חלונות ויטראז' יפים וצבעוניים.
cereal	אני אוכל **דגני בוקר** עם חלב קר לארוחת הבוקר.
charity	היא תרמה כסף **לצדקה** בכל שנה.
charm	למרות שדיבר מעט מאוד, **הקסם** הטבעי שלו גרם לכולם לחבב אותו מיד.
chart	**תרשים** המכירות החודשי הראה צמיחת רווחים חזקה.
cheerful	הייתה לה גישה **עליזה** בכל בוקר.
citizen	כל **אזרח** חייב לציית לחוקי התנועה בעיר הזאת.
cliff	המטייל האמיץ עמד בקצה **הצוק**.
climate	**האקלים** הטרופי חם ולח מאוד.
column	המספרים מסודרים כולם **בטורים** מסודרים.
comfort	הכורסה הגדולה והרכה הזאת מספקת **נוחות** וחום.
commercial	היא עובדת בתחום הנדל"ן **המסחרי**.
commit	הוא **ביצע** פשע חמור נגד החוק.
compare	המורה ביקש מהתלמידים **להשוות** בין הציורים בקפידה.
complain	היא **התלוננה** על השירות הגרוע בעבודה.
concentrate	הוא **התרכז** מאוד בזמן פתרון החידה המסובכת.
confident	היא הרגישה מאוד **בטוחה בעצמה** לפני המצגת הגדולה.
conservative	היא ערכה הערכה **שמרנית** לגבי עלות הטיול.
conspiracy	**הקשר** במשרד כלל שלושה עובדים שגנבו ציוד בסתר.
constant	הרעש **הקבוע** השאיר אותי ער כל הלילה.
constantly	הוא בודק את הטלפון שלו **כל הזמן**, מדי דקה.
consult	היא **התייעצה** עם עורך דין מנוסה לגבי החוזה.
contain	קופסת העץ **הכילה** עשרות מכתבים ישנים כתובים ביד.
continent	אפריקה ידועה **כיבשת** החמה ביותר בעולם.
conventional	הזוג בחר בטקס חתונה **שגרתי** מאוד.
convert	המפעל **המיר** עיתונים ישנים למוצרי נייר ממוחזר.
cooperation	**שיתוף הפעולה** בין שני השכנים עזר לסיים את הגדר במהירות.
corrupt	המנהל **המושחת** קיבל בסתר שוחד ממספר ספקים.
cotton	החולצה עשויה מבד **כותנה** רך.
cough	היה לה **שיעול** חזק במשך כל השבוע.
craft	**אומנות** הנגרות לוקחת שנים לשליטה.
crisis	המדינה ניצבת מול **משבר** כלכלי חמור.
critic	**מבקר** הקולנוע נתן לסרט חמישה כוכבים.
crown	המלכה ענדה בגאווה את **הכתר** המלכותי הזהוב שלה.
cruel	זה היה **אכזרי** לחלוטין לצחוק עליו.
cult	**הכת** החשאית בידדה את חבריה מחברים ומשפחה.
curiosity	**הסקרנות** הטבעית שלה גרמה לה לשאול שאלות.
curtain	היא משכה את **הווילון** כדי לחסום את האור.
curve	כביש ההר עוקב אחר **פנייה** חדה כאן.
deaf	הוא **חרש** ומתקשר בשפת הסימנים.
debate	התלמידים ניהלו **ויכוח** סוער על השאלה איזה סרט טוב יותר.
defeat	היריבים שלהם **הביסו** אותם, והדהימו את כל מי שהאמין בסיכוי שלהם.
defeated	אחרי **שהובסה** פעמיים קודם לכן, היא סוף סוף ניצחה באליפות.
define	אנא **הגדר** את המילה במדויק, לפי המשמעות המילונית המדויקת שלה.
degree	הטמפרטורה ירדה בעשרים **מעלות** במהלך הלילה בזמן הסערה.
demand	העבודה שלה **דורשת** תשומת לב רבה לפרטים ולדיוק.
dental	מרפאת **השיניים** בדקה את שיניה וניקתה כל אחת בקפידה.
dentist	**רופא השיניים** ניקה את שיניי ותיקן חור קטן אחד.
deny	הוא **הכחיש** שהיה בחנות כשהיא נשדדה.
depart	הרכבת **תעזוב** מרציף חמש בעוד רבע שעה.
destination	**היעד** שלנו היה כפר קטן בהרים.
destructive	הסערה גרמה לרוחות **הרסניות** שפגעו במאות בתים.
detect	מדענים יכולים **לאתר** רעידות אדמה לפני שהן מגיעות לפני השטח.
diary	היא כתבה **ביומן** שלה כל ערב לפני השינה.
disappoint	אני מקווה שההופעה שלנו לא **תאכזב** את הקהל הערב.
distant	ההרים **המרוחקים** נראו יפים באור הערב.
district	בית הספר משרת תלמידים מכל **אזור** מרכז העיר.
donor	**תורם** הדם ישב בשקט בזמן שהאחות לקחה דם.
dose	קח **מנה** אחת של תרופה כל שמונה שעות.
double standard	להעניש אותו ולא אותה זה **מוסר כפול** ברור.
Dutch	החבר **ההולנדי** שלי לימד אותי איך להכין סטרופוואפלס.
ease	התוכנה הזאת **תקל** על נטל הזנת הנתונים.
efficient	מערכת **יעילה** חוסכת זמן ומצמצמת בזבוז.
elderly	האיש **הזקן** צעד לאט לרוחב הרחוב.
eliminate	אנחנו צריכים **לחסל** את כל פסולת הפלסטיק מהמשרדים.
embarrass	הוא לא היה רוצה **להביך** את עצמו מול כולם.
employ	המפעל **מעסיק** למעלה מחמש מאות עובדים בייצור.
employer	**המעסיק** שלי הציע לי העלאה אחרי הביצועים הטובים שלי.
encourage	מורים **מעודדים** תלמידים לשאול שאלות במהלך השיעור.
entertain	הקומיקאי ניסה **לשעשע** את הקהל בעזרת סיפורים.
envy	היא הרגישה **קנאה** כשחברתה קיבלה את הקידום.
equally	שני הרצים חצו את קו הסיום במהירות **שווה**, מה שהפתיע את כולם שם.
era	אנחנו לומדים על **העידן** הוויקטוריאני בשיעור היסטוריה.
erase	אתה יכול **למחוק** את המילה הזאת מהלוח בבקשה?
essential	מים **חיוניים** לכל צורות החיים על כדור הארץ.
evolved	דגים **התפתחו** מיצורי ים קדומים לפני מיליוני שנים.
exception	כולם חייבים לעבוד בשבת בלי **יוצא מהכלל**.
execute	הצוות **יוציא את התוכנית לפועל** ביום שני בבוקר.
existence	**קיומם** של הדינוזאורים הוכח באמצעות עדויות מאובנים.
expand	החברה מתכננת **להרחיב** את פעילותה לשלוש מדינות חדשות.
expansion	**הרחבת** שדה התעופה תיקח כשנתיים.
expense	נסיעות הן **הוצאה** משמעותית כשגרים בחוץ לארץ.
express	נסענו ברכבת **המהירה** כדי לחסוך שלוש שעות נסיעה.
expression	**הביטוי** השמח שלה סיפר לנו שיש לה חדשות טובות.
extend	נוכל **להאריך** את המועד האחרון של הפרויקט בבקשה?
extension	**ההארכה** של הישיבה נמשכה רק חמש דקות נוספות.
facial	קרם **הפנים** הרגיע את האדמומיות והיובש בפניה.
feature	המגזין של החודש **מציג** סיפורים על בעלי חיים יוצאי דופן.
feminine	הסגנון **הנשי** שלה עם התכשיטים והצבעים הרכים היה אלגנטי.
fisherman	**הדייג** תפס שלושה דגים גדולים בנהר.
flame	**להבה** בוהקת רקדה באח החשוכה.
flood	גשמים כבדים גרמו **לשיטפון** נורא בכפר.
footprints	המשטרה מצאה **עקבות** בבוץ ליד הבית.
forbid	הורים **אוסרים** על ילדיהם להישאר בחוץ אחרי עשר בלילה.
foundation	**יסוד** חזק הוא חיוני לכל בניין.
frequently	היא מבקרת את סבתה **לעיתים קרובות** בשעות אחר הצהריים בסופי שבוע.
frightening	הסרט **המפחיד** גרם לה לסיוטים במשך כל השבוע.
fuel	המכונית פועלת על **דלק** מתחנת הדלק.
fund	**קרן** הממשלה עוזרת לסטודנטים לשלם שכר לימוד במכללה.
funds	לחברה חסר **כסף** כדי להתרחב כרגע.
gain	היא מקווה **לצבור** ניסיון יקר ערך הקיץ הזה.
gap	יש **פער** בין שני הבניינים.
gasoline	אנחנו צריכים לקנות **בנזין** לפני הנסיעה הארוכה.
gather	כולם **יתאספו** בפארק לפיקניק.
glove	הוא ענד **כפפה** כדי להגן על ידו הפצועה.
granddaughter	**הנכדה** שלי אוהבת לבקר אותי בכל קיץ.
greet	מורים **מקבלים את פני** התלמידים בחום כשהם מגיעים לבית הספר.
growth	העיר חוותה **צמיחה** מהירה בעשור האחרון.
guarantee	החנות **תבטיח** את איכות המוצר.
habit	שתיית קפה היא **הרגל** יומי בשבילה.
heavily	ירד גשם חזק **מאוד** כל הלילה והציף את הרחובות.
hike	יצאנו **לטיול** ארוך ביער אתמול.
homeland	אחרי שנים רבות של עבודה בחוץ לארץ, היא סוף סוף חזרה **למולדתה**.
identify	אתה יכול **לזהות** את האדם בתמונה הישנה הזאת?
illness	**המחלה** שלו השאירה אותו בבית החולים במשך שבועות.
imagination	ילדים משתמשים **בדמיון** שלהם כשהם משחקים במשחקי תפקידים.
impatient	הלקוח **חסר הסבלנות** התלונן על השירות האיטי.
impress	היא רצתה **להרשים** את הבוס החדש שלה בעבודה.
imprisonment	**המאסר** שלו נמשך עשרים שנה בגין הפשע.
in comparison	**בהשוואה** לשנה שעברה, המכירות הכפילו את עצמן באופן משמעותי.
in conclusion	**לסיכום**, המחקר הזה מראה שפעילות גופנית משפרת את הבריאות הפיזית והנפשית שלנו.
income	**ההכנסה** שלה מכתיבת שני ספרים עזרה לה לשלם על שכר הלימוד בקולג'.
increase	החברה מתכננת **להגדיל** את המחירים שלה בעשרה אחוזים בחודש הבא.
indication	עננים כהים הם **סימן** לכך שגשם עומד לרדת בקרוב מאוד.
industry	**תעשיית** הרכב מעסיקה מיליוני עובדים ברחבי צפון אמריקה.
infected	הפצע **שהודבק** דרש טיפול רפואי מיידי כדי למנוע מחלה.
infection	**זיהום** חמור יכול להתפשט במהירות בגוף שלך בלי אנטיביוטיקה.
infinite	היקום נראה **אינסופי** בגודלו, ומשתרע מעבר למה שאנחנו רואים.
inform	הרופא **יודיע** לך על תוצאות הבדיקה עד מחר.
ingredients	המתכון דורש **מרכיבים** פשוטים כמו קמח, ביצים, חמאה וסוכר.
initial	מהם **ראשי התיבות** של שמך המלא?
initially	**בתחילה** התלמידים היו עצבניים, אבל הם צברו ביטחון עם התקדמות הסמסטר.
insanity	**אי השפיות** שלו פירושה שהוא לא יכול היה לעמוד לדין על הפשע.
inspiration	סבתה הייתה **השראה** גדולה להפוך למדענית.
inspiring	המאמן נשא נאום **נותן השראה** לפני תחילת משחק האליפות.
institute	היא עובדת **במכון** מדעי שחוקר מחלות נדירות.
insult	הוא לא התכוון **להעליב** אותה, אבל ההערה שלו הייתה די פוגענית.
intention	**הכוונה** שלי הייתה לעזור, לא להרע את המצב לכולם.
internal	איברים **פנימיים** דורשים ניתוח זהיר כדי לתקן או להחליף אותם בבטחה.
interrupt	בבקשה אל **תפריע** לי בזמן שאני מדבר עם המנהל.
invent	מי **המציא** את הטלפון, ומתי הגילוי הזה שינה את התקשורת?
investment	**ההשקעה** שלה בנדל"ן הפכה אותה לעשירה מאוד עם הזמן.
isolate	מדענים **מבודדים** את הנגיף במעבדה כדי לחקור את התנהגותו.
justify	אי אפשר **להצדיק** הפרת חוק, לא משנה מה הסיבות שלך.
labor	היא **עמלה** בשדות מזריחה ועד שקיעה בכל יום ויום.
lack	**המחסור** בגשם גרם לבצורת חמורה בכל האזור.
lame	הסוס **הצולע** לא הצליח ללכת כראוי אחרי הפציעה החמורה שלו.
leather	היא ענדה חגורת **עור** עם הג'ינס החדש שלה למסיבה.
lifetime	היא בילתה את **כל חייה** בהוראת כימיה לתלמידי תיכון.
liver	**הכבד** הוא האיבר הפנימי הגדול ביותר במערכת גוף האדם.
loan	הוא לקח **הלוואה** כדי לקנות את הבית הראשון שלו.
locate	צוות ההצלה עבד קשה כדי **לאתר** את הילד הנעדר בשלום.
log	הקברניט ניהל **יומן** יומי של מיקום הספינה ומזג האוויר.
lone	זאב **בודד** נצפה מהלך ביער בלילה.
loneliness	המעבר לעיר חדשה שבה לא הכירה אף אחד גרם לה **לבדידות** נוראה.
lung	עישון פוגע **בריאות** שלך ומגביר את הסיכון לסרטן.
luxury	סוויטת המלון הציעה **מותרות** מכל הסוגים, מבריכה פרטית ועד ארוחות גורמה.
mainly	המסעדה מגישה **בעיקר** אוכל איטלקי, אבל יש לה גם כמה מטבחים אחרים.
majority	**רוב** העובדים מעדיפים לוחות זמנים גמישים על פני שעות עבודה מסורתיות.
meanwhile	היא למדה קשה; **בינתיים**, אחיה שיחק במשחקי מחשב כל היום.
measure	הממשלה נקטה **אמצעים** כדי להפחית את הזיהום בעיר.
Mediterranean	תיירים רבים מבקרים במדינות סביב **הים התיכון** בזכות החופים היפים שלהן.
melt	הגלידה **נמסה** במהירות תחת שמש הקיץ החמה.
minor	**קטין** אינו יכול לחתום על חוזה משפטי בלי הסכמת הורים.
mistaken	אם אתה חושב שאני **טועה**, בבקשה תראה לי את התשובה הנכונה.
moral	**המוסר** של הסיפור הוא שהיושר הוא תמיד הדרך הטובה ביותר.
mortal	הארס מנשיכת העכביש הזה יכול להיות **קטלני** אם לא מטפלים בו.
native	**ילידי** אמריקה חיו בצפון אמריקה במשך אלפי שנים.
nest	הציפורים בנו **קן** גבוה בעץ האלון הזקן.
notify	האוניברסיטה **תודיע** לך על החלטת הקבלה שלך במייל.
nowadays	**כיום**, רוב האנשים משתמשים בסמארטפונים במקום במחשבים כדי לגלוש.
objective	השופט חייב להישאר **אובייקטיבי** ולעולם לא להעדיף צד אחד על פני האחר.
observation	**התצפית** הקפדנית שלה על הציפורים חשפה דפוסים שאף אחד אחר לא הבחין בהם.
observe	המדענים **מתבוננים** בבעלי החיים בבית גידולם הטבעי בכל יום.
offend	נראה שהבדיחה שלי על הבישול שלה **העליבה** אותה יותר משציפיתי.
offensive	השפה **המעליבה** שלו גרמה לכולם להרגיש לא בנוח במהלך הפגישה.
operate	המפעל **פועל** עשרים וארבע שעות ביממה כדי לענות על הביקוש.
opponent	**היריב** שלי בטניס היה הרבה יותר חזק, אבל שיחקתי הכי טוב שיכולתי.
orbit	**המסלול** של כדור הארץ סביב השמש נמשך בדיוק 365 יום להשלמתו.
origin	**מקור** השפה עדיין נותר תעלומה עבור מדענים.
outer	הקירות **החיצוניים** של הטירה היו עשויים מאבן עבה.
outstanding	הביצוע **המצוין** שלה במחזה הקנה לה מלגה.
oven	חממו את **התנור** ל-350 מעלות לפני שמכניסים את הפיצה.
oxygen	צמחים מייצרים **חמצן**, שבני אדם ובעלי חיים זקוקים לו כדי לנשום.
pad	ספורטאים **מרפדים** את המפרקים שלהם כדי למנוע פציעות בספורט אינטנסיבי.
pan	היא חיממה את **המחבת** על הכיריים לפני שהוסיפה את החמאה.
parallel	שני הרחובות רצים **במקביל** זה לזה לאורך העיר.
particularly	אני אוהב את כל הפירות, אבל אני נהנה **במיוחד** לאכול תותים טריים.
pattern	**הדפוס** על השמלה שלה כלל ריבועים כחולים ואדומים בהירים.
peach	הקליפה השעירה של **אפרסק** בשל הרגישה רכה כנגד אצבעותיה.
perform	השחקן **ביצע** את התפקיד הראשי במחזה באופן מבריק.
permanently	הוא עבר לאוסטרליה **באופן קבוע** ולעולם לא חזר לעיר הולדתו.
pharmacy	אני צריך ללכת **לבית המרקחת** כדי לאסוף את התרופה שלי.
poet	**המשורר** המפורסם כתב שירים יפים על אהבה וטבע.
poisonous	כמה פטריות **רעילות** ועלולות לגרום למחלה חמורה אם אוכלים אותן.
polar	לדובי **הקוטב** יש פרווה עבה כדי לשרוד את חורפי הארקטי הקפואים.
policy	**מדיניות** בית הספר מחייבת את התלמידים ללבוש מדים בכל יום.
poorly	הוא ישן **בצורה גרועה** אתמול בלילה כי השכנים שלו רבו בקול רם.
population	**האוכלוסייה** של העיר גדלה לכדי יותר משני מיליון תושבים.
portrait	**הדיוקן** של המלך היה תלוי במוזיאון במשך מאות שנים.
practical	הגישה **המעשית** הייתה להשתמש בחומרים קיימים במקום להזמין חדשים.
primary	הדאגה **העיקרית** שלה הייתה להביא את הילדים לבית הספר בבטחה בכל בוקר.
principle	**עקרון** היושר הנחה את כל ההחלטות העסקיות והיחסים האישיים שלהם.
privilege	להיות בעלת רכב הייתה **זכות יתר** שהיא לא לקחה כמובנת מאליה.
produce	החווה **מייצרת** עגבניות, חסה ושעועית עבור מסעדות מקומיות.
profession	היא בחרה ברפואה **כמקצוע** אחרי שהתנדבה בבית החולים.
promotion	**הקידום** שלו לתפקיד מנהל הגיע אחרי שנים של ביצועים מצוינים.
proposal	העירייה דחתה את **ההצעה** למרכז קניות חדש במרכז העיר.
propose	הוא החליט **להציע** פשרה ששני הצדדים יוכלו לקבל.
provoke	העלבת העבודה שלו רק **תגרה** אותו להתווכח בחזרה.
publisher	**מוציא לאור** קטן בברלין הסכים להדפיס את ספרו הראשון.
purse	היא שמרה את המפתחות ואת **ארנק** הכסף שלה בארנק עור קטן.
radiation	המכונה פולטת **קרינה** מסוכנת אם שער הבטיחות פתוח.
rapidly	האוכלוסייה של העיר גדלה **במהירות** במהלך הפריחה הכלכלית.
rarely	הוא אוכל בשר **לעיתים נדירות** ובדרך כלל מזמין מנות צמחוניות.
raw	יש לבשל עוף **נא** היטב לפני האכילה כדי לשמור על הבטיחות.
razor	הוא השחיז את **סכין הגילוח** שלו לפני שגילח את הזקן העבות שלו.
reasonable	אדם **הגיוני** היה מחכה לראיות לפני שהוא מאמין לסיפור.
rebellion	**המרד** של הנער נגד כללי העוצר הכעיס את הוריו העייפים בכל לילה.
recipe	**המתכון** דרש שתי ביצים, קמח וקורט מלח.
recognition	העבודה הקשה שלה הקנתה לה **הכרה** מצד עמיתים והנהלה בכירה.
recover	המטופל **התאושש** במהירות מהניתוח וחזר הביתה כעבור שבוע.
reference	ספר הלימוד כולל **התייחסות** למחקרים משנות התשעים.
region	**האזור** הצפוני חווה שלג בעוד הדרום נשאר חם.
registration	**ההרשמה** לכיתה נסגרת ביום שישי בשעה חמש.
reject	הוועדה הצביעה **לדחות** את ההצעה בטענה שהיא יקרה מדי.
relative	**קרוב משפחה** שלה מאנגליה ביקר אצלה במשך שבוע.
relatively	המטלה הייתה קלה **יחסית** בהשוואה לפרויקט הקשה של השבוע שעבר.
reliable	המכונית הזאת הוכיחה את עצמה **כאמינה** גם אחרי עשר שנות נהיגה.
reputation	**המוניטין** שלו כרופא נפגע בעקבות הטעות הרפואית.
require	המשרה **דורשת** ניסיון בתכנות וכישורי תקשורת חזקים.
reserve	המדינה שומרת **עתודה** גדולה של תבואה למקרה של מחסור.
resident	כל **תושב** בבניין חייב לציית לתקנות החניה.
resist	הוא ניסה **להתנגד** לפיתוי של עוגת השוקולד אבל בסוף נכנע.
resistance	**ההתנגדות** החזקה שלה לשינוי הפכה את המעבר לתוכנה החדשה למתסכל עבור כולם.
resort	הם בילו שבוע מרגיע **באתר נופש** על שפת הים.
restore	הם שכרו פועלים כדי **לשקם** את הציור הישן למצבו המקורי.
retirement	**הפרישה** שלה בגיל שישים וחמש איפשרה לה סוף סוף לטייל בעולם.
reveal	הצלם השתמש בתאורה כדי **לחשוף** את המרקם של קיר האבן.
rising	השמש **העולה** צבעה את השמיים בכתום וורוד.
ritual	**הטקס** המשפחתי היה להתכנס יחד לארוחת ערב בכל יום ראשון.
rival	שתי החברות היו **יריבות** מרות שהתחרו על אותו שוק.
roast	היא **צלתה** את העוף עם שום ועשבי תיבול לארוחת הערב.
robbery	**שוד** חנות התכשיטים קרה בערב שלישי שקט.
rub	הוא היה **משפשף** את הידיים זו בזו כשהיה עצבני או נרגש.
rubber	אטם **הגומי** שבדלת מונע כניסה של אוויר קר.
ruins	תיירים שוטטו בין **ההריסות** העתיקות שהיו מפוזרות על גבעה שקטה.
rumor	**השמועה** התפשטה במהירות אבל התבררה כשקרית עד הבוקר.
sailor	**הימאי** בילה עשרים שנה בשיט באוקיינוס על ספינות.
satellite	**לווין** מקיף את כדור הארץ כל תשעים דקות ואוסף נתוני מזג אוויר.
satisfaction	הניצחון באליפות הביא לו **שביעות רצון** עצומה וגאווה.
satisfy	אכילת עוגייה אחת מעולם לא הספיקה כדי **לספק** את החשק שלה למתוק.
sculpture	**הפסל** העשוי משיש עמד בגלריה הראשית של המוזיאון.
secure	הבנק משתמש במספר מערכות כדי **לאבטח** את כספי הלקוחות שלו בבטחה.
sequence	האירועים קרו **ברצף** הלא נכון וגרמו לבלבול.
servant	**המשרת** הביא תה ועוגיות לאורחים.
session	**פגישת** הטיפול נמשכה שעה ועזרה לה להרגיש טוב יותר.
sheet	היא משכה את **הסדין** הלבן על המזרן בזהירות.
shell	**הקליפה** של הצב מגנה עליו מפני סכנה.
shelter	המערה סיפקה **מקלט** מהגשם הכבד והקור.
shiny	המכונית **הנוצצת** שיקפה את אור השמש בנסיעתה ברחוב.
shrink	מים חמים **יכווצו** סוודרי צמר אם תכבסו אותם בצורה לא נכונה.
significant	המחקר הראה עלייה **משמעותית** באוכלוסיות הציפורים המקומיות השנה.
silk	השמלה הייתה עשויה **ממשי** יקר שיובא מאסיה.
sink	היא שטפה את הכלים המלוכלכים **בכיור** המטבח אחרי ארוחת הערב.
sketch	הוא צייר **סקיצה** של הבניין לפני שהתחיל בעיצוב עצמו.
specifically	שאלתי אותו **באופן ספציפי** על כישוריו וניסיון העבודה שלו.
spill	היזהר לא **לשפוך** את הקפה החם שלך על השטיח הלבן.
spiritual	לעמוד בין העצים הגבוהים העניק לה תחושה **רוחנית** שקטה של שלווה.
spoil	יותר מדי מתנות **יקלקלו** את הילד ויהפכו אותו לכפוי טובה.
spotlight	**הזרקור** על הזמרת גרם לקהל להתמקד בהופעה שלה.
stable	עבודה **יציבה** סיפקה לו ביטחון כלכלי ושקט נפשי.
stack	היא הכינה **ערמה** של צלחות נקיות והניחה אותן במקום.
staircase	**גרם המדרגות** הוביל לקומה השנייה של המשרד.
stamp	היא הדביקה **בול** על המעטפה לפני ששלחה את המכתב.
starve	בלי מזון ומים נקיים, אנשים **ירעבו** תוך שבועות.
statue	**פסל** הברונזה בפארק הנציח את מייסד העיר.
steel	**פלדה** חזקה יותר מברזל ומשמשת לבניית גשרים.
sticky	הסלוטייפ **הדביק** החזיק את האגרטל השבור יחד בצורה מושלמת.
straighten	היא ביקשה ממנו **ליישר** את העניבה שלו לפני הראיון.
stream	**נחל** צר, ברוחב של פחות משני מטרים בלבד, זרם לצד שביל ההליכה.
strict	המורה **הנוקשה** שלה לא איפשרה שום דיבור במהלך המבחן.
stripes	**הפסים** השחורים והלבנים של הזברה עוזרים לה להתמזג בערבה.
struggle	החקלאי חייב **להיאבק** קשה כדי לקצור את כל היבול לפני החורף.
stubborn	אותו חמור **עקשן** סירב לזוז לא משנה כמה חזק משכנו אותו.
stunt	השחקן ביצע **פעלול** מסוכן בלי שום ציוד בטיחות.
submit	עליך **להגיש** את שיעורי הבית שלך עד יום שישי בבוקר, אחרת תפסיד נקודות.
substance	אותו **חומר** לבן שהיה על השולחן התברר כמלח.
succeed	היא **תצליח** בבית הספר לרפואה אם תלמד כל ערב.
suitable	ג'ינס ונעלי ספורט אינם **מתאימים** לחתונה רשמית או לראיון עבודה.
sum	**הסכום** הסופי שהוא היה חייב לבנק היה עשרת אלפים דולר.
supportive	המשפחה **התומכת** שלו עודדה אותו להגשים את חלומותיו לא משנה מה.
supreme	המאמץ **העליון** של הקבוצה סייע לה לזכות במשחק האליפות.
suspicious	היא נראתה **חשודה** כשאחיה שאל על הכסף שנעלם.
swallow	היא **בלעה** את התרופה עם כוס מים.
swing	**הנדנדה** הישנה בפארק נעה קדימה ואחורה לאט.
temporary	העבודה הזאת **זמנית** ונמשכת רק שלושה חודשים בקיץ הזה.
territory	האריה תבע לעצמו **שטח** נרחב שבו לא חיו אריות אחרים.
thick	הערפל **הסמיך** הפך את זה לבלתי אפשרי לראות מעבר לרחוב.
threaten	העננים הכהים **מאיימים** להביא גשם לפיקניק מחר.
toes	הילדה הקטנה ספרה את עשר **הבהונות** שלה בזמן שישבה באמבטיה.
tomb	**הקבר** העתיק הוסתר עמוק מתחת לאדמה במשך אלפי שנים.
toward	התלמידים הלכו **אל** בניין בית הספר אחרי הפעמון של הבוקר.
traffic jam	**פקק התנועה** בשעת העומס גרם לו לאחר חצי שעה לעבודה.
transition	**המעבר** מתיכון לקולג' היה קשה לרוב הסטודנטים.
trigger	הצלם השתמש **בהדק** מרחוק כדי לצלם את התמונה ממרחק.
triggered	המילים הכועסות שלו **עוררו** ויכוח שנמשך כל הערב.
twist	לסיפור היה **תפנית** מפתיעה בסופו ממש, שהדהימה את כולם.
typically	היא שותה קפה **בדרך כלל** כל בוקר לפני שהיא מתחילה בעבודה.
ultimate	אחרי הרבה קידומים קטנים, המטרה **הסופית** שלה הייתה להפוך לנשיאת החברה.
uncertain	הוא הרגיש **לא בטוח** לגבי השאלה אם עליו לקבל את הצעת העבודה.
underestimate	לעולם אל **תזלזל** ביריב שלך כי הוא עשוי להיות חזק ממה שאתה חושב.
unfortunate	**מצער** שהיא נאלצה לעזוב את המסיבה כל כך מוקדם.
unlike	**שלא כמו** אחיו, הוא העדיף ערבים שקטים בבית על פני מסיבות רועשות.
unnecessary	כל הקישוטים הנוספים האלה היו **מיותרים** למסיבת יום הולדת כל כך פשוטה.
unstable	הכיסא **הלא יציב** התנדנד בכל פעם שהוא התיישב עליו.
urgent	העניין **הדחוף** הזה דורש את תשומת לבך המיידית לפני מחר בבוקר.
valid	הדרכון שלך **תקף** רק אם הוא לא פג תוקף השנה.
valuable	הציור **היקר** ההוא היה שווה יותר מכל הבית.
variety	החנות הציעה **מבחר** רחב של צבעים לבחירה.
various	ספרים **מגוונים** על בישול, ספורט והיסטוריה מילאו את המדפים בחדר העבודה.
verify	היא הייתה צריכה **לוודא** את זהותה לפני שייתנו לה את הכסף.
via	הוא שלח את המסמך החשוב **דרך** מייל במקום בדואר.
vital	מים נקיים הם **חיוניים** להישרדות באקלים המדברי הקשוח.
volunteer	הרבה אנשים **מתנדבים** בבית החולים כי הם רוצים לעזור לאחרים.
warmth	**החום** של השמש הרגיש נפלא על עורה הקר.
warrior	**הלוחם** האמיץ נלחם קשה כדי להגן על עמו ואדמתו.
wealth	**עושרו** הרב איפשר לו לקנות כל מה שרצה.
wealthy	האיש **העשיר** תרם מיליוני דולרים לצדקות שונות.
weigh	המשקל **ישקול** את המזוודה שלך כדי לוודא שהיא לא כבדה מדי.
wheat	חקלאים טחנו את **החיטה** הזהובה לקמח כדי לאפות לחם טרי.
whistle	השופט השתמש **במשרוקית** כדי לסמן את סיום המשחק.
wildlife	הפארק הלאומי מגן על **חיות בר** מגוונות, כולל פילים ואריות.
wisdom	היה לה **החכמה** לדעת מתי לדבר ומתי להקשיב.
wrap	היא **עטפה** את המתנה בזהירות בנייר צבעוני לפני המסיבה.
abandon	המשפחה נאלצה **לנטוש** את ביתה כשהנהר הציף הכל.
absence	**היעדרותו** מהשיעור הובחנה על ידי המורה מיד.
abuse	החברה עמדה בפני האשמות של **התעללות** אחרי שהעובדים דיווחו על תנאים מסוכנים.
account	הוא בדק את **חשבון** הבנק שלו לפני שקנה את המחשב הנייד היקר באינטרנט.
accurate	הרופא היה זקוק למדידה **מדויקת** של גובהו ומשקלו.
actual	העלות **הממשית** של הפרויקט הייתה גבוהה יותר מהאומדן המקורי.
adaptation	**ההסתגלות** המהירה שלו למדינה החדשה הפתיעה את כל משפחתו.
admire	הרבה אנשים **מעריצים** אותה בזכות האומץ וכוח הרצון שלה בחיים.
admit	הוא **הודה** לבסוף שעשה טעות נוראה.
advance	היא **תתקדם** לרמה הבאה אם תעבור את המבחן הזה.
advertise	החברה **תפרסם** את המוצר החדש שלה בטלוויזיה ובאינטרנט.
advise	אני **מייעץ** לך ללמוד קשה אם אתה רוצה ציון טוב.
alike	האחיות התאומות נראות כל כך **דומות** שאף אחד לא יכול להבדיל ביניהן.
ally (allies)	שתי הערים השכנות הפכו **לבנות ברית** כדי לבנות מערכת מים משותפת.
ambition	**השאיפה** שלו הייתה להפוך לרופא ולעזור לחולים עניים.
analogy	הוא השתמש **באנלוגיה** כדי להסביר לסבתא שלו איך המחשב עובד.
announcement	המנהל פרסם **הכרזה** על החוקים החדשים של בית הספר.
apathy	**האדישות** שלו כלפי לימודיו הדאיגה מאוד את הוריו.
apology	היא **התנצלה** בפניו על ששברה את המצלמה היקרה שלו.
apparently	**מסתבר** שהוא לא ידע שהחנות סגורה היום.
appearance	**המראה** שלה השתנה באופן דרמטי אחרי שגזרה וצבעה את שיערה הארוך.
appetite	ריצה של שעה בחוץ נתנה לו **תיאבון** עצום לארוחת הערב.
appreciate	אני באמת **מעריך** את כל העזרה שנתת לי השנה.
approach	**הגישה** שלו לבעיה הייתה שונה משיטתו של כל אחד אחר.
appropriate	ג'ינס לא **מתאים** לפגישות עסקיות רשמיות ולחתונות.
argue	הצוות **יטען** שהנתונים תומכים במסקנה שלו.
argument	**הטיעון** החזק ביותר שלה נתמך בשלושה מחקרים שונים.
arm	החברה **חימשה** את צוות המכירות שלה במחשבים ניידים חדשים לביקורי לקוחות.
arrogant	היחס **היהיר** שלו הפך אותו ללא פופולרי בקרב עמיתים בעבודה.
as far as	**בכל** הנוגע לתקציב, יש לנו אפשרויות מוגבלות.
aside	הוא משך את הרהיט הכבד **הצידה** כדי לנקות מאחוריו.
associate	רוב האנשים **מקשרים** בין שמש לבין אושר ותחושות חיוביות.
assume	אני **מניח** שסיימת את העבודה שלך לפני שעזבת את המשרד.
attend	האם **תשתתף** בפגישה מחר בצהריים?
attorney	**עורך הדין** בחן את החוזה לפני שהלקוח חתם עליו.
auction	הציור הנדיר נמכר במיליון דולר **במכירה הפומבית**.
bargain	היא התמקחה עם המוכר וקיבלה **עסקה** טובה יותר.
barn	חציר נערם גבוה בתוך **האסם** האדום.
bat	השחקן הניף את **המחבט** בחוזקה והיכה רץ הביתה.
belief	**האמונה** שלה בעבודה קשה עיצבה את כל הגישה שלה לחיים.
bend	**כופף** את מוט המתכת בזהירות כדי שלא יישבר.
beneath	האוצר נקבר **מתחת** לעץ האלון הישן.
bent	צריך היה להחליף את הצינור **הכפוף** לפני החורף.
berry	היא קטפה **גרגר יער** אדום קטן מהשיח הפרוע מאחורי הבית.
betray	הוא לעולם לא היה **בוגד** בחברו הטוב ביותר לא משנה מה.
biblical	הסערה גרמה להצפה כמעט בממדים **תנ"כיים** ברחבי האזור.
blame	אתה לא יכול **להאשים** את מזג האוויר על כך שפספסת את הפגישה שלך.
blanket	**השמיכה** הרכה שמרה עליה חמה במהלך הלילה הקר.
blew	הרוח **נשבה** כל כך חזק שהיא הפילה עצים.
blow, blew	הוא היה צריך **לנשוף** ולכבות את כל חמישים הנרות בעוגת יום ההולדת שלו.
blur	הגשם **יטשטש** את חלונות המכונית ויפחית את הראות.
bold	ההחלטה **האמיצה** שלו לפתוח עסק חדש הפתיעה את כולם.
borrow	האם אני יכול **לשאול** את המכונית שלך לשעה אחת מחר?
brief	המורה נתנה לנו הסבר **קצר** לפני תחילת השיעור.
broad	הנהר היה **רחב** מדי לחצייה בלי גשר.
broadcast	התחנה תשדר את המשחק **בשידור** חי בטלוויזיה הערב.
butcher	**הקצב** חתך את הבשר לפרוסות דקות לתבשיל.
candidate	**המועמד** לתפקיד ענה על כל שאלה בביטחון.
capable	היא **מסוגלת** לפתור בעיות מתמטיות קשות במהירות.
capital	**עיר הבירה** של צרפת היא פריז, עיר יפהפייה.
categorize	הספרנית **תקטלג** את הספרים החדשים לפי נושא.
ceremony	**טקס** הסיום התקיים באולם הגדול של בית הספר.
clash	הייתה **התנגשות** בין שני הצבעים בעיצוב הפוסטר.
clay	**החימר** היה מושלם ליצירת קערת קרמיקה יפה.
closure	החנות הודיעה על **סגירתה** אחרי שלושים שנות פעילות.
cloth	**הבד** היה רך ומושלם ליצירת שמיכה נעימה.
coal	**פחם** היה פעם הדלק העיקרי לחימום בתים.
cognition	הזיכרון הוא חלק חשוב **מהקוגניציה** האנושית.
collapse	הגג החל **להתמוטט** תחת השלג הכבד.
colonial	התקופה **הקולוניאלית** עיצבה את ההיסטוריה של אמריקה.
colony	**למושבת** הנמלים היו אלפי פועלות ומלכה אחת.
committee	**הוועדה** נפגשה אתמול כדי לדון בהצעת התקציב.
companion	הכלב שלה היה **בן לוויה** נאמן במשך חמש עשרה שנים.
compatible	שתי תוכנות המחשב האלה **תואמות** זו לזו.
compromise	היינו צריכים **להתפשר** ולהסכים על מחיר באמצע.
concern	**הדאגה** העיקרית שלה הייתה אם הילדים יהיו בטוחים.
conclusion	**המסקנה** של המחקר מראה שפעילות גופנית עוזרת.
concrete	המדרכה הייתה עשויה **בטון** ועמידה מאוד.
confess	הוא החליט **להודות** ששבר את האגרטל.
confession	**הווידוי** הדומע שלה על הכסף שנעלם הפתיע את כולם בפגישה.
construct	פועלים **יבנו** גשר חדש מעל הנהר.
contest	היא זכתה במקום הראשון **בתחרות** השירה בשבוע שעבר.
contrary	**בניגוד** לדעה הרווחת, חתולים דווקא נהנים ממים.
convenient	החנות ממוקמת במקום **נוח** ליד הבית שלי.
copper	הצינורות הישנים היו עשויים **מנחושת** חומה-אדמדמה שנפוצה בחיווט.
correlate	מחקרים מראים שחינוך והכנסה **מתואמים** בחוזקה.
correlation	יש **מתאם** בין פעילות גופנית לשינה טובה יותר.
corruption	**שחיתות** בתוך החברה הובילה לאובדן כמה לקוחות מרכזיים.
council	**מועצת** התלמידים החליטה לתכנן אירוע כיפי לבית הספר.
criticize	מורים **יבקרו** טיעונים חלשים בחיבורי תלמידים.
critique	**הביקורת** על הציור שלו הייתה חיובית ברובה.
crossroad	שני הרחובות העמוסים נפגשו **בצומת** במרכז העיר.
culinary	בתי ספר **לבישול** מלמדים תלמידים איך להפוך לשפים.
dawn	יצאנו לטיול עם **שחר** כדי להימנע מהחום.
daydream	היא **חלמה בהקיץ** על נסיעות למדינות רחוקות במהלך שיעור משעמם.
debt	החברה נאלצה לסלק את **חובה** תוך חמש שנים.
declare	המורה **תכריז** על הזוכה בתחרות המדע היום.
decorate	אנחנו **נקשט** את החדר בפרחים ובבלונים.
decrease	הטמפרטורות **ירדו** מחר וצפוי שלג.
dedicated	המורה **המסורה** בילתה שעות בהכנת שיעורים.
delicate	האגרטל **העדין** נעטף בזהירות בניילון בועות.
demographic	הנתונים **הדמוגרפיים** הראו בבירור אוכלוסייה מזדקנת ומצטמצמת.
department-store	**חנות הכלבו** מוכרת בגדים, מוצרי בית וכלי משק בית.
deposit	היא החליטה **להפקיד** את המשכורת שלה בבנק.
desert	**המדבר** חם מאוד במהלך היום.
determine	מדענים **יקבעו** אילו חיידקים גרמו לזיהום.
differ	התאומים נראים דומים, אבל דעותיהם **נבדלות** זו מזו במידה רבה.
discipline	ביולוגיה היא **תחום** מחקר מרתק שחוקר את כל היצורים החיים.
discomfort	נעילת נעליים בשני מספרים קטנים מדי גורמת **לאי-נוחות** ממשית.
disguise	הגנב לבש **תחפושת** כדי שאף אחד לא יזהה אותו.
disloyal	חבריו **הלא נאמנים** נטשו אותו כשהוא איבד את העבודה.
domestic	היא עזבה את העבודה כדי להתמקד באחריות **הביתית** בבית.
doorstep	חבילה הושארה על **מפתן הדלת** הבוקר.
dozen	היא קנתה **תריסר** ביצים למתכון העוגה.
draft	גברים צעירים ניצבו מול **הגיוס** הצבאי בשנות המלחמה.
dull	הוא נראה **סתום** ואיטי לענות אפילו על שאלות פשוטות.
duplicate	אנא **שכפל** את הדוח הזה ושלח עותקים לכולם.
e.g.	פירות רבים, **לדוגמה** תפוחים ותפוזים, בריאים מאוד.
eccentric	הפרופסור **המוזר** החזיק ארבעים חתולים ולא לבש אף פעם גרביים תואמות.
educate	בתי ספר **מחנכים** ילדים לקריאה, כתיבה וחשבון.
elsewhere	אם המסעדה הזאת מלאה, בואו נאכל **במקום אחר** הערב.
embryo	**עובר** מתפתח בתוך גופה של האם במשך תשעה חודשים.
encounter	**נתקלתי** בחבר ותיק בסופרמרקט אתמול.
endanger	נהיגה פזיזה **מסכנת** את חייהם של כל הנוסעים בכביש.
endangered	דובי הקוטב נמצאים **בסכנת הכחדה** כי שינוי האקלים ממיס את הקרח שלהם.
engage	המנחה ניסה **להעסיק** את הקהל בשאלות.
engagement	**המחויבות** העמוקה שלה לפרויקט הצדקה נמשכה שנים רבות.
enjoyable	הסרט היה **מהנה** וצחקנו לאורכו כולו.
enormous	הפיל היה חיה **עצומה** ששקלה כמה טונות.
ensure	דלתות נעולות **מבטיחות** שאף אחד לא ייכנס בלי אישור.
enthusiastic	היא הייתה כל כך **נלהבת** מהפרויקט החדש שהגיעה מוקדם ונשארה עד מאוחר.
entirely	הסערה הרסה את הבית **לחלוטין** ולא השאירה כמעט כלום.
entitled	אזרחים ותיקים **זכאים** להנחות בחנויות רבות.
envelope	היא הכניסה את המכתב **למעטפה** לבנה בזהירות.
equality	החוק מבטיח **שוויון** בכך שהוא נותן לכולם הזדמנויות וזכויות זהות.
equip	הצבא **צייד** את החיילים בנשק ובציוד מגן.
eraser	היא השתמשה **במחק** כדי להסיר את סימוני העיפרון.
establish	החברה **נוסדה** לפני חמישים שנה בידי שני אחים.
every now and then	**לפעמים** היא מבקרת את סבתה בעיר.
evolutionary	שינויים **התפתחותיים** בבעלי חיים מתרחשים במשך אלפי שנים.
exclusively	החנות מוכרת **באופן בלעדי** מוצרים אורגניים ולא כלום מלבד זה.
expose	העיתונאי **חשף** את הנוהגים העסקיים הבלתי חוקיים של החברה.
eyesight	**הראייה** שלו נחלשה לאחר שנים של הסתכלות במסכים.
facility	לבית החולים יש **מתקנים** מודרניים כמו חדרים נקיים ומיטות נוחות.
fade	הצבעים של השטיח הישן **דוהים** באור שמש חזק.
faint	היא התחילה **להתעלף** אחרי שעמדה יותר מדי זמן בחום.
fame	הספורטאי זכה **לתהילה** לאחר שניצח באליפות.
fancy	היא **העדיפה** לבלות זמן בחוף הים יותר מאשר להישאר בעיר.
faulty	הבלמים **הלקויים** גרמו לתאונת הדרכים בשבוע שעבר.
favored	הקבוצה **המועדפת** ניצחה באליפות בקלות השנה.
figure	היתה לה **גזרה** אתלטית בזכות שנות אימונים.
finalize	אנחנו צריכים **לסכם** את החוזה לפני החתימה עליו.
folk	מוזיקה **עממית** מספרת סיפורים על חייהם של אנשים פשוטים.
for the most part	**בדרך כלל**, אנשים נהנים לבלות זמן בחוץ.
forecast	**תחזית** מזג האוויר צופה גשם כבד מחר אחר הצהריים.
forgettable	הסרט היה כזה **שאפשר לשכוח אותו**, ואני לא זוכר את העלילה.
former	הבוס **לשעבר** שלו התקשר אתמול עם הצעת עבודה חדשה.
formulate	מדענים **מנסחים** את התיאוריות שלהם בזהירות על סמך תצפיות.
fort	**המצודה** הישנה הגנה על העיר מפני התקפות אויב.
fortunate	היא הייתה **בת מזל** ששרדה את תאונת הדרכים הקשה.
fraud	החברה ביצעה **הונאה** בכך ששיקרה לגבי הרווחים שלה.
fulfill	עבודה קשה ונחישות עוזרות לאנשים **להגשים** את מטרותיהם.
fur	**הפרווה** הרכה של הארנב הייתה חמה ותפוחה מאוד.
gamble	הוא החליט **להמר** את כל כספו בקזינו.
generous	היא תרמה תרומה **נדיבה** לבית החולים לילדים.
genuine	היהלום נראה **אמיתי**, אבל התכשיטן אמר שהוא מזויף.
gesture	הוא עשה **מחווה** ידידותית כשנופף בידו בחום.
given that	**בהתחשב בכך** שיורד גשם, כדאי שנדחה את הפיקניק.
graduate	היא **תסיים את לימודיה** באוניברסיטה באביב הבא בהצטיינות.
gross	הכנסתו **ברוטו** לפני מס הייתה חמישים אלף דולר.
guillotine	**הגיליוטינה** הישנה במוזיאון שימשה פעם להוצאות להורג.
gunpowder	**אבק השריפה** הומצא בסין ושינה את פני הלוחמה לתמיד.
gymnasium	**באולם הספורט** יש מגרשי כדורסל וציוד להרמת משקולות.
halt	הנהג נאלץ **לעצור** ברמזור האדום.
hardly ever	הוא **כמעט אף פעם** לא אוכל בשר ומעדיף ירקות.
harmless	התרופה **אינה מזיקה** ואין לה תופעות לוואי חמורות.
harsh	השופט גזר עונש **נוקשה** על הפשע החמור.
hierarchy	**ההיררכיה** בחברה מראה בבירור מי כפוף למי.
hilarious	הבדיחות **המצחיקות** שלו גרמו לכולם לצחוק כל הערב.
horrific	תאונת הדרכים **האיומה** השאירה שלושה כלי רכב מרוסקים עד בלי הכר.
hospitalize	הרופאים נאלצו **לאשפז** אותו לניתוח דחוף.
illustrator	**המאייר** יצר תמונות יפהפיות לספר הילדים.
imaginative	הסיפורים **המלאים בדמיון** שלה כבשו את ליבם של הקוראים הצעירים.
immoral	הוא סירב לנהוג בצורה **לא מוסרית** אפילו למען רווח.
import	החברה **מייבאת** פולי קפה מחוות בברזיל.
improvise	כשהמיקרופון התקלקל, הקומיקאית נאלצה **לאלתר** את כל המופע שלה.
in a word	ההופעה הייתה, **במילה אחת**, יוצאת דופן וממש שווה צפייה.
in contrast to	האישיות הרגועה שלו עמדה **בניגוד** להתפרצויות הזעם של אחיו.
in favor of	הדירקטוריון הצביע **לטובת** העלאת משכורות העובדים בשנה הבאה.
in spite of	הוא סיים את המרתון **למרות** פציעת הברך שלו.
inactivity	לאחר הניתוח, **חוסר הפעילות** שלו גרם לשריריו להיחלש במהירות.
inclusive	החבילה של אתר הנופש **כוללת** ארוחות, חדרים והסעות משדה התעופה.
index	**המדד** הכלכלי הראה שדפוסי ההוצאה הצרכנית השתפרו השנה.
indicate	עננים כהים **מצביעים** על כך שגשם ירד בתוך השעות הקרובות.
inexpensive	היא קנתה נעליים **זולות** שנראו כמעט זהות למותגים יקרים.
influential	המאמר של העיתונאי **רב ההשפעה** עיצב את השיח הלאומי סביב המדיניות.
inject	הרופא **יזריק** תרופה לזרוע שלך כדי לשלוט בכאב.
injure	כניסה רשלנית במהלך המשחק **פצעה** קשות את הקרסול שלו.
innovative	שיטת ההוראה **החדשנית** שלה השתמשה בכלים שאף כיתה לא ניסתה קודם לכן.
insert	אנא **הכנס** את כרטיס האשראי שלך למכשיר כדי למשוך כסף.
insist	היא **תתעקש** לבקר את הוריה בכל סוף שבוע בלי יוצא מן הכלל.
instruction	חוברת **ההוראות** מראה כיצד להרכיב את הרהיט צעד אחר צעד.
integrate	אנחנו צריכים **לשלב** את המערכת החדשה עם התוכנה הקיימת של החברה.
interest	**העניין** שלה בביולוגיה ימית התחיל כשהיא הייתה בת תשע.
interface	**ממשק** המשתמש הופך את הניווט באפליקציה לפשוט עבור מתחילים.
inventor	**הממציא** של הסמארטפון שינה את הדרך שבה אנחנו מתקשרים עם אנשים.
investing	הוא **משקיע** את החסכונות שלו בנדל"ן ובסטארטאפים טכנולוגיים.
investor	כל **משקיע** רוצה תשואות גבוהות עם סיכון מינימלי על ההון שלו.
involve	הפרויקט הזה **יערב** את כל המחלקות שיעבדו יחד לאורך החודש.
jog	היא **רצה** שלושה מייל כל בוקר לפני שהיא הולכת לעבודה במרכז העיר.
joint	המאמץ **המשותף** של שתי הקבוצות הוביל להשקה מוצלחת של המוצר.
joyous	החגיגה **השמחה** נמשכה עד שעה מאוחרת בערב עם מוזיקה וריקודים.
judgment	**השיפוט** של בית המשפט בתיק היה הוגן, ואף אחד לא ערער.
just	התזמון חייב להיות מדויק **בדיוק** כדי שתעלול הקלפים הזה יעבוד.
lane	הישאר **במסלול** שלך בכביש המהיר כדי להימנע מתאונות והתנגשויות.
launch	סוכנות החלל **תשגר** את הרקטה למסלול מחר בבוקר.
league	**ליגה** עתיקה הייתה כשלושה מייל אורך בקירוב.
legalize	החוק החדש **יהפוך לחוקי** את המכירה המקוונת של מאפים ביתיים.
lend	החברה שלי הציעה **להשאיל** לי את המכונית שלה לטיול סוף השבוע.
lengthy	הנאום **הארוך** שיעמם את רוב הקהל באולם הגדול.
leopard	**נמר** מנומר נח בעצלתיים על הענף מעל בור המים.
limitation	**המגבלה** הפיזית שלו מנעה ממנו להתחרות בטורניר הספורט.
linguistic	ההבדלים **הלשוניים** בין אנגלית למנדרינית משמעותיים למדי בסך הכול.
literal	הפרשנות **המילולית** שלו לבדיחה בלבלה את כל מי ששמע אותה.
lobby	העובדים תכננו **לשדל** את ההנהלה להטבות בריאות טובות יותר בעבודה.
loudspeaker	ההכרזה **ברמקול** אמרה לכולם לפנות את הבניין באופן מיידי.
luggage	ארזנו את **המזוודות** שלנו בזהירות כדי שהכול ייכנס למטוס הקטן.
lyric	**מילות השיר** היפות האלה מבטאות עצב עמוק על אובדן מישהו שהוא אהב.
magnificent	האדריכלות **המפוארת** של הארמון הדהימה כל מבקר שראה אותה.
mailman	**הדוור** מחלק מכתבים וחבילות לכל בית ברחוב הזה.
maintain	עליך **לתחזק** את המכונית שלך באופן קבוע כדי למנוע תיקונים יקרים בהמשך.
mandate	**המנדט** של הממשלה מחייב את כל העסקים לפעול לפי כללי הבטיחות החדשים.
manner	**האופן** הגס שבו דיבר פגע בכמה אנשים בפגישה.
manners	**נימוס** טוב כולל הקשבה מנומסת ואי-הפרעה כשאחרים מדברים.
marine	דולפינים ולווייתנים הם דוגמאות לבעלי חיים **ימיים** החיים באוקיינוס.
mathematician	**המתמטיקאי** המבריק פתר את המשוואה המורכבת בפחות משעה.
mayor	**ראש העיר** הכריז על מימון חדש לבתי ספר ולמערכות תחבורה ציבורית.
memorial	העיר בנתה **אנדרטה** בפארק לכבוד כבאים מקומיים.
memorize	היא נאלצה **לשנן** את השיר לפני שדקלמה אותו באסיפת בית הספר.
midair	האקרובטית תפסה את בן זוגה **באוויר** במהלך המופע המרתק.
migrate	ציפורים **מהגרות** דרומה מדי חורף כדי למצוא אקלים חם יותר ומזון.
migration	**הגירת** מיליוני עובדים לערים שינתה את כלכלת המדינה.
minority	דעת **המיעוט** נשמעה אך בסופו של דבר נדחתה על ידי הוועדה.
modernize	העיר מתכננת **להפוך** את מערכת התחבורה הציבורית שלה למודרנית תוך חמש שנים.
modify	אפשר **לשנות** את המתכון על ידי החלפת הסוכר בדבש.
monk	**הנזיר** בילה את כל חייו בתפילה בין כותלי המנזר.
monumental	בניית הגשר הייתה הישג **אדיר** בהנדסה אזרחית מודרנית.
mountainside	עיזים טיפסו על **המדרון** התלול בחיפוש אחר עשב ומקורות מים.
narcotic	רופאים חייבים להגביל מרשמים **לסמים** כדי למנוע התמכרות אצל המטופלים שלהם.
narrative	**הסיפור** שלה על התאונה עזר למשטרה להבין מה קרה.
nationality	לסבתא שלי יש **לאום** איטלקי אבל היא גרה עכשיו בקנדה באופן קבוע.
negotiate	שתי המדינות החליטו **לשאת ולתת** על חילוקי הדעות המסחריים ביניהן באמצעות דיאלוג.
noble	המעשה **האצילי** שלו לתרום מח עצם הציל את חייו של זר.
nominated	היא הוצעה **כמועמדת** לפרס בזכות עבודת המחקר פורצת הדרך שלה.
not to mention	המכונית מהירה ואמינה, **שלא לדבר על** כך שהיא זולה מאוד.
novel	**הרומן** חוקר נושאים של זהות ושייכות לאורך כל העלילה.
objection	**ההתנגדות** שלו לתוכנית הייתה סבירה והתבססה על ראיות מוצקות.
occasion	**האירוע** של פרישתו לגמלאות אסף את עמיתיו לחגוג את הקריירה שלו.
occur	רעידות אדמה **מתרחשות** לעיתים קרובות בקליפורניה בשל מיקומה על קווי שבר.
octopus	**לתמנון** יש שמונה זרועות שבהן הוא משתמש כדי לצוד מזון.
odd	הציור הזה נראה **מוזר** כי הצבעים לא מתאימים היטב זה לזה.
old-fashioned	השמלה **המיושנת** שלה הזכירה לכולם סגנונות אופנה מלפני חמישים שנה.
on the contrary	הוא טען שמעולם לא ביקר בצרפת, אבל **להפך**, הוא גר שם.
once in a while	אני אוכל אוכל מהיר **מדי פעם** כשאני עסוק.
onion	היא קצצה את **הבצל** לחתיכות קטנות לתערובת הסלט.
oppose	הקהילה **תתנגד** לכל תוכנית לסגור את בית הספר המקומי.
orchestrate	היא **תיאמה** עשרות גורמים כדי להוציא לפועל את מסיבת ההפתעה בצורה מושלמת.
ordinary	זה היה סתם בוקר יום שלישי **רגיל** כשהכל השתנה.
organ	הוא למד לנגן **באורגן** בכנסייה הישנה.
orientation	כל העובדים החדשים משתתפים ביום **התמצאות** בשבוע הראשון שלהם בעבודה.
originality	עבודתו של האמן הפגינה **מקוריות** יוצאת דופן שהרשימה את המבקרים.
outdated	דגמי המחשבים האלה **מיושנים** כעת ואינם יכולים להריץ תוכנה מודרנית.
overcome	היא עבדה קשה כדי **להתגבר** על הפחד שלה מדיבור מול קהל.
palm	עצי **הדקל** התנדנדו בעדינות ברוח הטרופית החמה.
parenting	סגנון **ההורות** שלה התמקד בקביעת גבולות ברורים תוך הפגנת חום כלפי ילדיה.
particular	יש מסעדה **מסוימת** שהיית רוצה לנסות הערב?
passive	הוא נקט תפקיד **סביל** ונתן לאחרים לקבל את כל ההחלטות.
patiently	המורה הסבירה **בסבלנות** את הרעיון הקשה לכל תלמיד.
patrol	שוטרים **מסיירים** באזור מרכז העיר כל לילה למען הביטחון.
permit	החוקים החדשים אינם **מתירים** עישון בשום מקום עבודה.
phase	הפרויקט נמצא כעת **בשלב** האחרון של הפיתוח.
physicist	**הפיזיקאי** ערך ניסוי כדי לבחון את התיאוריה המהפכנית שלו.
pit	כורים חפרו **בור** עמוק כדי להפיק מינרלים יקרי ערך מתת הקרקע.
plague	**מגפה** פשטה בכפר ואנשים רבים חלו.
plot	**העלילה** המורכבת של רומן המתח גרמה לקוראים לנחש עד הסוף.
pole	הוא נעץ **מוט** עץ עמוק באדמה כדי לתמוך.
polish	הרקמה **הפולנית** כללה דוגמאות מורכבות שעברו מדור לדור.
possession	הדבר היקר ביותר שהיה **ברשותו** היה השעון העתיק שקיבל מסבו.
poverty	משפחות רבות חיו **בעוני** ללא גישה למים נקיים.
praise	המאמן **שיבח** את הקבוצה על העבודה הקשה והמסירות שלה.
precise	אנחנו צריכים מדידות **מדויקות** כדי לבנות את הארון הזה כראוי.
preferable	ירקות טריים **עדיפים** על קפואים להכנת ארוחות בריאות.
prestigious	הגביע הזה כל כך **יוקרתי** שכל ספורטאי מוביל חולם לזכות בו.
prevention	**מניעת** פשיעה דורשת גם מעורבות קהילתית וגם שיטור יעיל.
prey	הנץ ריחף מעל וחיפש **טרף** קטן בשדה.
prior	אין לה שום ניסיון **קודם** בעבודה בבית חולים.
prior to	**קודם** לפגישה, אנא עברו על כל המסמכים הרלוונטיים.
procedure	יש לעקוב אחר **ההליך** הנכון בעת הפעלת המכונה הכבדה הזו.
profitable	האסטרטגיה החדשה של החברה התבררה **כרווחית** מאוד תוך שנה אחת בלבד.
progressive	ללא טיפול, המחלה עוברת מהלך **מתקדם ומתמשך** שמחמיר בהדרגה.
property	לזהב יש את **התכונה** שהוא נדיר ויקר ערך כאחד.
publication	**פרסום** המחקר שלה חשף ממצאים חדשים וחשובים.
quantity	המאפייה הפחיתה את **כמות** הסוכר במתכונים שלה.
radical	הם הציעו שינוי **קיצוני** לכל מערכת החינוך.
radically	הטכנולוגיה שינתה **באופן קיצוני** את האופן שבו אנשים מתקשרים זה עם זה.
rather	הייתי **מעדיף** להישאר בבית מאשר ללכת למסיבה.
recall	אני עדיין יכול **להיזכר** ברגע המדויק שבו נפגשנו לראשונה.
refund	אפשר לבקש **החזר** כספי תוך שלושים יום מהרכישה.
refusal	**הסירוב** שלו להודות בטעות הכעיס את כולם בחדר.
refuse	העירייה אוספת **אשפה** פעמיים בשבוע מכל שכונה.
remains	למרות המכשולים, היא **נשארת** נחושה לסיים את המרתון.
remarkable	הכישרון **יוצא הדופן** שלה לשפות הרשים את כל מי שפגש אותה.
renew	עליך **לחדש** את הדרכון שלך לפני הנסיעה לחוץ לארץ.
reservation	**שמורה** גדולה הוקמה כדי להגן על היער מפני כריתה.
residence	אחרי הקולג', היא העתיקה את מקום **מגוריה** למרכז העיר.
respectfully	היא דיברה **בכבוד** אל הפרופסור הקשיש במהלך השיחה.
result in	תכנון לקוי עלול **להסתיים** בטעויות יקרות ובעיכובים בפרויקט.
retire	הוא החליט **לפרוש** בגיל שישים וחמש אחרי ארבעים שנה.
retreat	אחרי שבוע מלחיץ, היא אוהבת **לסגת** לגינה השקטה שלה.
revolutionary	הטכנולוגיה **המהפכנית** שינתה את האופן שבו אנחנו חושבים על תחבורה.
rubbish	בבקשה שימו את **הזבל** בפח לפני שאתם עוזבים.
sacred	ארוחת המשפחה בימי ראשון הייתה **קדושה** בביתם, ושום דבר לא הפריע לה.
sanction	בית הספר הטיל **סנקציות** חמורות על תלמידים שהפרו את קוד הלבוש.
scale	**המאזניים** הראו שהוא עלה עשר קילו מאז השנה שעברה.
season	זכרו **לתבל** את המרק היטב לפני שמגישים אותו לאורחים.
sensitivity	למטופל הייתה **רגישות** לתרופות מסוימות והוא נדרש למעקב קפדני.
sequel	**ההמשך** לספר הפופולרי הזה היה אפילו טוב יותר מהמקורי.
severe	המטופל סבל מזיהום **חמור** שדרש אשפוז.
shortly	החנות החדשה תיפתח **בקרוב**, אז שימו לב להודעה.
shuffle	בבקשה **ערבבו** את חפיסת הקלפים לפני שמחלקים אותם לכולם.
similarly	הוא התקשה במתמטיקה, **ובאופן דומה**, אחותו מצאה אותה קשה.
simplify	תוכל **לפשט** את ההוראות האלה כדי שיהיה קל יותר להבין אותן?
simulate	התוכנה יכולה **לדמות** תנאי מזג אוויר שונים לצורכי מחקר.
skepticism	**הספקנות** שלה לגבי התוכנית התבררה כמוצדקת כשצצו בעיות.
slight	היה עיכוב **קל** בלוח הזמנים של הגעת הרכבת.
snap	הענף **יישבר** אם תנסה לכופף אותו יותר מדי.
sober	אחרי ששתה רק מים כל הלילה, הוא נשאר **פיכח** לגמרי.
sophisticated	הציוד **המתוחכם** דרש הכשרה נרחבת כדי להפעיל אותו כראוי.
spare	יש לך זמן **פנוי** כדי לעזור לי עם הפרויקט הזה?
specialize	אחרי הקולג', היא החליטה **להתמחות** בדיני עסקים בינלאומיים.
species	מדענים גילו **מין** חדש של ציפור ביער הנידח.
spectacular	תצוגת הזיקוקים הייתה **מדהימה** לחלוטין וריגשה את הקהל.
spontaneously	הם החליטו **ללא תכנון** לצאת לטיול כביש ברגע האחרון.
spring	**מעיין** ההר סיפק מים מתוקים לכפר הסמוך.
stability	**יציבות** כלכלית חיונית לצמיחה ארוכת הטווח של המדינה.
steady	קצב הלב נשאר **יציב** לאורך כל הניתוח הארוך והמסוכן.
steam	**אד** עלה מכוס התה החמה.
strengthen	פעילות גופנית סדירה **תחזק** את השרירים שלך עם הזמן.
strike	ברק יכול **להכות** בכל רגע במהלך סופות.
stun	המכה שספג בראשו הספיקה כדי **להמם** אותו לרגע.
subjective	השאלה אם הסרט טוב נשארת עניין **אישי** לחלוטין.
summary	הוא כתב **סיכום** בן שני עמודים לכל הדוח בן חמש מאות העמודים.
superior	ציוניה היו **עליונים** בבירור על ציוני כל השאר בכיתה.
surveillance	החנות התקינה מצלמות **מעקב** לצורכי אבטחה.
suspense	**המתח** בסרט גרם לנו לנחש עד הרגע האחרון.
sweep	היא התחילה **לטאטא** את רצפת המטבח מדי יום.
temple	תיירים חקרו את **המקדש** העתיק שנבנה בידי ציוויליזציה קדומה.
tend	אנשים מבוגרים **נוטים** להתעורר הרבה יותר מוקדם.
tension	**המתח** ביניהם גבר במשך כמה חודשים.
terminate	החברה החליטה **לסיים** את כל הפרויקט.
throughout	היא נשארה רגועה **במשך** כל הפגישה הקשה.
thus	המבחן היה קשה; **לכן**, תלמידים רבים נכשלו.
to begin with	**בתור התחלה**, עלינו להבין את הבעיה.
trace	הבלש מצא **עקבת** דם חשובה בחוץ.
transparent	קירות הזכוכית **השקופים** אפשרו לכולם לראות החוצה.
trial	המדען ערך כמה **ניסויים** לפני שקיבל תוצאה ברורה.
tribe	**השבט** חי יחד בכפר סמוך.
trip	הוא התחיל **למעוד** על הרצפה הרטובה.
unattractive	הבניין הישן היה חשוך **ולא מושך** במיוחד.
unconscious	המתאגרף שכב **מחוסר הכרה** על המזרן במשך דקות.
uncountable	יש **אינספור** כוכבים בשמיים, והם רחוקים.
uncritical	הקבלה **הלא ביקורתית** שלו של כל עצה התבררה כטיפשית.
underneath	הכדור התגלגל **מתחת** לשולחן במהלך המשחק.
unexplored	עמוק מתחת להרים יש מערות רבות **שלא נחקרו**.
unfamiliar	השפה **הלא מוכרת** הקשתה להזמין.
unforgettable	שנים לאחר מכן, היא עדיין הצליחה לתאר כל פרט מהיום **הבלתי נשכח** ההוא.
unimaginable	איש לא הצליח לדמיין את הגודל **הבלתי נתפס** של היקום.
union	העובדים הקימו **איגוד** כדי לדרוש שכר גבוה יותר.
unjust	העונש **הלא צודק** שהוטל על החפים מפשע הלם את כולם.
unless	לא נעזוב **אלא אם כן** תרשה זאת.
unorthodox	שיטות ההוראה **הלא שגרתיות** שלו בלבלו תלמידים רבים.
unwilling	גם אחרי ההתנצלות שלו, היא נשארה לגמרי **לא מוכנה** לסלוח לו.
upside down	הציור היה תלוי **הפוך** בגלריה.
using up	אנחנו **מכלים** את כל הכסף שלנו.
variable	מזג האוויר באביב יכול להיות **משתנה** למדי.
vertical	הקווים **המאונכים** על הקיר עוברים מלמעלה למטה.
viewer	כל **צופה** צפה בסרט כולו בלי לזוז.
visualize	נסה **לדמיין** חוף שקט כשאתה לחוץ.
vocal	הוא היה **קולני** לגבי רצונו באוכל טוב יותר בקפיטריה.
volcanic	ההתפרצות **הוולקנית** הרסה חלק גדול מהאזור.
volume	**נפח** המים בבריכה ירד.
vulnerable	תינוקות שזה עתה נולדו הם **פגיעים** וזקוקים לטיפול מתמיד.
withdraw	היא החליטה **לסגת** מהבקשה שלה לפני המועד האחרון.
worthy	רק המועמדים **הראויים** ביותר יקבלו מלגות.
yet	מזג האוויר היה נוראי, **אך** המשחק נמשך כמתוכנן.
accelerate	המכונית התחילה **להאיץ** במורד הכביש המהיר.
acceptance	מכתב **הקבלה** שלה מהאוניברסיטה הגיע מוקדם מהצפוי.
accessible	המוזיאון **נגיש** בקלות בתחבורה ציבורית.
accuracy	**הדיוק** של השעון גרם לכך שהוא מעולם לא איבד אפילו שנייה אחת.
accusation	**ההאשמה** בגניבה הייתה חמורה מאוד ומזעזעת.
adopt	משפחות רבות בוחרות **לאמץ** ילדים מחוץ לארץ.
adore	בתי פשוט **אוהבת** מאוד לבלות זמן עם סבתה.
adulthood	היא הגיעה **לבגרות** ועברה לגור מחוץ לבית.
advisor	**היועץ** הפיננסי עזר לו לתכנן את הפרישה.
affair	**פרשת** העסקים השערורייתית הלמה את כולם בעיר הקטנה.
agony	היא הייתה **בייסורים** גמורים אחרי ששברה את הקרסול.
align	בבקשה **יישרו** את התמונות בקו ישר.
alongside	הבניין החדש נבנה **לצד** הישן.
altogether	**בסך הכל**, הוצאנו חמשת אלפים דולר על החופשה.
amusement	**השעשוע** שלה היה ברור כשצחקה מהבדיחה המטופשת.
anchor	הספינה הורידה את **העוגן** כדי למנוע סחיפה.
anticipation	ילדים חיכו **בציפייה** לחגיגת יום ההולדת.
antique	האגרטל **העתיק** היה שווה אלפי דולרים.
apathetic	היא נראתה **אדישה** לחלוטין לגבי תוצאת המשחק.
applicant	כל **מועמד** חייב למלא את טופס הבקשה בקפידה.
artifact	הארכיאולוג גילה **חפץ** עתיק בהריסות.
aspect	כל **היבט** בעיצוב, מהצבע ועד הגודל, היה חשוב.
assassination	היסטוריונים עדיין חוקרים את **ההתנקשות** במלך הקדום לפני מאות שנים.
asset	**הנכס** הגדול ביותר של החברה היה הצוות המוכשר שלה.
assign	המורה **תקצה** שיעורי בית כל יום.
authorize	רק המנהל הבכיר יכול **להרשות** רכישות כאלה.
availability	**זמינות** מקומות החניה הייתה מוגבלת למדי.
await	**נמתין** לתשובתך במשרד.
awareness	**המודעות** לנושאים סביבתיים גדלה במידה ניכרת.
bandage	שים **תחבושת** על החתך כדי לעצור את הדימום.
blink	הילדה הקטנה **מצמצה** בעיניה כמה פעמים.
bloom	עצי הדובדבן **פורחים** בפרחים ורודים יפים בכל אביב.
brainwash	החברה ניסתה **לשטוף את המוח** של עובדים חדשים כדי שיעבדו שעות נוספות ללא תשלום בלי להתלונן.
broaden	קריאת ספרים רבים ושונים באמת עזרה **להרחיב** את נקודות המבט שלו על העולם.
canal	**התעלה** מחברת בין שני נהרות גדולים בשפלה.
careless	הוא עשה טעות **רשלנית** ושפך קפה על כל המחשב הנייד החדש שלו.
caution	סרט **זהירות** צהוב הזהיר מפני הרצפה הרטובה המסוכנת.
certify	המפקח **יאשר** שהבניין בטוח.
circuit	הרצים השלימו שלושה הקפים מלאים של **מסלול** המרוץ.
clarify	תוכל **להבהיר** למה התכוונת בזה?
classify	מדענים **מסווגים** בזהירות בעלי חיים לפי מאפיינים פיזיים והתנהגותיים.
cloak	האביר לבש **גלימה** אדומה מעל השריון שלו.
coastline	**קו החוף** הסלעי השתרע לאורך קילומטרים רבים לאורך הים.
coincidence	זה היה **צירוף מקרים** טהור שנפגשנו שוב.
collaborate	שני האמנים החליטו **לשתף פעולה** בפרויקט.
collision	**ההתנגשות** בין המכוניות הייתה רועשת מאוד.
combine	צריך **לשלב** את הקמח והסוכר בקערת ערבוב גדולה.
commentary	**הפרשנות** הספורטיבית הסבירה כל מהלך לפרטי פרטים.
commerce	**המסחר** הבינלאומי מביא סחורות מכל רחבי העולם.
comparison	**ההשוואה** בין שני המחירים הייתה משמעותית למדי.
compensate	החברה **תפצה** אותך על הנזקים.
complication	**סיבוך** בלתי צפוי התעורר במהלך הניתוח אתמול.
compost	אנחנו שומרים את כל שאריות הירקות שלנו **לקומפוסט** של הגינה.
comprehension	**הבנת** הקריאה שלה השתפרה משמעותית בזכות תרגול יומיומי קבוע.
compress	צריך **לדחוס** את הקבצים לפני השליחה.
conclude	השופט **יסיים** את המשפט מחר בבוקר.
confront	היא החליטה **להתעמת** איתו בנוגע להתנהגותו.
confrontation	**העימות** בין שתי הקבוצות הפך למכוער.
conquer	היא הייתה נחושה **לכבוש** את הפחד שלה מדיבור מול קהל השנה.
conscious	היא נשארה **מודעת** וערנית לאורך כל הפרוצדורה הרפואית.
consequence	**התוצאה** העיקרית של הזיהום היא נזק סביבתי.
consideration	**שקלנו** את דעתו בקפידה רבה לפני קבלת ההחלטה.
consistent	הביצועים שלו היו **עקביים** לאורך כל העונה.
consistently	הוא הגיע באיחור **בעקביות** לכל פגישה.
consume	רוב האנשים **צורכים** כמויות עצומות של מים מדי יום.
consumers	**הצרכנים** דורשים מוצרים באיכות טובה יותר תמורת כספם.
continuous	החברה מספקת תמיכה **מתמשכת** ללקוחותיה.
contribute	כולם צריכים **לתרום** רעיונות לפרויקט הקבוצתי.
convoy	**השיירה** הצבאית נסעה במדבר בבטחה.
cope	היא למדה **להתמודד** עם לחץ עם הזמן.
cord	הוא קשר את **החוט** בחוזקה סביב החבילה.
cornerstone	עבודה קשה ומסירות הן **אבני הפינה** של כל קריירה מוצלחת.
costly	הטעות הזו התבררה **כיקרה** מאוד.
county	יריד **המחוז** מתקיים כאן בכל קיץ.
courageous	הכבאים **האמיצים** חילצו אנשים מהבניין הבוער.
craftsmen	**האומנים** בנו את הרהיטים במיומנות רבה.
crop	הגנן החליט **לקצץ** את הצמחים הגבוהים.
currency	שער החליפין של **המטבע** השתנה משמעותית שוב הבוקר בבנק.
custom	זהו **מנהג** מקומי לברך שכנים במתנה קטנה.
dagger	האספן הציג בגאווה **פגיון** עתיק במוזיאון הפרטי שלו.
dairy	מוצרי **המחלבה** בחנות הזו טריים מאוד.
decade	הטכנולוגיה השתנתה באופן דרמטי במהלך **העשור** האחרון.
declaration	המנהל קרא **הצהרה** רשמית שהכריזה על מדיניות הבטיחות החדשה של החברה.
definite	קווי הגבול היו **ברורים** ומסומנים היטב.
deform	החום הקיצוני **יעוות** בהדרגה את מיכל הפלסטיק.
demonstrate	הרופא **ידגים** את הטכניקה הנכונה במהלך מפגש ההדרכה.
denial	**ההכחשה** שלה של העובדות הברורות הייתה מפתיעה למדי.
dense	היער **הצפוף** חסם את רוב האור.
desirable	הנכס הזה **נחשק** מאוד בשוק.
desperation	מתוך **ייאוש** מוחלט, הוא מכר את המכונית שלו רק כדי לשלם את שכר הדירה.
devastated	הבניין כולו **נהרס** לחלוטין מהפיצוץ.
diabetes	היא מנהלת את **הסוכרת** שלה באמצעות תרופות ותזונה.
diagnose	הרופא **יאבחן** את מצבך במהלך התור.
dialect	**הניב** המקומי משתמש במילים שונות לגמרי לירקות נפוצים.
dictate	הבוס **יכתיב** מי יקבל את הקידום.
differentiate	היא הייתה צריכה **להבדיל** בין שני העיצובים.
dim	התאורה **העמומה** הקשתה על הקריאה.
disapproving	המבט **הלא מאשר** שלה הראה שהיא לא מסכימה.
disciplined	המאמן **יעניש** שחקנים שמפרים את הכללים.
discrimination	**אפליה** נגד כל קבוצה היא פסולה ובלתי חוקית.
disgust	הזבל המרקיב מילא את כולם **בגועל** מיידי.
disobey	ילדים צעירים לעיתים קרובות **לא מצייתים** להוריהם בכוונה.
disorder	החדר היה **באי-סדר** מוחלט אחרי המסיבה.
disrupt	רעש חזק ובלתי צפוי עלול **לשבש** את כל הפגישה.
distinction	**ההבחנה** בין שני הרעיונות משמעותית.
distinguish	אתה יכול **להבחין** בין שני הצבעים הדומים מאוד האלה?
distract	הפנס הבהיר **הסיח** את דעתו מהמשימה שלו.
distribute	המתנדבים **יפיצו** שמיכות לחסרי הבית.
distribution	**הפצת** המשאבים הייתה הוגנת ומאוזנת.
disturbance	**ההפרעה** בכיתה נמשכה שעות.
diversity	ליער יש **מגוון** גדול של מיני בעלי חיים החיים בו.
downhill	המטייל הלך **במורד** לכיוון העמק שמתחת להר.
drain	היא שלפה את הפקק כדי **לנקז** את המים מהכיור.
drift	הסירה החלה **להיסחף** לאט לכיוון החוף הסלעי.
drip	מים **מטפטפים** מהברז טיפה אחת בכל פעם.
duel	שני סייפים נלחמו **בדו-קרב** עם שחר אתמול.
dwarf	הבניין הגבוה **מגמד** את הבתים הקטנים ברחוב.
dye	היא השתמשה **בצבע** כדי להפוך את הבד לאדום עמוק.
dynasty	**שושלת** מינג שלטה בסין במשך כמעט שלוש מאות שנה.
edition	**המהדורה** הראשונה של הספר הזה נדירה מאוד היום.
elect	התלמידים **יבחרו** נציג כיתה חדש לפני חופשת החורף.
emblem	הנשר הוא **סמל** של כוח וחירות.
emphasis	המורה שם **דגש** על החשיבות של עבודה קשה.
emphasize	המאמן **הדגיש** את הצורך בעבודת צוות בכל משחק.
enforce	שוטרים **אוכפים** את החוק כדי לשמור על ביטחון הקהילה.
enlarge	אתה יכול **להגדיל** את התמונה כדי לראות יותר פרטים בבירור.
enrage	ההערה הגסה שלו בארוחת הערב **הרגיזה** אותה יותר משהוא הבין.
enrich	נסיעות יכולות **להעשיר** את המוח שלך ולהרחיב את תפיסת העולם שלך.
enroll	תלמידים חייבים **להירשם** לקורס לפני תחילת הסמסטר.
enthusiasm	**ההתלהבות** שלה לציור ברורה בכל יצירה.
envious	הוא היה **מקנא** כשחברו קיבל את הקידום ראשון.
equivalent	עשרה דולרים **שווים** בקירוב למחיר של ארוחת צהריים.
erosion	**סחף** מים כירסם לאט באבנים במשך שנים.
essentially	החורף הוא **במהותו** העונה הקרה ביותר בשנה כולה.
estimate	אני **מעריך** שהפרויקט ייקח בסך הכל כשלושה שבועות.
evaluate	מורים **מעריכים** את התקדמות התלמידים בסוף כל מחצית.
evaluation	**הערכת** הביצועים הראתה גם חוזקות וגם תחומים לשיפור.
evenly	פזרו את הצבע **באופן שווה** על פני כל הקיר.
evident	העצב שלו היה **ברור** לכולם בחדר היום.
exceptional	לתלמיד הזה יש כישרון **יוצא דופן** במתמטיקה ובמדעים.
exclude	המועדון החליט **להוציא מן הכלל** חברים שלא שילמו.
exhausting	זה היה יום עבודה **מתיש** בחום.
exhibit	המוזיאון **יציג** ציורים מכל רחבי העולם.
exhibition	**תערוכת** האמנות הציגה עבודות של מאות אמנים שונים.
expedition	**משלחת** הארקטיקה נמשכה שישה חודשים בשלג.
expertise	**המומחיות** שלה ברפואה נובעת משנות לימוד.
explicit	המורה הייתה **מפורשת** לגבי הכללים לשיעורי הבית.
exposure	**חשיפה** לאור שמש עוזרת לצמחים לגדול מהר יותר וחזק יותר.
exterior	החזית **החיצונית** של הבית נצבעה בגוון כחול בהיר.
extinct	הדינוזאורים **נכחדו** כבר מיליוני שנים.
extract	רופא השיניים **יחלץ** את השן הפגועה בשבוע הבא.
faithful	הכלב **הנאמן** שלו נשאר לצידו בכל יום ויום.
farther	החנות רחוקה בהרבה **יותר** משציפיתי ללכת.
fasten	**הדקו** את חגורת הבטיחות לפני שהמכונית מתחילה לנוע קדימה.
fiber	ירקות מכילים הרבה **סיבים** שמסייעים לעיכול.
fierce	הכלב **הפראי** נבח בקול רם על שליח המשלוחים.
findings	**ממצאי** המחקר הראו דפוסים מפתיעים.
flaw	לכל תכשיט יש **פגם** זעיר אם מסתכלים היטב.
flee, fled	הארנבת המבוהלת ניסתה **להימלט** לפני שהשועל התקרב יותר.
fluent	היא שולטת בארבע שפות שונות בצורה **שוטפת** מאז ילדותה.
fluid	שפכו את **הנוזל** לאט לתוך המיכל כדי למנוע שפיכה.
fossil	מדענים מצאו **מאובן** של יצור ים עתיק.
fragile	אגרטל הזכוכית **השביר** נשבר כשנפל על הרצפה.
frequency	**תדירות** רעידות האדמה עלתה בשנים האחרונות כאן.
frequent	הוא עושה נסיעות **תכופות** לעיר לצורכי עבודה.
fury	**הזעם** שלה על העוול היה בלתי אפשרי להסתיר.
garlic	המתכון דורש שני שיני **שום** טרי ובצל.
govern	סט כללים מחמיר **יקבע** את אופן פעולת המועדון.
gradually	מזג האוויר התחמם **בהדרגה** ככל שהאביב פינה את מקומו לקיץ.
grain	**גרגר** חול הוא זעיר ביותר אך יכול לשרוט.
grapes	**ענבים** גדלים על גפנים בכרמים ברחבי העולם.
grateful	אני **אסיר תודה** על העזרה שלך בתקופה הקשה ההיא.
grave	**קברו** של אבי אבותיו מסומן באנדרטת אבן ישנה.
grocery	קניתי חלב ולחם **במכולת**.
guidance	המורה העניק **הנחיה** כדי לעזור לכל תלמיד להשתפר בהתמדה.
handful	היא אכלה **קומץ** שקדים כחטיף הבוקר שלה.
handicap	**המוגבלות** הפיזית שלו לא מנעה ממנו להשיג יעדים.
harass	הבריון היה **מטריד** תלמידים אחרים במסדרונות.
harmful	עישון **מזיק** לבריאות שלך ולסביבה.
herb	בזיליקום הוא **עשב** תיבול פופולרי שמשמש במתכונים רבים.
heroine	**גיבורת** הסיפור הצילה את הכפר שלה כולו.
hesitate	אל **תהססו** לבקש עזרה כשצריך.
housemaid	**עוזרת הבית** ניקתה את כל החדרים בבית הגדול.
humble	הוא נשאר **צנוע** למרות שזכה בפרסים וכיבודים רבים.
hypothesis	המדענית בדקה את **ההשערה** שלה לגבי גדילת צמחים כאן.
identical	שני התאומים נראים **זהים** לחלוטין לכולם.
identically	שני הפתרונות מעוצבים **באופן זהה** ומאורגנים בצורה מושלמת.
idolize	אוהדים **מעריצים** שחקנים וספורטאים מפורסמים האהובים עליהם.
illustrate	הדוגמה עוזרת **להמחיש** את הרעיון בצורה ברורה.
imitation	הארנק הזה הוא **חיקוי** של המותג המעצב היקר.
immigrate	היא החליטה **להגר** לקנדה בשביל הזדמנויות עבודה טובות יותר.
immune	אחרי שהחלימה מהנגיף, היא הייתה **חסינה** לזן הזה.
implement	החברה **תיישם** כללי בטיחות חדשים בחודש הבא.
implementation	התוכנית נראתה מושלמת על הנייר, אבל **המימוש** שלה חשף בעיות רציניות.
impulse	היא קנתה את הנעליים היקרות **בדחף** פתאומי בלי לחשוב.
inconsistent	איכות העבודה שלו הייתה **לא עקבית**, יש ימים מצוינים ויש ימים נוראיים.
infectious	המחלה **המדבקת** התפשטה מהר בבית החולים הצפוף.
inferior	המותג הזול הזה **נחות** באיכותו לעומת המקורי.
infrastructure	לכפר המרוחק חסרה **תשתית**, ולכן משאיות לא יכלו להעביר אספקה בבטחה.
ingredient	סוכר הוא **מרכיב** מרכזי במתכון של עוגת השוקולד הזאת.
initiated	המנהל **יזם** את תוכנית ההכשרה החדשה בשבוע שעבר.
insight	**התובנה** שלה לגבי הבעיה עזרה לנו למצוא פתרון.
inspect	מפקח הבנייה **יבדוק** את הבית לאיתור בעיות בטיחות.
insure	עליך **לבטח** את הרכב שלך לפני שאתה נוהג בו בכבישים ציבוריים.
intentional	הגסות **המכוונת** שלו פגעה ברגשותיה מאוד.
interfere	אני לא רוצה **להתערב** בהחלטות האישיות שלך.
interior	החלק **הפנימי** של הבית עוצב בצורה יפהפייה.
interpret	היא ניסתה **לפרש** את ההתנהגות המוזרה שלו כסימן ללחץ.
interpretation	**הפרשנות** שלו לשיר הייתה שונה מהמקור.
invade	החיילים תכננו **לפלוש** לאי תחת מעטה החשכה.
invaders	**הפולשים** כבשו את העיר והשתלטו עליה.
invasion	**הפלישה** גרמה לאלפי אנשים לברוח מבתיהם מתוך פחד.
invasive	מין הצמח **הפולשני** התפשט בכל הגינה.
inventory	החנות צריכה לבדוק את **המצאי** שלה לפני שהיא מזמינה עוד פריטים.
jewel	היא ענדה **תכשיט** יפהפה סביב צווארה.
junkyard	מכוניות ישנות נערמו גבוה **במגרש הגרוטאות** המלוכלך.
just as... so...	**בדיוק כמו** שלציפורים יש כנפיים, **כך גם** לדגים יש סנפירים.
kite	הילד הטיס **עפיפון** צבעוני בפארק הסוער.
knot	הוא **קשר** קשר חזק כדי להחזיק את החבל.
laborer	**הפועל** עבד כל היום בבניית הגשר החדש.
landscape	**נוף** ההרים היפהפה עצר לנו את הנשימה.
legacy	**המורשת** של סבו כללה עסק משפחתי בעל ערך.
lens	**עדשת** המצלמה התמקדה בהר המרוחק.
lethal	הרעל **הקטלני** הרג את החולדה כמעט באופן מיידי.
literature	היא למדה **ספרות** אנגלית באוניברסיטה במשך ארבע שנים.
malfunction	**כשל** במנוע הכריח את המטוס לבצע נחיתת חירום.
manufacture	המפעל **מייצר** אלפי מכוניות בכל חודש.
margin	כתוב את ההערות שלך **בשוליים** של הדף.
masculine	קולו העמוק היה **גברי** וחזק מאוד.
masterpiece	הציור הזה נחשב **ליצירת מופת** של אמנות הרנסנס.
maze	הילדים הלכו לאיבוד **במבוך** התירס למשך שעות.
medicinal	העשב **הרפואי** הזה עוזר להפחית חום וכאבי גוף.
merchandise	החנות מציגה את **המוצרים** שלה על מדפים ליד הכניסה.
merge	שתי **החברות** יתמזגו לתאגיד גדול אחד.
milestone	סיום בית הספר היה **אבן דרך** חשובה בחייה.
misbehave	הילד **יתנהג בצורה לא הולמת** אם לא תיתן לו תשומת לב.
monarch	**המלך** שלט במדינה בחוכמה במשך שנים רבות.
morale	**המורל** של הקבוצה היה נמוך אחרי שהפסידה במשחק.
mosquito	**יתוש** עקץ אותי והשאיר בליטה אדומה מגרדת.
narration	**הקריינות** בסרט נעשתה על ידי שחקן מפורסם.
negotiation	**המשא ומתן** בין העובדים לבוס נמשך שלושה ימים.
obligation	הוא הרגיש **התחייבות** לעזור לאמו הקשישה.
observer	**משקיף** צפה בניסוי בקפידה כדי לתעד את כל התוצאות.
obtain	היא עבדה קשה כדי **להשיג** את התואר האוניברסיטאי שלה.
occasional	דודתי מבקרת אותנו **מדי פעם** במהלך השנה.
occasionally	היא שותה קפה **מדי פעם** אבל בדרך כלל מעדיפה תה.
occasions	היו **הזדמנויות** מיוחדות שבהן הלכנו למסעדות יוקרתיות.
offender	**הפושע** נתפס ונלקח לתחנת המשטרה.
offense	**העבירה** הייתה חמורה ודרשה הופעה בבית משפט.
ongoing	הבנייה **המתמשכת** הפכה את השינה לבלתי אפשרית.
orderly	הוא תמיד שמר על הקבצים שלו **מסודרים**, הכל מתויג ובמקומו.
outcome	**התוצאה** של הבדיקה הרפואית הפתיעה גם את הרופא וגם את המטופל.
outlaw	הממשלה החליטה **להוציא** את העישון אל מחוץ לחוק במקומות ציבוריים.
outpost	**המוצב** הצבאי היה ממוקם רחוק מהבסיס הראשי.
overdo	אל **תפריז** בכמות המלח במרק, אחרת הוא יהיה לא טעים.
overlaps	שני המלבנים **חופפים** באמצע הדיאגרמה.
overly	הוא היה מודאג **יותר** מדי מלעשות טעות קטנה.
paragraph	**הפסקה** הראשונה בספר מציגה את הדמות הראשית.
partial	השגנו רק פתרון **חלקי** לבעיה המורכבת.
participate	תלמידים רבים **ישתתפו** בתחרות הספורט של בית הספר.
peek	אל **תציץ** במתנת יום ההולדת שלך לפני המסיבה.
performer	**המבצע** המיומן רקד בצורה יפהפייה על הבמה.
petroleum	**נפט** הוא משאב יקר ערך שמפעיל תעשיות רבות.
pigeon	**יונה** נחתה על ספסל הפארק לידי.
poll	**הסקר** הראה שרוב התלמידים העדיפו פיצה על פני סלט לארוחת צהריים.
pollution	**זיהום** האוויר בעיר מקשה על הנשימה.
populate	מתיישבים החלו **לאכלס** את האזורים המרוחקים של הטריטוריה.
postpone	החברה החליטה **לדחות** את הפגישה לשבוע הבא.
precision	מנתח עובד **בדיוק** רב במהלך ניתוחים עדינים.
predict	מדענים **צופים מראש** שהטמפרטורות יעלו בשנים הקרובות.
prediction	**חיזוי** מזג האוויר אמר שגשם ירד מחר בבוקר.
preserve	אנחנו **משמרים** ירקות טריים על ידי החזקתם קרים במקרר.
primarily	שרה מתעניינת **בעיקר** בבישול ובגינון השנה.
probable	נראה **סביר** שהרכבת תגיע בזמן לאור ההיסטוריה הארוכה שלה באמינות.
prolong	הרופאים החליטו **להאריך** את שהותו בבית החולים בשבועיים נוספים לצורך מעקב.
promote	החברה **תקדם** אותו לתפקיד מנהל בחודש הבא.
proportion	**שיעור** גדול מהתלמידים עבר את המבחן הסופי.
proposition	הוא הציג **הצעה** עסקית שעניינה את המשקיעים.
publicized	השערורייה **פורסמה** בכל עיתון ואתר אינטרנט.
pupil	כל **תלמיד** קיבל ספר לימוד חדש ביום הראשון.
purification	**טיהור** המים דרש כמה טיפולים כימיים.
purposely	היא נמנעה **בכוונה** מאזור הקניות הצפוף בסופי שבוע.
puzzled	התלמיד נראה **מבולבל** כשהוסבר לו תרגיל החשבון.
quake	האדמה החלה **לרעוד** בעוצמה מתחת לרגלינו.
qualify	היא **תהיה מוסמכת** לקבל את המלגה אם הציונים שלה ישתפרו.
railroad	**מסילת הרכבת** החדשה תחבר בין שתי הערים עד השנה הבאה.
rates	**שיעורי** הריבית עלו כי הכלכלה צמחה מהר.
readiness	**המוכנות** שלה לתחרות נבעה מחודשים של אימונים.
rebellious	המתבגר **הסורר** סירב לציית לאף אחד מהכללים.
reconstruct	ארכיאולוגים **משחזרים** בניינים עתיקים מחתיכות שהם מוצאים.
recreate	היא ניסתה **לשחזר** את מתכון המשפחה הישן מהזיכרון.
recruit	הצבא **יגייס** חיילים חדשים בקיץ הזה.
recurring	הסיוט **החוזר** שלו על נפילה העיר אותו רוב הלילות.
refer	הדוח **מתייחס** למחקר שנעשה בקנדה.
reflect	היא הקדישה זמן **להרהר** בכל מה שקרה השנה.
reflection	הוא ראה את **השתקפותו** במי האגם השקטים.
refugee	משפחת **הפליטים** עזבה את הכפר המוצף שלה והזדקקה למקלט זמני.
regain	אחרי הניתוח, לקח חודשים **להשיג מחדש** כוח מלא.
regardless	היא יצאה לטיול **למרות** תחזית מזג האוויר.
regime	**השלטון** שלט בכל היבטי חייהם היומיומיים של האנשים.
regulation	**תקנה** חדשה תאסור שקיות פלסטיק בחנויות.
rehabilitation	תוכניות **שיקום** עזרו לאסירים לשעבר למצוא עבודה אחרי השחרור.
relate	תלמידים צעירים **מזדהים** עם דמויות בספרים המתאימים לגילם.
relating	כתבת החדשות **המתייחסת** לשינויי האקלים עניינה אנשים רבים.
relieve	קומפרס קר **יקל** על הכאב והנפיחות.
relocate	החברה החליטה **למקם מחדש** את המשרד שלה במרכז העיר.
renovation	**שיפוץ** הבית ארך שישה חודשים ועלה הרבה.
repetition	**חזרה** עוזרת לתלמידים לשנן אוצר מילים חדש הרבה יותר מהר.
reproduce	חיידקים **מתרבים** במהירות בסביבות חמות ולחות.
reside	משפחות אמידות רבות **מתגוררות** בשכונה המגודרת ההיא.
resigned	אחרי השערורייה, הפקיד **התפטר** מתפקידו.
resolve	המתווכים עבדו קשה כדי **לפתור** את סכסוך העבודה.
restriction	יש **הגבלת** משקל לנוסעים במטוסים קטנים.
resume	אחרי ארוחת הצהריים, הפגישה **תמשיך** בשעה שתיים.
revert	המערכת **חזרה** למצב המקורי שלה אחרי הקריסה.
revise	אני צריך **לתקן** את החיבור שלי לפני שאני מגיש אותו.
revision	**הבדיקה** מחדש של החוק הפכה אותו הרבה יותר מחמיר.
revived	המסורת הישנה **התחדשה** כשהקהילה חגגה אותה שוב.
revolt	**המרד** של העובדים הכריח את המפעל לשפר את התנאים.
rhyme	כל שורה שנייה בשיר **התחרזה** בתבנית פשוטה.
rivalry	**יריבות** בין אחים היא נורמלית כשילדים חולקים את אותם הצעצועים.
robe	היא לבשה **חלוק** משי מעל הפיג'מה שלה.
ruler	**לסרגל** יש שנים עשר אינצ'ים מסומנים בכל צד.
safeguard	סיסמאות חזקות עוזרות **להגן** על המידע האישי שלך באינטרנט מפני האקרים.
sanitary	התנאים **התברואתיים** בבית החולים נבדקים בכל שבוע.
scenery	**נוף** ההרים היה כה יפה שעצרנו כדי לצלם אותו.
scholar	**האקדמאית** פרסמה את המחקר שלה על ההיסטוריה העתיקה.
sensation	היא הרגישה **תחושה** מוזרה של עקצוץ באצבעותיה.
shipment	**משלוח** הספרים הגיע למחסן אתמול.
shuttle	אוטובוס **המעבורת** הסיע תלמידים בין הקמפוס למרכז העיר.
sibling	אני **ואחי** חולקים חדר בבית שלנו.
sideways	הסרטן זז **הצידה** לאורך החוף החולי.
significance	**המשמעות** של הגילוי שינתה לחלוטין את ההבנה שלנו.
simplicity	**הפשטות** של העיצוב הפכה את האפליקציה לקלה לשימוש.
simultaneously	שלושה אירועים קרו **בו זמנית** וגרמו לבלבול בכל מקום.
skyscraper	**גורד השחקים** החדש הוא הבניין הגבוה ביותר בעיר.
slaughter	**שחיטת** המשק החי התרחשה מוקדם בכל בוקר.
slope	**מדרון** הסקי היה תלול ומאתגר למתחילים.
sneeze	אני **מתעטש** בכל פעם שאני נכנס לחדרים ישנים ומאובקים.
spark	**ניצוץ** מהאש נחת על העלים היבשים.
specify	החוזה חייב **לפרט** בדיוק אילו שירותים כלולים.
spinach	**תרד** טרי עשיר בוויטמינים ובריא מאוד.
stabilize	התרופה **תייצב** את לחץ הדם שלה תוך שעות.
stain	**כתם** קפה הופיע על החולצה הלבנה שלו.
stalk	**הגבעול** של הפרח היה כפוף אבל לא שבור.
stove	היא חיממה מרק על **הכיריים** בזמן שבישלה ארוחת ערב.
stunned	כולם היו **המומים** כשהאורח המפתיע הגיע לפתע.
substitute	המורה **המחליפה** נתנה שיעורי בית לכל התלמידים.
suburb	היא עברה **לפרבר** שקט כדי לגדל את משפחתה.
sufficient	כוס קפה אחת בבוקר **מספיקה** לי.
summarize	היא **סיכמה** את הדוח הארוך תוך חמש דקות בלבד.
summits	שלוש **פסגות** הרים נראו משביל ההליכה.
superb	האוכל **המעולה** במסעדה הצדיק את ההמתנה הארוכה.
supervise	המנהל **מפקח** על עשרה אנשים בצוות שירות הלקוחות.
suppress	היא ניסתה **לדכא** את הצחוק שלה במהלך ההרצאה המשעממת.
surround	חומות גבוהות **מקיפות** את הטירה העתיקה וגניה.
survey	**סקרנו** לקוחות כדי ללמוד אילו מוצרים הם רצו הכי הרבה.
suspend	בית הספר **ישעה** תלמידים שמגיעים באיחור לשיעור שוב ושוב.
suspicion	**החשד** שלו גבר כשהוא מצא את המיילים המוזרים.
swift	הרץ **המהיר** סיים את המרוץ בפחות מעשר דקות.
tempt	חלון המאפייה המלא בסופגניות **פיתה** אותה בכל בוקר.
terrain	**השטח** הסלעי הפך את הנסיעה במכוניות כאן לבלתי אפשרית.
terrify	סופות רעמים **מפחידות** את הכלבה וגורמות לה להתחבא מתחת למיטה.
tilt	אל **תטה** את הכיסא שלך אחרת תיפול אחורה.
tolerance	**סובלנות** כלפי אמונות שונות עוזרת לקהילות לחיות יחד בשלום.
transaction	**עסקת** הנדל"ן ארכה שישה חודשים עד להשלמתה.
transmit	תחנות רדיו **משדרות** אותות שמקלטים קולטים ברחבי העולם.
transmitter	**המשדר** המקולקל מנע משיחות חירום להגיע למוקדן.
trim	אני צריך **לגזום** את השיחים לפני שהם יגדלו יותר מדי לרוחב.
triumph	**הניצחון** שלהם במשחק האליפות גרם לכל העיר לחגוג.
troop	**היחידה הצבאית** צעדה במבנה ברחובות העיר.
tutor	היא שכרה **מורה פרטי** כדי לעזור לבנה במתמטיקה.
unaware	הוא **לא היה מודע** לכך שמישהו גנב את האופניים שלו.
unconcerned	למרות הרעש, היא נשארה **לא מודאגת** והמשיכה לקרוא את הספר שלה.
unconventional	שיטות ההוראה **הלא שיגרתיות** שלו עניינו את התלמידים בדרכים חדשות ומרגשות.
uncover	החקירה **תחשוף** את האמת לגבי מה שקרה.
unemployed	אחרי שהמפעל נסגר, עובדים רבים נותרו **מובטלים**.
unholy	הברית **הלא קדושה** בין האויבים הלמה את כולם באזור.
unify	המטרה המשותפת עזרה **לאחד** את הקבוצות השונות מול האתגר.
urban	אזורים **עירוניים** כוללים יותר מסעדות וחנויות מאשר עיירות כפריות.
utilize	היא למדה **להשתמש** בזמנה הפנוי המוגבל לקריאה נוספת.
validate	המערכת **תאמת** את הסיסמה שלך לפני שתאפשר לך להיכנס.
valve	סגור את **השסתום** כדי לעצור את זרימת המים בצינור.
vanish	הקוסם גרם לארנב **להיעלם** לנגד עיניו המשתאות של הקהל.
vary	ציוני התלמידים **משתנים** בהתאם לכמות הזמן שהם לומדים.
vendor	**הרוכל** ברחוב מכר פירות טריים מהעגלה שלו בכל בוקר.
vest	היא לבשה **אפודה** כבדה מתחת למעיל לחום נוסף.
vocabulary	לימוד **אוצר מילים** עוזר לתלמידים לקרוא ולהבין טקסטים באנגלית טוב יותר.
voyage	**המסע** הארוך על פני האוקיינוס ארך יותר משבועיים.
wander	הוא אהב **להסתובב** במוזיאון ולבחון כל ציור.
whether... or...	**בין אם** תבחר קפה **או** תה, הבחירה בידיך.
widely	סגנון המוזיקה הזה אינו פופולרי **בצורה נרחבת** בקרב צעירים.
widen	**נרחיב** את הכביש כדי לאפשר למכוניות רבות יותר לעבור.
wool	היא סרגה סוודר חם **מצמר** עבה לתינוק שלה.
yawn	הוא התחיל **לפהק** כשהסרט המשעמם נמשך לאט.
absorb	ספוגים **סופגים** מים במהירות ומשחררים אותם כשלוחצים עליהם.
accompany	אמה **תלווה** אותה למרפאת השיניים מחר.
accomplish	עבדנו קשה כדי **להשיג** את המטרה שלנו לפני המועד האחרון.
accomplishment	סיום הקולג' היה **ההישג** הגדול ביותר שלה עד כה.
accordingly	מזג האוויר התקרר, אז המשפחה התלבשה **בהתאם** לטיול שלהם.
acknowledge	החברה **הכירה** בבעיה והתנצלה בפני לקוחותיה.
acquire	הוא בילה שנים בניסיון **לרכוש** את יצירת האמנות הנדירה לאוסף שלו.
adequate	בדירה הקטנה היה שטח **מספיק** לאדם יחיד.
adjust	לקח שבועות **להתרגל** לחיים באקלים שונה.
admirable	האומץ **הנערץ** שלה עורר השראה בכל מי שסביבה לנסות יותר.
advancement	**ההתקדמות** המהירה שלה בעבודה לא הפתיעה אף אחד שהכיר את יכולותיה.
advocate	הוא הפך **לתומך** בהגנה על הסביבה.
affection	היא הראתה **חיבה** רבה לסבתה הקשישה בכל יום ויום.
afford	הם לא יכלו **לעמוד בהוצאה** של קניית בית באזור היקר ההוא.
agriculture	**החקלאות** היא התעשייה העיקרית באזור הכפרי הזה של המדינה.
airborne	הזרעים **הנישאים באוויר** התפזרו על פני השדה ברוח החזקה.
allowance	הוריה נתנו לה **דמי כיס** כל שבוע תמורת עשיית מטלות הבית.
alter	היא נאלצה **לשנות** את התוכניות שלה כשחלתה.
alternate	אם המסעדה הזו מלאה, יש לנו אפשרות **חלופית** בקרבת מקום.
ambassador	**השגרירה** החדשה תייצג את מדינתה בוועידה הבינלאומית.
ancestor	**אבי הקדמון** הגיע למדינה הזו לפני יותר ממאה שנה.
annihilate	החורף הקשה **ישמיד** את אוכלוסיית היתושים באזור.
anxious	הוא היה **להוט** לפגוש את אחותו התינוקת החדשה בבית החולים.
appeal	היא פנתה למנהל **בבקשה** שישקול מחדש את העונש.
applaud	הקהל **מחא כפיים** לזמרת כשסיימה את השיר היפה שלה.
appreciation	הוא הביע את **הערכתו** על כל העבודה הקשה וההתמסרות שלה.
approximately	השלמת הפרויקט תעלה **בערך** חמישים אלף דולר.
arise	בעיות החלו **להופיע** כשהצוות נכשל בתקשורת.
arousing	הרעש המוזר בחוץ **עורר** חשד בקרב השכנים העצבניים.
assemble	עובדים **ירכיבו** את הרהיטים לפי חוברת ההוראות המפורטת.
assumption	**ההנחה** שלו שלכולם יש כסף הייתה שגויה ולא אדיבה.
audit	החברה ערכה **ביקורת** כדי לבדוק אם כל החשבונות היו נכונים.
bail	השופט קבע **ערבות** של עשרת אלפים דולר לפני המשפט.
bare	כפות רגליו **החשופות** הרגישו קרות על רצפת הבטון הקפואה הבוקר.
barely	היא **בקושי** סיימה את מטלות הבית לפני שהוריה חזרו הביתה.
bear	היא נאלצה **לסבול** את הכאב המתמיד בגבה במשך שבועות.
beneficial	שתיית יותר מים מדי יום **מועילה** לעור ולרמות האנרגיה שלך.
beware	**היזהר** מהקרח החלקלק על המדרגות בחוץ.
blood vessel	**כלי דם** שנקרע בעינו גרם לחבורה.
boundary	הגדר מסמנת את **הגבול** בין שני הנכסים.
breed	**גזע** הבורדר קולי מצטיין ברעיית כבשים.
briefly	היא הזכירה **בקצרה** את הבעיה בדוח שלה.
burial	אחרי **הקבורה**, בני המשפחה הניחו פרחים על הקבר הטרי.
capacity	**בתפקידה** כמנהלת, היא אישרה את תקציב השיווק החדש.
cater	המסעדה **מספקת** שירות לתיירים מכל רחבי העולם.
caterpillar	**הזחל** יהפוך לפרפר לאחר שבועות.
cattle	**הבקר** של החקלאי רעה באחו הירוק.
cautious	הוא היה **זהיר** לגבי מתן הבטחות שלא יוכל לעמוד בהן.
cemetery	**בית הקברות** עם מצבותיו העתיקות משקיף על העמק.
certainty	היא קבעה **בוודאות** שכדור הארץ סובב סביב השמש.
chamber	המלך נכנס אל **הלשכה** המלכותית עם יועציו.
characteristic	חוש ההומור החד שלה הוא **המאפיין** הבולט ביותר שלה בעבודה.
civil	הוא אמר הערה **אדיבה** לשכן המעצבן.
cockroach	**מקקים** מתפזרים כשמדליקים את האור במטבח.
coffin	**ארון המתים** הורד לאדמה באיטיות.
collide	שתי המכוניות **התנגשו** בצומת העמוס.
cologne	הוא התיז מעט **קולון** לפני שיצא.
colossal	הלוויתן הוא יצור **עצום** של האוקיינוס.
compile	היא נאלצה **לאסוף** את הנתונים משלושה מקורות.
comply	היא החליטה **לציית** לבקשת המורה שלה.
conduct	מדענים **מנהלים** ניסויים זהירים לפני פרסום התוצאות הסופיות שלהם.
conductor	**המנצח** הרים את השרביט כדי להתחיל את הסימפוניה.
conquest	הצוות חגג את **כיבוש** שביל ההרים הקשה.
conquistador	**הכובש** הוביל את צבאו על פני המישורים העצומים.
conservation	**שימור** היער חיוני עבור הדורות הבאים.
conserve	עלינו **לשמר** מים בזמן הבצורת הקשה.
considering	**בהתחשב** בנסיבות, היא קיבלה את ההחלטה הנכונה.
contagious	חצבת היא מחלה **מדבקת** שמתפשטת במהירות.
continuity	לא הייתה **המשכיות** בין העונה הראשונה לשנייה.
contradiction	הייתה **סתירה** ברורה בסיפור שלו.
controversial	דעתו **השנויה במחלוקת** הרגיזה אנשים רבים בעיר.
controversy	**המחלוקת** סביב החוק החדש נמשכה חודשים.
conveniently	החנות ממוקמת **באופן נוח** ליד התחבורה הציבורית.
convention	זו **מוסכמה** להסיר את הנעליים בתוך הבית.
convict	**האסיר** ריצה את עונשו בכלא הפדרלי.
cougar	**פומה** שוטטה ביער בחיפוש אחר טרף.
courtesy	הוא הפגין **נימוס** רב כשהחזיק את הדלת.
credibility	**האמינות** שלו נפגעה קשות אחרי שהוא שיקר שוב ושוב.
cripple	הפציעה הקשה **תטיל בו מום** למשך חודשים.
crucial	שינה היא **מכרעת** לשמירה על בריאות טובה וריכוז יומיומי.
cucumber	**המלפפון** הירוק גדל על גבעול בגינה.
damp	המגבת הייתה כל כך **לחה** שהיא לא התייבשה כראוי במהלך הלילה.
dart	**החץ** החד חדר בניקיון ללוח השעם.
dealt	היא **טיפלה** בבעיה בצורה מקצועית מאוד היום.
decay	העץ מראה סימני **ריקבון** מהלחות.
decline	הטמפרטורה תרד עם **רדת** הערב.
dedicate	היא רצתה **להקדיש** את הספר שלה להוריה.
deflate	המכונאי נאלץ **להוציא** את כל האוויר מהצמיג.
delegate	כדאי לך **להאציל** כמה משימות לצוות שלך.
delight	**תענוג** צרוף עבר על פניה כשהיא ניצחה.
demented	הצחוק **המטורף** של הנבל הדהד ברחבי האחוזה.
density	**צפיפות** הקהל בהופעה הלמה אותי.
descend	המטפסים **יורדים** מההר התלול עם הזריחה.
despair	היא החלה **להתייאש** כשאף אחד לא ענה.
despise	כולם **תיעבו** את איש העסקים חסר היושר בקהילה.
detach	נא **לנתק** את הכיסוי לפני פתיחת הקופסה.
determined	הוא היה **נחוש** לחלוטין לסיים את המרוץ.
devote	היא רצתה **להקדיש** את חייה לצדקה.
discontent	**חוסר שביעות הרצון** שלו גדל בבירור ככל שהפגישה נמשכה.
discourage	ביקורות שליליות יכולות **להרתיע** אנשים מלקנות ספרים.
disgrace	מעשיו הביאו **בושה** גדולה על המשפחה.
dismiss	השופט החליט **לבטל** את כל האישומים היום.
disposable	כוסות **חד-פעמיות** נוחות אך פוגעות בסביבה.
dispose	עלינו **להיפטר** מהפסולת הזו בבטחה.
disregard	החברה בחרה **להתעלם** מדאגות סביבתיות חשובות.
dissolve	מלח **יתמוסס** במים חמים במהירות רבה.
distinct	שני הרעיונות נבדלים **בבירור** במטרתם.
distinctive	המבטא **המיוחד** שלו הפך אותו לקל לזיהוי.
distress	**מצוקתה** הייתה ברורה מאוד מדמעותיה.
disuse	המפעל הישן נפל **לחוסר שימוש** לפני שנים.
diverse	לעיר יש אוכלוסייה **מגוונת** ממדינות רבות.
divine	במיתוס העתיק, ישות **אלוהית** בראה את השמש והכוכבים.
drawback	**החיסרון** העיקרי הוא שזה עולה יותר מדי.
dread	**פחד** מילא את ליבה כשהסופה האפלה התקרבה במהירות.
due	הדוח הסופי **צריך** להיות מוגש מחר בצהריים.
eager	הילדה הייתה **נלהבת** לפתוח את מתנות יום ההולדת שלה אחרי שחיכתה שבועות.
edible	הפטריות האלה **אכילות**, אבל הסגולות ההן רעילות ויש להימנע מהן.
embrace	היא רצה **לחבק** את אחותה בשדה התעופה אחרי שנתיים של פרידה.
emerge	השמש **תגיח** מאחורי העננים בתוך השעה או השעתיים הקרובות.
emigrate	אחרי שנים של מצוקה כלכלית, משפחות רבות החליטו **להגר** למדינה אחרת לשם הזדמנויות טובות יותר.
enchant	אגדת העם הישנה הייתה מכשפת קהלים מכל הגילאים בסיפור **הקסום** שלה.
endurance	רצי מרתון זקוקים **לכוח סבל** אדיר כדי לסיים את המרוץ המתיש בן עשרים ושישה מייל.
endure	הספורטאית הפצועה נאלצה **לסבול** חודשים של כאב במהלך תהליך ההחלמה שלה.
enhance	הוספת עשבי תיבול טריים **תעצים** את הטעם של כמעט כל מנת ערב מלוחה.
enthusiast	הוא היה **חובב נלהב** אמיתי של טכנולוגיה שקרא על כל חידוש מחשבים חדש.
Equator	**קו המשווה** הוא הקו הדמיוני שמחלק את כדור הארץ לשני חצי כדורים שווים.
estate	האחוזה הגדולה כללה בית **אחוזה** מפואר, כמה אסמים ומעל מאתיים אקרים.
exaggerate	אנא אל **תגזים** בהישגים שלך כשאתה מגיש מועמדות לתפקיד הבכיר.
excessive	השף האמינה שמלח **מוגזם** יסתיר את הטעמים העדינים במטבח שלה.
exhale	כשאתה **נושף**, הריאות שלך משחררות פחמן דו חמצני לאוויר שסביבך.
exhaust	הטיול הארוך התחיל **להתיש** אותו עד אחר הצהריים כשהטמפרטורות עלו.
exile	המלך החליט **להגלות** את האביר חסר הנאמנות מהממלכה לנצח.
expel	בית הספר החליט **לגרש** את התלמיד לאחר שהפר בחומרה את כללי ההתנהגות.
exploit	**המעשה** של החוקר בגילוי המקדש הנסתר הפך אותו למפורסם ברחבי העולם.
extensive	האוסף **הנרחב** של המוזיאון כולל אלפי ציורים מלפני מאות שנים.
extinction	**הכחדת** הדינוזאורים התרחשה מיליוני שנים לפני שבני האדם הופיעו על כדור הארץ.
fabric	**הבד** הרך של השמיכה הפך אותה למושלמת עבור ילדים קטנים להתכרבל בה.
fatigue	אחרי שבועיים של עבודה מתמדת, היא הרגישה **עייפות** עצומה והייתה זקוקה למנוחה.
fellow	הוא התייחס **לחבריו** לקולג' בכבוד ובאדיבות לאורך כל שנותיהם המשותפות.
fetus	הרופאים עקבו בקפידה אחר **העובר** במהלך ההיריון כדי להבטיח התפתחות וגדילה תקינה.
fine	כלי החרסינה **העדינים** אוחסנו בקפידה ושימשו רק באירועים מיוחדים.
firm	הוא שמר על אחיזה **מוצקה** בחבל כדי שלא ייפול במהלך הטיפוס.
footage	**קטע הצילום** ממצלמת חיות הבר תיעד דוב משוטט ביער בלילה.
for the sake of	היא גזזה את שערה הארוך **למען** תרומתו לצדקה.
forceful	הוא נשא טיעון **תקיף** ששכנע את כל הקהל לתמוך בעמדתו.
foresee	היא יכלה **לצפות מראש** את הבעיות שיתעוררו אם הצוות לא יתכנן קדימה.
forth	המורה ביקשה מהתלמידים לצאת **קדימה** ולשתף בסיפורים האהובים עליהם.
fraction	היא אכלה רק **שבר** קטן מהארוחה והשאירה את השאר בצלחת.
fracture	הנפילה גרמה **לשבר** ברגלו השמאלית שדרש ניתוח ופיזיותרפיה.
fragrance	**הניחוח** של ורדים טריים מילא את הגן ומשך פרפרים מכל עבר.
fundraiser	בית הספר ארגן **אירוע לגיוס כספים** כדי לאסוף כסף לתוכנית המוזיקה באביב הזה.
fungus	האקלים החם והלח אפשר **לפטרייה** לצמוח על גוף העץ הישן של הסירה.
furthermore	הטיעון שלו היה ברור והגיוני; **זאת ועוד**, היו לו הוכחות התומכות בכל טענה וטענה.
genesis	**ראשיתה** של החברה הייתה כאשר שני חברים החליטו להקים עסק.
glacier	**הקרחון** זז לאט במורד עמק ההר וטחן את הסלע מתחתיו לאבקה.
glance	היא העיפה בו **מבט חטוף** אחד וידעה בדיוק על מה הוא חושב.
goods	החנות מכרה כל מיני **סחורות**, מקפה ועד בגדים וציוד מטבח.
grace	הוא קיבל את התבוסה **בחן** ובירך את יריבו על הניצחון המרשים.
graceful	הרקדנית **החיננית** זזה על הבמה בתנועות זורמות ואלגנטיות.
grant	הממשלה החליטה **להעניק** מימון לכמה אוניברסיטאות לתוכניות מחקר מדעי.
grasp	היא לא הצליחה **להבין** את מושגי המתמטיקה הקשים לא משנה כמה היא למדה קשה.
grief	**היגון** שלה על אובדן אמה נמשך כמה שנים אחרי הלוויה.
groundbreaking	המחקר **פורץ הדרך** של המדען שינה את הדרך שבה רופאים מטפלים במחלה החמורה הזו כיום.
growled	הכלב **נהם** על הזר שהתקרב לשער הבית.
habitat	**סביבת המגורים** של דובי הקוטב נמסה בגלל עליית הטמפרטורות בארקטיקה.
halve	אם **תחלק** את המתכון לשניים, תצטרך רק שתי ביצים במקום ארבע.
hardly	היא **בקושי** הצליחה לשמוע את המורה מעבר לרעש מהבנייה.
hatch	ציפורים **בוקעות** מביצים אחרי שהאם דוגרת עליהן במשך כמה שבועות בערך.
hazardous	נהיגה בערפל סמיך **מסוכנת** כי הראות יורדת כמעט לאפס.
hence	הוא עבד קשה שנים רבות; **לכן** הצלחתו הייתה מגיעה לו וצפויה.
herd	הרועה הצליח **לכנס** את כל הכבשים לדיר לפני רדת השמש.
heritage	**המורשת** המשפחתית כללה מסורות שהובאו מאיטליה לפני דורות בידי האבות הקדמונים.
hibernate	בעלי חיים רבים **ישנים שנת חורף** בחודשי החורף כשהמזון נהיה נדיר והקור מתעצם.
hive	הדבורים חזרו **לכוורת** שלהן אחרי שבילו את היום באיסוף אבקה מפרחים.
hollow	גזע העץ היה **חלול** ולא יכול היה לשאת את משקל הענפים.
hospitality	**הכנסת האורחים** החמה שלהם גרמה לכל האורחים להרגיש רצויים ונוחים בביתם.
hostility	**העוינות** בין שני השכנים גברה אחרי שהסכסוך על הגדר הידרדר.
howl	הזאב היה **מיילל** לירח בלילות בהירים כשהוא הרגיש בודד.
humiliate	היא סירבה לתת להם **להשפיל** אותה בכך שתתנצל על משהו שלא עשתה.
ignite	ניצוץ בודד יכול **להצית** את העשב היבש ולגרום לשריפת בר מסוכנת להתפשט.
ignorance	**הבורות** שלו לגבי המנהגים המקומיים גרמה לו לעשות כמה טעויות חברתיות מביכות.
ignorant	הוא נשאר **בור** לגבי עובדות המצב כי אף אחד לא סיפר לו שום דבר.
imitate	ילדים קטנים לעיתים קרובות **מחקים** את הוריהם, ומעתיקים את מילותיהם ומעשיהם היומיומיים.
implications	**ההשלכות** של ההחלטה הזו ישפיעו על רווחי החברה בשנים הבאות.
imply	הוא **רמז** שאתה לא ישר, או שהוא באמת אמר את זה במפורש?
impose	הממשלה החליטה **לכפות** כללים חדשים ומחמירים על כל העסקים החל מהחודש הבא.
imprisoned	הוא היה **כלוא** במשך עשר שנים לפני שהוכחות הוכיחו שהוא חף מפשע לחלוטין.
impulsively	היא התפטרה מעבודתה **ללא שיקול דעת** בלי לחשוב איך תשלם את החשבונות שלה.
in light of	**לאור** הראיות, השופט הכריז עליו כחף מפשע.
inadequate	הידע שלו בנושא היה **לא מספיק**, אז הוא החליט ללמוד הרבה יותר קשה.
incidentally	**דרך אגב**, ראיתי את אחיך אתמול בסופרמרקט קונה ירקות טריים.
incompetence	**חוסר היכולת** שלו בעבודה התברר כשלקוחות התלוננו על העבודה הגרועה שלו.
indebted	היא הרגישה **אסירת תודה** למנטור שלה על שעזר לה להצליח בקריירה שלה.
indefinitely	הם דחו את הפרויקט **ללא הגבלת** זמן כי לא היה להם עדיין מספיק כסף.
inevitable	הכישלון שלו היה **בלתי נמנע** כי הוא התעלם מכל תמרור אזהרה לאורך הדרך.
infiltrate	מרגלים הצליחו **להסתנן** למתחם השגרירות במשך כמה חודשים.
inflate	אתה צריך **לנפח** את הצמיגים לפני שאתה נוסע ברכב.
inhabitants	לאי יש רק מאתיים **תושבים** בחורף.
inherit	אחי **יירש** את החווה כשאבא שלנו יפרוש.
inn	לנו באותו לילה **בפונדק** קטן ליד האגם.
innovate	החברה שואפת **לחדש** ולהביא רעיונות טריים לשוק.
intact	האגרטל נפל אבל נשאר **ללא פגע** בזכות השטיח הרך.
intersection	פנה ימינה **בצומת** הבא ליד הפארק.
intervention	**ההתערבות** של הממשלה עזרה להציל את הבנק הכושל.
intimidate	הטון התוקפני שלו נועד **להפחיד** את השחקנים האחרים.
irresistible	הריח של הלחם הטרי היה כזה שממש **אי אפשר היה לעמוד בפניו**.
isle	**האי** הקטן שבאמצע המפרץ יפהפה.
ivory	מקשי הפסנתר היו עשויים **משנהב** לפני שנים רבות.
janitor	**השרת** הגיע מוקדם כדי לנקות את בניין המשרדים.
kettle	שמתי את **הקומקום** על הכיריים כדי להכין תה.
laid	היא **הניחה** את השמיכה על המיטה בזהירות רבה היום.
lean	הוא **נשען** על הקיר בזמן שחיכה לאוטובוס.
lie, lay	הכלב **שכב** על הרצפה ליד האח כל אחר הצהריים.
likewise	היא למדה קשה למבחן; **כמו כן**, אחיה התכונן היטב.
limb	התאונה השאירה אותה עם **גף** שבור.
literary	הניתוח **הספרותי** שלה לרומן הראה הבנה עמוקה.
lurking	סכנה **ארבה** ברחובות החשוכים בלילה.
magnitude	אף אחד לא הבין את **גודל** האסון עד מאוחר יותר.
mammal	לוויתן הוא **יונק**, לא דג.
manuscript	הסופרת הגישה את **כתב** היד שלה למו"ל בחודש שעבר.
marble	משטח העבודה היה עשוי **משיש** לבן מלוטש.
martial	החיילים שמרו על משמעת **צבאית** קפדנית במהלך תרגילי האימונים שלהם.
massacre	**הטבח** הרג מאות כפריים באזור ההררי הנידח.
mastery	שנים של תרגול העניקו לה **מומחיות** מלאה בפסנתר.
match	הוא הצית **גפרור** כדי להדליק את הנר.
maturity	היא הפגינה **בגרות** רבה באופן שבו טיפלה בבעיה.
mechanize	המפעל **ימכן** את הייצור כדי להגביר משמעותית את היעילות.
medieval	הטירה **מימי הביניים** עמדה על הגבעה במשך מאות שנים.
merely	זו הייתה **רק** תאונה, לא משהו שצריך לדאוג ממנו.
merger	**המיזוג** של שתי החברות יצר עסק גדול יותר.
merit	לפרויקט היה **ערך** והוא היה ראוי לתשומת הלב המלאה שלנו.
mild	מזג האוויר היה **מתון** ונעים במהלך חופשת האביב שלנו.
mimic	ילדים לעיתים קרובות **מחקים** את ההתנהגות ודפוסי הדיבור של הוריהם.
miserable	הוא הרגיש **אומלל** אחרי שאיבד את השעון האהוב עליו בחוף.
misty	הבוקר היה **מעורפל** ולא יכולנו לראות למרחק.
mock	הילדים המבוגרים יותר **לעגו** לתלמיד החדש באכזריות.
moderate	מזג האוויר היום **מתון** ונעים לטיול.
modest	למרות שניצחה, היא נשארה **צנועה** לגבי ההישג שלה.
moist	העוגה הייתה **לחה** בדיוק כמו שצריך וטעימה לאכילה.
mole	**חפרפרת** חפרה מתחת לגינה והרסה את הדשא.
moreover	היא חכמה; **זאת ועוד**, היא אדיבה לכולם.
mortality	שיעור **התמותה** מהמחלה ירד משמעותית.
mourning	המשפחה הייתה **באבל** אחרי מותו של סבם.
mutually	השכנים הסכימו **הדדית** לחלוק בעלות הגדר.
naval	הבסיס **הימי** הגן על החוף מפני התקפת אויב.
neglect	הוא **הזניח** את הגינה שלו וכל הפרחים מתו במהירות.
neither... nor...	**לא** טום **ולא** אחותו רצו להגיע לאירוע.
nevertheless	היה קר בחוץ; **למרות זאת**, הילדים שיחקו בשמחה.
newscaster	**מגיש החדשות** דיווח על החדשות האחרונות במקצועיות רגועה.
nobility	**האצולה** התכנסה בארמון המלכותי לחגיגה.
notion	היא דחתה את **הרעיון** שהיא לא יכולה להצליח.
numb	אצבעותיו היו **חסרות תחושה** בגלל הקור של מזג האוויר החורפי.
numerous	היא עשתה ניסיונות **רבים** לפני שהצליחה לבסוף במשימה.
nursery	**חדר הילדים** של התינוק נצבע בצבע צהוב חיוור ורך.
nutrition	**תזונה** טובה חיונית לגדילה ולהתפתחות תקינה.
oath	הוא נשבע **שבועה** להגן על המדינה בחייו.
obey	החיילים **ציתו** למפקד שלהם ללא כל שאלות.
obstacle	העץ שנפל היה **מכשול** משמעותי על השביל.
occupy	הפאזל **העסיק** את מחשבתה במשך כמה שעות באותו אחר צהריים.
occurrence	שיטפונות כאלה היו **התרחשות** נדירה באזור הזה.
odor	**הריח** החזק מהמפעל הפריע לכל התושבים בסביבה.
offshore	אסדת הנפט הייתה ממוקמת **מול החוף** במים עמוקים.
oriented	החדר היה **מכוון** כך שיפנה לנוף ההר היפה.
ornament	היא תלתה **קישוט** זכוכית קטן ליד החלון בכל חורף.
outbreak	**התפרצות** המחלה התפשטה במהירות בכל האזור.
outline	**המתאר** של ההר היה גלוי מול השמיים.
oversee	המנהל **יפקח** על בניית הבניין החדש.
overtake	המכונית המהירה יותר הצליחה **לעקוף** את המשאית בכביש המהיר.
pace	היא הלכה **בקצב** מהיר ברחוב הסואן.
paddle	הוא השתמש **במשוט** עץ כדי לנווט את הקאנו הקטן בבטחה.
pedestrian	**הולך הרגל** חיכה בפינה שהרמזור יתחלף.
perception	**התפיסה** שלה את המצב הייתה שונה לחלוטין משלי.
persist	למרות הקשיים, היא **התמידה** בהשגת המטרות שלה.
persuade	היא ניסתה **לשכנע** את חברתה לנסות את הספורט החדש.
pest	היתוש הוא **מזיק** נפוץ במהלך חודשי הקיץ.
petition	היא הגישה **עצומה** כדי לבטל את ההחלטה הלא הוגנת.
petty	הוא התווכח על פרטים **קטנוניים**, כמו איזה גופן להשתמש בו לפוסטר.
phenomenon	הזוהר הצפוני הוא **תופעה** טבעית הנראית בחורף.
pinch	היא **צבטה** לו קלות בלחי וצחקה.
pioneer	הוא היה **חלוץ** שחקר טריטוריות לא ידועות.
plaster	הם כיסו את הקיר **בטיח** לבן טרי.
plead	הוא **התחנן** בפני השופט לעונש קל יותר אחרי מעצרו.
pledge	הוא **התחייב** לסיים את הפרויקט בזמן.
plentiful	פירות טריים היו מצויים **בשפע** בשוק בקיץ.
possess	גם אחרי שאיבדה הכל, היא עדיין **החזיקה** בטבעת הישנה של אמה.
prejudice	**הדעה הקדומה** שלה כלפי תרבויות שונות גרמה לה לאי נוחות.
premature	הלידה **המוקדמת מדי** של התינוקת גרמה לכך שהיא נזקקה לטיפול נוסף בבית החולים.
presume	אני **מניח** שקראת את המייל ששלחתי.
prick	קוץ **ידקור** לך את האצבע אם תיגע בו.
principal	**המנהל** נשא נאום חשוב בטקס.
probe	מדענים **בוחנים** את מעמקי האוקיינוס בחיפוש אחר מינים חדשים.
prohibit	החוק החדש **אוסר** עישון בכל המבנים הציבוריים.
prominent	היא דמות **בולטת** בעולם האמנות.
propel	רוחות חזקות **מניעות** את סירת המפרש על פני האוקיינוס.
prophecy	**הנבואה** העתיקה ניבאה את עלייתו של מלך.
prosper	העסק המשיך **לשגשג** תחת ניהול חדש.
proverb	**הפתגם** מלמד שסבלנות מביאה גמול רב.
province	לכל **מחוז** יש מושל משלו וחוקים מקומיים משלו.
pursue	הבלש **ירדוף** אחרי החשוד ברחבי העיר.
query	היא שלחה **שאלה** לצוות שירות הלקוחות.
rail	הוא נאחז **במעקה** כשהספינה התנדנדה.
rare	היא מעדיפה שהסטייק שלה יהיה **נא** ועסיסי.
recreation	שחייה וטיולים רגליים הם פעילויות **הבילוי** המועדפות עליי.
recruitment	החברה החלה במסע **גיוס** אגרסיבי כדי לשכור מהנדסים חדשים.
recur	אותה בעיה **חוזרת** כל שנה בקיץ.
refined	היה לה טעם **מעודן** והיא העריכה אמנות איכותית.
regard	אני **מחשיב** אותו לאחד מחבריי הטובים ביותר.
regulate	הממשלה **מווסתת** את בטיחות מוצרי המזון.
rehearsal	לתזמורת הייתה **חזרה** מלאה לפני הקונצרט.
rehearse	השחקנים **מתרגלים** את התפקידים שלהם כל יום.
reinforce	מוטות פלדה **מחזקים** את קירות הבטון של הבניין.
relic	**השריד** העתיק הוצג במוזיאון.
rely	אנחנו יכולים **להסתמך** עליו שיסיים את העבודה.
remainder	היא אכלה את העוגה והשאירה את **השארית**.
remedy	דבש חם ותה לימון הם **תרופה** פופולרית לכאב גרון.
repelled	הריח החזק **דחה** את רוב המבקרים מלהיכנס לאסם הישן.
resemble	הבן **דומה** לאביו בהרבה דברים.
reservoir	**המאגר** מספק מים לכל העיר.
resilience	**החוסן** שלו איפשר לו להחלים מהמחלה.
restoration	**שיקום** הבניין הישן ארך שנים רבות.
restrain	היא נאלצה **לרסן** את עצמה מלצחוק בקול רם.
restrict	הרופא **הגביל** את התזונה שלו למזון בריא.
retain	החברה החליטה **לשמור** על העובדים המיומנים.
retrieve	היא חזרה כדי **לשלוף** את הדרכון ששכחה.
revenue	**הכנסות** החברה גדלו משמעותית בשנה האחרונה.
revitalize	התוכנית החדשה **תחייה** את הקהילה המתקשה.
rid	היא רצתה **להיפטר** מהרגלים רעים.
rim	הוא ישב על **שפת** הבאר.
rural	לקהילות **כפריות** יש לעיתים קרובות פחות שירותים מאשר לערים.
salvation	עבורו, ספורט היה **הישועה** שלו מלחץ.
scarce	מים טריים היו **נדירים** באזורי המדבר.
scatter	הרוח החזקה **תפזר** את העלים היבשים.
sensible	יהיה **נבון** לחסוך כסף למקרי חירום.
sentiments	**הרגשות** שלו לגבי המצב היו מעורבים למדי.
settle	הם החליטו **להתיישב** בעיירה הקטנה.
shatter	הזכוכית **תתנפץ** אם תפיל אותה.
shepherd	**רועה הצאן** הוביל את העדר שלו למרעה.
shortage	היה **מחסור** בדלק בחורף.
sighting	הייתה **תצפית** בלתי צפויה של נשר נדיר ליד אגם ההר.
sincerity	היא דיברה **בכנות** על רגשותיה האמיתיים.
skinned	הוא **קילף** בזהירות את הפרי לפני שאכל אותו.
slaughterhouse	**בית המטבחיים** עיבד מאות בעלי חיים לבשר בכל יום.
slender	הרקדנית **הרזה** זזה בחן על הבמה.
soil	החקלאי הכין בקפידה את **האדמה** לשתילה.
solely	הצלחתה נבעה **אך ורק** מעבודה קשה.
solitary	היא בילתה ערב **בודד** בבית, בלי לראות אף אחד.
sorrow	אחרי שאיבדה את החתולה האהובה עליה, היא חשה **עצב** עמוק במשך שבועות.
spectator	כל **צופה** נהנה מזווית ראייה שונה של המשחק.
spike	הוא נעץ את **היתד** עמוק באדמה.
steer	הקברניט **ינווט** את הספינה דרך הסערה.
stem	**הגבעול** של הפרח היה עבה מאוד.
stiff	המגפיים החדשים מעור הרגישו **נוקשים** ולא נוחים.
stimulate	המצגת **תעורר** עניין בנושא.
straightforward	ההסבר שלו היה **פשוט** וקל למעקב.
subsequently	הם התחתנו ביוני **ולאחר מכן** הביאו ילדים לעולם.
subtraction	**חיסור** של חמש משתים עשרה נותן לך שבע.
superficial	הקסם **השטחי** שלו הסתיר את העובדה שלא היו לו כישורים אמיתיים.
supplement	ספורטאים לעיתים קרובות לוקחים **תוסף** כדי לשפר את כוח השרירים וההתאוששות שלהם.
surrounding	היער **המקיף** הגן על הכפר הקטן מפני רוחות חורף קשות.
sustain	חבל חזק יכול **לתמוך** במשקלם של כמה אנשים בבטחה.
tame	הצייד בילה שנים בניסיון **לאלף** את הסוס הפרא בסבלנות.
tendency	הייתה לה **נטייה** לאחר לכל פגישה.
tender	העלים **הרכים** של ורדי האביב דורשים טיפול זהיר והשקיה.
testify	העדה התבקשה **להעיד** על מה שראתה.
tin	גג **הפח** הישן החליד אחרי שנים רבות של גשם.
toad	**קרפדה** גדולה ישבה ליד הבריכה וקרקרה כל הלילה.
tolerate	היא לא יכלה **לסבול** את הרעש הרם ממוזיקת השכן שלה.
trait	כנות היא **תכונה** שכל אחד מכבד בחבר טוב.
transcript	הסטודנטית ביקשה **גיליון ציונים** רשמי המפרט את כל הקורסים והציונים שלה במכללה.
transplant	הגנן החליט **להשתיל** את הפרחים למקום שטוף שמש יותר.
treaty	שתי המדינות ניהלו משא ומתן במשך חודשים לפני שחתמו לבסוף על **אמנה**.
unbearable	החום היה **בלתי נסבל**, אז נשארנו בפנים עם המזגן.
undoubtedly	היא **ללא ספק** התלמידה הטובה ביותר בכל כיתת הפיזיקה.
unrest	**חוסר שקט** גבר בקרב עובדי המפעל אחרי שהשכר שלהם קוצץ באופן בלתי צפוי.
urge	אני **דוחק** בך להתחיל בפרויקט לפני שהמועד האחרון יגיע מחר.
urine	הרופא ביקש דגימת **שתן** כדי לבדוק זיהום.
vacant	הדירה **הפנויה** עמדה לא בשימוש בקצה המסדרון במשך שנים.
validity	**תוקף** הדרכון פג בחודש שעבר, אז אני צריך לחדש אותו.
vast	המדבר **העצום** נמתח על פני מאות קילומטרים בכל כיוון.
verdict	חבר המושבעים הכריז על **פסק הדין** שלו אחרי שלושה ימי דיונים מלאים.
vice versa	הורים עוזרים לילדיהם ללמוד, **ולהיפך** במצבים רבים.
vinegar	היא הוסיפה קצת **חומץ** כדי להפוך את רוטב הסלט לחמצמץ יותר.
violate	אם **תפר** את חוקי התנועה, תקבל קנס כבד.
violation	חניה באותו מקום היא **עבירה** על תקנות התנועה.
viper	**הצפע** התגלה מכורבל ליד מחסן הגינה אתמול.
virtually	**למעשה** בלתי אפשרי למצוא את המסעדה הזאת בלי מפה טובה.
wage	הם החליטו **לנהל** קמפיין להעלאת המודעות לזיהום.
wanted	הפושע **המבוקש** נעצר לבסוף אחרי עשר שנים במנוסה.
wardrobe	**ארון הבגדים** שלה הכיל מאות שמלות, חולצות ונעליים מסודרות בקפידה.
warfare	**לוחמה** מודרנית מסתמכת רבות על טכנולוגיה ותכנון צבאי אסטרטגי.
wasp	**צרעה** בנתה את קנה העשוי מחומר דמוי נייר מתחת למרפסת הבית.
weave	היא למדה **לארוג** בד בנול מסורתי מסבתה.
welfare	הממשלה מספקת תשלומי **סעד** למשפחות במצוקה כלכלית.
widespread	השפעת הפכה **נפוצה** ברחבי הארץ במהלך עונת החורף.
withstand	הגשר הזה נבנה כדי **לעמוד** ברעידות אדמה ובתנאי מזג אוויר קיצוניים.
abduct	החשוד הואשם בניסיון **לחטוף** מישהו מהרחוב.
abundance	לאזור יש **שפע** של פירות טריים ומשאבי טבע.
accentuate	התאורה הבהירה עזרה **להבליט** את הפרטים היפים של הבניין.
accommodate	האצטדיון החדש יכול **להכיל** עד חמישים אלף צופים בנוחות.
accumulate	במשך שנים רבות, אבק נוטה **להצטבר** מתחת לרהיטים.
accustomed	היא הייתה **מורגלת** להתעורר מוקדם כל בוקר לעבודה.
acquisition	**רכישת** הסטארטאפ על ידי החברה פורסמה בחדשות.
acquitted	הנאשם **זוכה** מכל האישומים אחרי משפט הוגן.
adhere	מדענים טובים **דבקים** בקפדנות בשיטות המתוארות במחקר שלהם.
adjacent to	הספרייה החדשה נמצאת **ליד** קמפוס האוניברסיטה הראשי.
administer	המנהל **מנהל** את כל בית הספר ואת כל המדיניות שלו.
adolescence	**בגיל ההתבגרות**, בני נוער רבים מתחילים להטיל ספק בחוקי הוריהם.
aisle	עגלת הקניות חסמה את כל **המעבר** בסופרמרקט.
algae	**אצות** ירוקות כיסו את פני הבריכה בקיץ.
alienation	תחושות **ניכור** מתפתחות לעיתים קרובות כשאנשים עוברים למדינות חדשות.
allocate	הממשלה החליטה **להקצות** יותר כסף לתחבורה ציבורית.
alterations	התופר ביצע כמה **שינויים** בשמלה כדי שתתאים בצורה מושלמת.
ambiguous	ההוראות היו **דו משמעיות**, אז התלמידים ביקשו הבהרה.
amend	הוועדה החליטה **לתקן** את הכללים כדי להפוך את המשחק להוגן יותר.
amid	**בתוך** כל התוהו ובוהו, הילד הצליח להישאר רגוע לחלוטין.
ample	המסעדה סיפקה **מספיק** אוכל לכל אורחי החתונה.
amputation	כפור קשה הוביל **לקטיעה** של שתיים מאצבעותיו.
anesthesia	המטופל קיבל **הרדמה** לפני שהמנתח החל בניתוח.
annually	הכנס מתקיים **אחת לשנה**, ומביא יחד חוקרים מכל רחבי העולם.
anticipate	מדענים **צופים** שהטמפרטורות יעלו משמעותית בעשורים הקרובים.
anxiety	דיבור בפני קהל גורם **לחרדה** אצל אנשים רבים שחוששים מקהל גדול.
apparatus	**הציוד** המעבדתי היה יקר ודרש תחזוקה קפדנית.
apparent	**התברר** שהתוכנית נכשלה כשאף אחד לא הופיע.
appoint	הוועדה **תמנה** מנהל חדש שיוביל את הפרויקט.
appropriately	השחקן התלבש **כראוי** לאירוע הערב הרשמי.
arguably	**ניתן** לטעון שהלהקה הזאת היא המשפיעה ביותר בהיסטוריית הרוק המודרנית.
arise, arose	היא **קמה** ממיטתה מוקדם כדי לצפות בזריחה.
ark	**תיבת** העץ הישנה החזיקה שמיכות וכלים בתוך האסם.
array	המאפייה הציגה **מגוון** צבעוני של לחמים ומאפים טריים.
assert	למרות ביקורת חריפה, היא המשיכה **לטעון בתוקף** שהמחקר שלה מדויק.
assertion	**הטענה** שלו שהוא חף מפשע לא הייתה אמינה בעיני חבר המושבעים.
assess	המורה **יעריך** את ההתקדמות של כל תלמיד במהלך הסמסטר.
at your disposal	כל משאבי הספרייה עומדים **לרשותך**.
attain	בעבודה קשה ומסירות, תוכל **להשיג** את חלומותיך.
attendant	**המלווה** במלון עזר לשאת את המזוודות שלנו לחדר.
attribute	היא **ייחסה** את התאונה לטעות של הנהג ולגשם כבד.
augment	החברה מתכננת **להרחיב** את הצוות שלה עם אנשי מקצוע מנוסים.
awe	העמידה מול המקדש העתיק מילאה אותה **ביראת כבוד** עמוקה.
backdrop	ההרים סיפקו **רקע** מרהיב לתמונות החתונה.
basin	היא מילאה את **האגן** הקרמי במים קרים לרחצה.
bead	כל **חרוז** בשרשרת נוצר בעבודת יד על ידי אומנים.
beak	התוכי פיצח אגוזים באמצעות **המקור** המעוקל והחזק שלו.
beam	**קרן** אור שמש של הבוקר זרמה דרך החלון.
behalf	הוא דיבר היום **מטעם** כל צוות המחקר.
being that	**מכיוון** שהסערה הגיעה מוקדם, דחינו את האירוע.
bias	מנהל הגיוס הפגין **הטיה** ברורה כלפי מועמדים צעירים יותר.
bizarre	היא אכלה דגני בוקר עם מיץ תפוזים, הרגל **מוזר** שחברותיה הקניטו אותה עליו לא פעם.
botanist	**הבוטנאי** הקדיש עשרות שנים לחקר מיני צמחים בסכנת הכחדה ברחבי העולם.
burden	הטיפול בהוריה הקשישים הפך **לעול** רגשי.
burglar	**הפורץ** נכנס לבית דרך חלון מרתף לא נעול.
by no means	**בשום אופן לא** כדאי לך לסמוך על מישהו ללא המלצות.
capital punishment	**עונש מוות** בוטל ברוב אירופה לפני עשרות שנים.
carve	הוא **גילף** פסל עץ מורכב באמצעות אולר הכיס שלו.
cavity	רופא השיניים מצא **חור** בטוחנת התחתונה הימנית שלי.
characterize	היסטוריונים **מאפיינים** אותו כאחד המנהיגים הגדולים ביותר.
chariot	הלוחם רכב על **מרכבתו** הזהובה לרוחב המדבר.
circulate	התזכיר **הופץ** מיד לכל העובדים הבוקר.
circumstance	**בנסיבות** אלה, אין לנו שום ברירה טובה יותר.
coexist	חתולים וכלבים יכולים **להתקיים זה בצד זה** בשלום באותו בית, בעזרת סבלנות.
coexistence	שני השותפים לדירה הגיעו לבסוף **לדו-קיום** שליו לאחר שפתרו את חילוקי הדעות במטבח.
commence	הקונצרט **יתחיל** היום בשעה שמונה בערב.
commodity	הנפט הפך **לסחורה** יקרת ערך בשווקים העולמיים.
communal	הגינה **המשותפת** נמצאת בשימוש כל תושבי השכונה.
comparable	שני המחשבים הניידים האלה **ברי השוואה** מבחינת מחיר ומפרט.
comparatively	הקיץ הזה היה קריר יותר **באופן יחסי** מהשנה הקודמת.
compel	חוקי חובת הלימוד **מאלצים** הורים לרשום את ילדיהם לבית הספר.
composed	היא נשארה **רגועה** בזמן שכולם נכנסו לפאניקה בהפסקת החשמל הפתאומית.
comprehend	אני לא מצליח **להבין** את משפט החשבון הדיפרנציאלי המתקדם הזה בכלל.
conceal	הוא ניסה **להסתיר** את המבוכה שלו בצחוק מאולץ.
conception	**התפיסה** שלהם את ההצלחה הייתה שונה מאוד משלנו.
conclusively	ראיות הדנ"א הוכיחו **סופית** את חפותו המלאה.
condemned	המבקרים **גינו** את הסיום המאכזב והמערכה האחרונה החפוזה של הסרט.
condense	תוכל **לתמצת** את הדוח הארוך הזה לשני עמודים?
confiscate	מאבטחים **יחרימו** פריטים אסורים בכניסה.
consequently	המפעל נסגר; **כתוצאה מכך**, מאות אנשים איבדו את מקום עבודתם.
considerable	הם השקיעו **הרבה** זמן בשיפוץ בית החווה הישן במהלך הקיץ.
consist	הוועדה **מורכבת** מחמישה גברים וארבע נשים.
consolidate	החברה **איחדה** שלושה משרדים למטה מרכזי אחד.
constitute	נשים **מהוות** כיום מחצית מכיתת בית הספר לרפואה.
contaminate	פסולת תעשייתית **זיהמה** את אספקת מי השתייה המקומית.
contemporary	היא מעדיפה אמנות **עכשווית** על פני ציורים קלאסיים או מסורתיים.
contradictory	ההצהרה האחרונה שלו **סותרת** את מה שטען קודם לכן.
conversely	יש כאלה שאוהבים מתמטיקה; **לעומת זאת**, אחרים מתקשים עם מספרים.
convey	מכתבו **מסר** תודה עמוקה והערכה כנה.
correspond	שני חברי הדואר **מתכתבים** באופן קבוע מאז שנפגשו בקולג'.
correspondence	**ההתכתבות** בכתב יד שלהם נמשכה למעלה מארבעים שנה יוצאות דופן.
correspondingly	עם עליית האינפלציה, כוח הקנייה ירד **בהתאמה** בחדות.
counsel	המטפל **ייעץ** לה לשאוף לקידום מקצועי בקריירה.
counterpart	המנכ"לית נפגשה עם **בעל התפקיד המקביל** לה בגרמניה בברלין.
coupled with	הגאונות שלו, **יחד עם** המסירות, הבטיחה הצלחה יוצאת דופן.
courteous	המלצר **האדיב** בירך כל אורח בשמו ומילא מחדש כוסות מים בלי שיתבקש.
crave	אחרי חודשים בחו"ל, היא **השתוקקה** לבישול הביתי של אמה.
crude	הבדיחות **הוולגריות** שלו פגעו בכמה מהאורחים בקבלת הפנים.
cuisine	**המטבח** האיטלקי אהוב ברחבי העולם בזכות מנות הפסטה שלו.
cultivate	היא **מעבדת** ירקות אורגניים בגינת החצר האחורית שלה מדי שנה.
czar	**הצאר** שלט ברוסיה בכוח מוחלט לפני שהאימפריה קרסה בסופו של דבר.
deceased	**הנפטר** נקבר בחלקת הקבורה המשפחתית.
deceive	הוא **הונה** את שותפו העסקי בנוגע לעלויות האמיתיות.
decipher	התקשיתי **לפענח** את כתב היד שלו שכמעט ואי אפשר לקרוא.
deduce	מעקבות הבוץ, הבלש **הסיק** שהגנב נמלט דרך הגינה.
defer	**נעכב** את ההחלטה החשובה הזו עד הרבעון הבא.
deficiency	**מחסור** בוויטמין די עלול להחליש עצמות ולפגוע בחסינות.
deformity	הפציעה גרמה **למום** קבוע ברגל.
degenerate	אחרי הפציעה, הביצועים האתלטיים שלו החלו **להתנוון**.
deliberate	היא עשתה הפסקה **מכוונת** לפני שענתה על שאלת הראיון הקשה.
delusions	הוא סבל **מאשליות** לגבי חשיבותו החברתית האמיתית.
denote	אור אדום **מציין** סכנה ומאותת לנהגים לעצור.
densely	העיר האירופית העתיקה מיושבת **בצפיפות**, עם רחובות צרים ודירות עמוסות.
depict	הציור **תיאר** כפר שליו השוכן בין עמקים.
derive	היא **שואבת** הנאה וסיפוק אמיתיים מקריאת רומנים.
differences	שני השותפים העסקיים התווכחו על **חילוקי הדעות** היסודיים שלהם לגבי אסטרטגיית החברה.
disciples	מאסטר אמנויות הלחימה אימן את **תלמידיו** הנאמנים כל בוקר לפני הזריחה.
disclose	החברה **גילתה** אתמול את תוצאותיה הכספיות הרבעוניות.
discriminate	חוקים אוסרים על מעסיקים **להפלות** על בסיס גיל.
disinfection	צוות בית החולים ביצע **חיטוי** יסודי לכל חדרי המטופלים.
dispatch	המחסן **ישגר** את ההזמנה שלך עד מחר.
displacement	רעידת האדמה גרמה **לעקירה** המונית של משפחות מבתיהן.
disprove	חוקרים פעלו כדי **להפריך** את המיתוס הפופולרי לגבי זיכרון דגי הזהב.
dispute	**המחלוקת** הארוכה בין השכנים הסתיימה סוף סוף בחודש שעבר.
disruption	השביתה גרמה **לשיבוש** משמעותי בשירותי התחבורה הציבורית.
dissection	תלמידי הביולוגיה ביצעו **חיתוך** זהיר של הצפרדע.
divert	המשטרה נאלצה **להסיט** את התנועה סביב זירת התאונה.
draw	משחק השחמט המכריע הסתיים **בתיקו**.
drought	**הבצורת** החמורה השאירה את החקלאים בלי מים במשך חודשים.
durable	הנעליים **העמידות** האלה יחזיקו מעמד שנים רבות בטיפול נכון.
dwell	סבי וסבתי **מתגוררים** בכפר קטן ליד החוף.
dwelling	**המשכן** הישן על הגבעה השתייך למשפחה.
eel	**הצלופח** שוחה בנהר בחיפוש אחר דגים קטנים.
elaborate	תוכל **לפרט** למה אתה מתכוון באמירה הזו?
elusive	הפושע נשאר **חמקמק** למרות חקירת המשטרה.
emergence	**הופעתן** של טכנולוגיות חדשות שינתה את אופן העבודה שלנו.
emission	המפעל צמצם את **פליטות** הפחמן שלו באמצעות ציוד משופר.
emit	הר הגעש החל **לפלוט** עשן ואפר מיד.
emulate	ספורטאים צעירים נוטים **לחקות** את השחקנים המקצועיים האהובים עליהם.
enlist	הוא החליט **להתגייס** לצבא לאחר סיום הלימודים.
envision	היא יכלה **לחזות** בבירור עתיד מזהיר לילדיה.
equates	עבור רוב האנשים, הצלחה **מושווית** לעבודה קשה ומסירות.
erroneous	הדוח **השגוי** הוביל את הצוות למסקנות שגויות.
erupt	הר הגעש **יתפרץ** ויהרוס את כל מה שבסביבה.
essence	**מהות** הידידות ביניהם הייתה אמון הדדי ויושר.
esteemed	הפרופסור **המכובד** זכה בפרסים בינלאומיים רבים.
evade	החשוד ניסה **להתחמק** ממעצר על ידי בריחה.
eventual	המטרה **הסופית** שלהם הייתה לפתוח מסעדה מצליחה.
exceed	מכירות החברה שלנו השנה **יעלו על** כל שיא קודם.
excel	היא החלה **להצטיין** במתמטיקה בתיכון.
excessively	הוא שתה **בצורה מוגזמת** ופגע קשות בבריאותו הפיזית.
expectancy	**תוחלת** החיים עלתה בזכות הרפואה המודרנית.
expendable	עובדים רבים הרגישו **שניתן לוותר עליהם** לאחר הקיצוצים בחברה.
expenditure	הממשלה קיצצה את **ההוצאה** הצבאית בעשרה אחוזים.
exploitation	**ניצול** עובדים היה נפוץ במפעלים הישנים.
extortion	הפושע דרש כסף באמצעות **סחיטה** ואיומים.
familiarize	היא הקדישה זמן כדי **להתוודע** למערכת המחשוב החדשה.
famine	**הרעב** הקשה הנורא השאיר מיליוני אנשים רעבים בייאוש.
fascinate	הטריקים של הקוסם תמיד **מרתקים** את חברי הקהל הצעירים.
fast	היא החליטה **לצום** לפני הבדיקה הרפואית המתוכננת שלה הבוקר.
fertile	האדמה **הפורה** בעמק הצמיחה יבולים מצוינים.
flatter	אל תנסה **להחמיא** לי במחמאות ריקות ושקריות.
flight	**הבריחה** שלהם מהעיר המסוכנת הצילה את חייהם.
flock	אלפי תיירים **נוהרים** לחופים מדי קיץ.
flourish	הפרחים מתחילים **לשגשג** באביב החם.
fluency	**השטף** שלה בשלוש שפות הרשים את כל הוועדה.
fond	היא **חיבבה** את שכנה הקשיש ואפתה עבורו עוגיות מדי שבוע.
forfeit	הקבוצה הפצועה נאלצה **לוותר** על המשחק.
fortify	הם עבדו קשה כדי **לחזק** את חומות העיר.
foster	המורים **מטפחים** יצירתיות בכל תלמידיהם הצעירים.
friction	**חיכוך** מתמיד בין שני המנהלים הפך את הפגישות למתוחות ולא פרודוקטיביות.
fugitive	**הנמלט** הסתתר ביער ימים רבים.
garment	החייט בדק כל **בגד** בקפידה לפני שהתאים אותו ללקוח.
glimpse	זכיתי רק **להצצה חטופה** של הזמר המפורסם.
glorify	הרומן נוטה **להאדיר** עושר ואורחות חיים מפוארים מעל לכל.
gracious	המארח **החינני** קיבל את פני כל האורחים בחום רב.
gradual	העלייה **ההדרגתית** בטמפרטורה כמעט לא הורגשה על ידי התושבים.
grim	ההבעה **הקודרת** של הרופא אמרה להם שהחדשות לא יהיו טובות.
groom	**החתן** חייך בעודו ממתין לכלתו.
harvest	**קציר** החיטה מילא כל אסם אחסון בחווה.
hasten	נאלצנו **להחיש** את יציאתנו בשל מזג האוויר.
hasty	הוא קיבל החלטה **מהירה** מדי בלי לבדוק קודם אף אחת מהעובדות.
haul	הם נאלצו **לגרור** את הקופסאות הכבדות למעלה.
hazard	הכבישים המכוסים קרח הפכו **לסכנה** רצינית עבור הנהגים.
hectic	לוח הזמנים **הקדחתני** שלה לא השאיר זמן למנוחה.
heir	**יורש** הון המשפחה למד משפטים.
humility	**הענווה** שלה הפתיעה את כולם, מכיוון שהיא מעולם לא הזכירה את הפרסים הרבים שלה.
hypocrisy	**הצביעות** שלו הייתה ברורה כשמעשיו סתרו את דבריו.
i.e.	היא אוהבת ביולוגיה, **כלומר**, חקר היצורים החיים.
illicit	הסחר **האסור** בבעלי חיים בסכנת הכחדה הולך וגדל.
illiterate	אנשים **בורים** רבים מתקשים לקרוא ולכתוב.
illuminate	פנס הרחוב החל **להאיר** את הדרך החשוכה.
immense	היער **הכביר** השתרע על פני מאות קילומטרים.
impair	התאונה עתידה **לפגום** ביכולתו לעבוד.
impartial	השופט חייב להישאר **אובייקטיבי** במהלך המשפט.
in due time	נקבל את הכסף **בבוא העת**.
in order	הכול סוף סוף **תקין** לקראת האירוע.
incentive	הבונוס היה **תמריץ** טוב לעבוד קשה.
incomprehensible	הטקסט האקדמי הצפוף היה **בלתי מובן** לי לחלוטין.
incorporate	העיצוב החדש **יכלול** את כל המשוב מהלקוחות.
indifference	היא הפגינה **אדישות** מוחלטת כלפי הפרס, בלי לחוש דבר.
indigenous	התושבים **הילידים** של האי חיים שם כבר מאות שנים.
induce	המוזיקה המרגיעה עזרה **לגרום** לשינה עמוקה אצל התינוק העייף.
inevitably	לא משנה כמה הוא תכנן בקפידה, טעויות היו קורות **בהכרח** במהלך הפרויקט.
inferred	החוקרים **גזרו** את הגורם למחלה מהתסמינים של המטופל.
inflammation	הרופא רשם תרופה להפחתת **הדלקת** בברך שלה.
ingest	ילדים קטנים לא צריכים **להכניס** בוטנים לגופם, בשל תגובות אלרגיות חמורות.
inhibit	קוד הלבוש המחמיר נראה כאילו **ריסן** את הביטוי העצמי והיצירתיות של התלמידים.
inquire	היא החליטה **לברר** לגבי המשרה הפנויה בחברה.
inquiry	המשטרה ערכה **חקירה** יסודית בנוגע להיעלמות המסתורית.
insulate	הקירות העבים **מבודדים** את הבניין מפני רעש חיצוני וקור.
intermediary	עורך הדין שימש **כמתווך** בין שני הצדדים.
intervene	השופט נאלץ **להתערב** כשהשחקנים החלו להיאבק.
intestine	הרופאים הסירו קטע פגוע **מהמעי** הדק שלו במהלך הניתוח.
intoxicate	אלכוהול **משכר** את הגוף ופוגע בתיאום הפיזי.
intrigue	המכתב המסתורי הצליח **לסקרן** אפילו את הזקן הספקן.
intrusive	השאלות **הפולשניות** שלו לגבי הכספים האישיים שלי גרמו לי לאי נוחות.
invoke	המנהל החליט **להסתמך** על מדיניות החברה כדי להצדיק את ההחלטה.
irrigation	החקלאי השתמש במערכות **השקיה** מודרניות כדי להשקות את כל היבולים שלו.
jug	היא מזגה חלב קר **מהכד** הקרמי לתוך כוסות קטנות.
landmark	סיום התואר באוניברסיטה היה הישג שהיווה **אבן דרך** במסע האקדמי שלה.
latter	בין קפה לתה, אני מעדיף את המשקה **האחרון**.
launder	אני צריך **לכבס** את הבגדים המלוכלכים האלה עד מחר.
legislate	הממשלה החליטה **לחוקק** תקנים חדשים להגנת הסביבה.
legislation	**חקיקה** חדשה אושרה כדי להסדיר את הפרקטיקות בתעשיית ההייטק.
leisure	היא בילתה את שעות **הפנאי** שלה בקריאת ספרים ובגינון.
linger	נראה היה שהניחוח הנפלא ממשיך **להתעכב** במטבח.
literacy	שיפור שיעורי **האוריינות** במדינות מתפתחות נותר בעדיפות עולמית בתחום החינוך.
literate	לכל ילד מגיעה גישה לחינוך כדי שיהיה **יודע קרוא וכתוב**.
litter	מגרש המשחקים היה מכוסה **באשפה** אחרי האירוע העמוס בסוף השבוע.
lodge	החלטנו **להתאכסן** במלון הקטן ליד ההר.
loosely	החולצה ישבה עליו **באופן רפוי** והייתה תלויה בצורה מביכה משהו.
lumber	אתר הבנייה אחסן **עצי בניין** כבדים שהיו נחוצים לבנייה.
luminous	הזוהר **הבוהק** של הפנס הנחה אותם בתוך החושך.
malformation	הרופא גילה **עיוות** בתינוק במהלך הבדיקה.
malnutrition	**תת-תזונה** הותירה את הילדים חלשים, תת-משקל וחסרי ויטמינים בסיסיים.
mediocre	המבקר נתן לסרט ביקורת **בינונית** וכינה אותו נשכח.
mere	הוא התייחס לחששותיה כאל **לא יותר** מהגזמה, וסירב לחלוטין להקשיב.
mischief	**מעשה הקונדס** של הילדים כלל הסתרה חשאית של מפתחות המכונית של המורה שלהם.
mobilize	מתנדבים מיהרו **להניע** משאבים ותמיכה בעקבות השיטפון.
mold	הורים צריכים **לעצב** את האופי של ילדיהם באמצעות דוגמה אישית חיובית.
moth	**עש** גדול עף דרך החלון ונחת על המנורה.
mundane	למרות המשימות המשרדיות **השגרתיות**, היא מצאה שמחה בשגרה הפשוטה.
mutual	האהבה וההערכה **ההדדיות** שלהם היוו את הבסיס לנישואים חזקים.
namely	היא נהנתה מספורי חורף רבים, **כלומר** סקי והחלקה על קרח.
nausea	הריח הכימי החזק גרם **לבחילה** מיידית ולסחרחורת.
negate	מעשיו הטובים לא יכולים **לשלול** את כל הנזק שהוא גרם.
negligent	הנהג **הרשלני** גרם לתאונה כשהתעלם מרמזורים.
nonetheless	הפרויקט נתקל במכשולים רבים; **למרות זאת**, הצוות השלים אותו בהצלחה.
notable	התרומה **הראויה לציון** שלה למדע הקנתה לה הכרה בינלאומית.
notably	פירות רבים, **בייחוד** תפוחים ותפוזים, מכילים ויטמינים חשובים לבריאות.
noted	הסופרת **הידועה** נתנה הרצאה מרתקת על כתיבתה.
nurture	הורים צריכים **לטפח** את הכישרונות של ילדיהם ולעודד את התפתחותם.
nutrient	דגים מכילים **חומרים** מזינים חשובים כמו חומצות שומן אומגה 3 לבריאות.
oblige	הכללים החדשים **מחייבים** את העובדים להשתתף בהדרכת בטיחות.
obsolete	המחשב הישן ההוא **מיושן** לחלוטין כיום ואינו פועל.
offset	הרווחים של החברה עוזרים **לקזז** את ההפסדים מהאגף החדש.
ordinarily	היא **בדרך כלל** מתעוררת מוקדם, אבל היום ישנה עד הצהריים.
orient	לקח לו כמה דקות **להתמצא** אחרי שהגיע.
originate	המסורת **התחילה** לפני מאות שנים וממשיכה עד היום.
outrage	ההחלטה הבלתי הוגנת של השופט עוררה **זעם** בקרב האוהדים והשחקנים.
outweigh	היתרונות של המערכת החדשה **עולים על** העלויות הראשוניות.
overdue	הספרייה שלחה הודעה שהספר שלי **עבר את מועד ההחזרה** שלו.
overlooked	**לא הבחנתי** בפרט החשוב הזה כשקראתי אותו לראשונה.
overwhelm	נראה היה שכמות המשימות האדירה **מציפה** אותה.
particle	**חלקיק** אבק בודד שריחף בקרן השמש משך את תשומת ליבה.
particulars	היא ביקשה את **פרטי** החוזה לפני החתימה.
perceive	הוא הצליח **להבחין** ברמז העדין של עצב בחיוך שלה.
persuasion	באמצעות **שכנוע** עדין, היא שכנעה אותו לשקול מחדש את החלטתו.
persuasive	הטיעון **המשכנע** שלו שכנע בהצלחה את הוועדה לגבי ההצעה.
physician	**הרופא** בדק את המטופל ביסודיות לפני האבחנה.
pivot	הדלת מסתובבת על **ציר** ונפתחת לשני הכיוונים.
plunge	הוא שאף אוויר עמוק והחליט **לצלול** למים.
pollutant	המפעל שחרר **מזהם** מסוכן שזיהם את המים.
portray	הסרט התיעודי **מתאר** את חייו של אדם רגיל.
pose	פקקי תנועה כבדים **מהווים** סיכון בטיחותי חמור להולכי רגל.
posture	**יציבה** נכונה בישיבה ליד השולחן מונעת כאבי גב.
potent	התרופה **החזקה** הזו יכולה להירשם רק על ידי רופאים.
potter	**הקדר** עיצב את החימר הרטוב על האובניים המסתובבים.
pottery	ארכיאולוגים גילו **קדרות** עתיקה קבורה עמוק מתחת לכפר הישן.
poverty-stricken	המשפחה **מוכת העוני** נזקקה לעזרה בתשלום שכר הדירה והמזון.
precedent	בית המשפט קבע **תקדים** כשפסק שלכולם יש זכויות שוות.
preceding	הפרק החדש מסביר מה קרה בפרק **הקודם**.
predictive	המודלים **החיזויים** עזרו לצוות לחזות דפוסי מזג אוויר בדייקנות.
predominantly	העיר שלנו היא **בעיקר** צרפתית, אם כי אנשים מדברים גם אנגלית.
prescribe	הרופא **ירשום** אנטיביוטיקה לטיפול בדלקת האוזניים שלך.
prescription	אספתי את **המרשם** שלי מבית המרקחת הבוקר.
presently	היא עובדת **כעת** כיועצת בחברת הייטק.
prevalent	חרדה היא בעיה נפשית **נפוצה** בקרב מתבגרים כיום.
probation	**תקופת המבחן** שלו תסתיים לאחר שלושה חודשי העסקה.
proclaim	מנהל בית הספר **יכריז בפומבי** על יום שישי כיום מיוחד למשחקי חוץ.
profound	לסרט הייתה השפעה **עמוקה** על האופן שבו היא ראתה את העולם.
profoundly	הספר שלה שינה **עמוקות** את הבנת האנשים לגבי בריאות הנפש.
prone	חלק מהאנשים **נוטים** לקבל פצעי קור בחורף.
prospective	סטודנטים **עתידיים** יכולים לסייר בקמפוס בבוקר יום שבת.
prosperity	**השגשוג** של החברה גדל אחרי שהתרחבה לאירופה.
prosperous	הסוחר **המשגשג** החזיק נכסים ברחבי העיר.
provided that	נצא לקמפינג **בתנאי** שמזג האוויר יישאר שמשי.
proximity	**קרבת** הדירה לרכבת התחתית הופכת אותה לאטרקטיבית.
punctuation	**פיסוק** נכון הופך משפטים לקלים יותר להבנה ולקריאה.
pursuit	**מרדף** המשטרה אחר הגנב הסתיים כשהוא פנה מעבר לפינה.
quantify	קשה **לכמת** כמה אושר המוזיקה מביאה לאנשים.
ratify	הוועדה חייבת **לאשרר** את כללי הבטיחות החדשים לפני שייכנסו לתוקף.
rationalize	הוא **הצדיק** את אכילת הקינוח באמירה שהוא ראוי לפינוק.
readily	היא הסכימה **ללא קושי** לעזור בפרויקט בעבודה.
reap	חקלאים **קוצרים** את היבולים שלהם בסתיו לפני שהחורף מגיע.
rear	יציאת החירום נמצאת בחלק **האחורי** של הבניין.
recession	במהלך **המיתון**, אנשים רבים איבדו את מקומות העבודה ואת החסכונות שלהם.
recipient	**נמען** המלגה הרגיש אסיר תודה על ההזדמנות.
recollection	**הזיכרון** שלי מאותו היום מטושטש אחרי כל כך הרבה שנים.
redeem	הגיבור עבד קשה כדי **לגאול** את עצמו אחרי שבגד בחבריו הקרובים ביותר.
refuge	ציפורים מוצאות **מקלט** בשיחים סבוכים בזמן סערות ומזג אוויר גרוע.
reign	במהלך **שלטונו**, המלך בנה טירות רבות ברחבי הממלכה.
reincarnation	במשחק הווידאו, **גלגול נשמות** איפשר לדמות להתחיל מחדש עם כוחות חדשים.
reliance	**הסתמכות** החברה על נפט גרמה לה להתקשות בזמן ירידות מחירים.
reluctant	הוא היה **מסויג** מלהודות בטעותו גם כשעומת עם כך.
renovate	הם החליטו **לשפץ** את הבית הישן כדי להעלות את ערכו.
repressive	המלך **המדכא** בסיפור העניש כל מי שהעז לבקר אותו.
resourceful	מנהל **בעל תושייה** יכול לפתור בעיות עם כלים מוגבלים.
riddle	פתרון **החידה** דרש חשיבה זהירה על כל רמז.
ridicule	ילדים לעולם לא צריכים **ללעוג** לאחרים על היותם שונים או מוזרים.
rigid	הכללים **הנוקשים** בבית הספר לא השאירו מקום ליצירתיות של התלמידים.
robust	מערכת חיסונית **איתנה** עוזרת לגוף להילחם בזיהומים.
rodent	עכברים וחולדות הם **מכרסמים** נפוצים שחיים בקרבת יישובי אדם.
sake	היא חסכה כסף כל חודש **למען** קניית מכונית חדשה.
sanctuary	**המקדש** העתיק הכיל תבליטים מפורטים ואוצרות שמבקרים עדיין חוקרים כיום.
saturated	הספוג היה כל כך **רווי** עד שטפטף מים על הרצפה.
saw	הוא השתמש **במסור** כדי לחתוך את לוחות העץ לחתיכות קטנות יותר.
scope	**היקף** הפרויקט גדל מעבר למה שמישהו ציפה.
score	השתמש בסכין כדי **לחרוץ** את הבשר לפני הבישול.
secular	למדינה יש ממשלה **חילונית** שמתייחסת לכל מערכת אמונה באופן שווה.
sedative	הרופא נתן לו **סם הרגעה** כדי לעזור לו להירגע לפני הניתוח.
seek, sought	הם **חיפשו** מחסה מהגשם בתוך מערה סמוכה.
segregation	החקלאי השתמש **בהפרדה** כדי להרחיק חיות חולות מהעדר הבריא.
seismic	הפעילות **הססמית** התגברה והזהירה מפני רעידת אדמה אפשרית.
seizure	למטופל היה **התקף** והוא נזקק לטיפול רפואי מיידי.
seldom	היא הולכת למסעדות **לעיתים רחוקות** כי היא מעדיפה לבשל בבית.
self-indulgence	אכילת קינוח בכל יום הייתה סוג של **פינוק עצמי** שהיא נהנתה ממנו.
severity	**חומרת** הפציעה שלה גרמה לכך שנזקקה לניתוח באופן מיידי.
silkworm	**תולעי המשי** טוות פקעות שנקצרות לייצור חוט משי.
skyrocket	לאחר ההמלצה של הסלבריטי, המכירות **האמירו** מעבר לציפיות.
smog	**הערפיח** בעיר הקשה על הראייה של בניינים בצד השני של הרחוב.
spacious	הדירה **המרווחת** סיפקה מקום מספיק לכל הרהיטים שלהם.
span	הגשר **נמתח** מעל הנהר ומחבר בין שתי הערים.
spectacle	מופע הזיקוקים היה **מחזה** שהדהים את כל הקהל.
splendid	היה להם זמן **נהדר** בחוף הים במהלך החופשה שלהם.
spring, sprang	החתול **קפץ** על פני החדר כדי לתפוס את הכדור הנע.
standardize	החברה **תתקנן** את כל הנהלים בכל סניפי המשרד.
standstill	התנועה הגיעה **לעצירה מוחלטת** כשהכביש הראשי נחסם.
steamship	**אוניית הקיטור** חצתה את האוקיינוס בשבועיים במהלך המאה ה-19.
strain	**המתח הנפשי** של המצב פגע ביכולתה לישון.
stride	הוא **צעד** בצעדים ארוכים על פני השדה כדי להגיע לקו הסיום.
strive	היא **שואפת** לשפר את הציונים שלה בכל שיעור בבית הספר.
stroke	הילדה נרדמה אחרי **ליטוף** עדין של שיערה.
stumble	הוא **מעד** על המדרגות אבל תפס את עצמו לפני שנפל.
sturdy	שולחן העץ **החסון** שרד את רעידת האדמה בלי להישבר.
subsequent	הסרט הראשון היה פופולרי, והסרטים **העוקבים** היו טובים באותה מידה.
subtle	ההבדל **הדק** בין הצבעים היה קשה להבחנה.
suburban	הם עזבו את העיר וקנו בית בשכונה **פרברית**.
successor	היא הפכה **ליורשת** של מייסד החברה אחרי שפרש.
surpass	הציורים שלה **עולים על** כל מה שראינו לפני כן.
swept away	הזרם החזק **סחף** את הסירה הקטנה.
sympathetic	העמיתה **האוהדת** שלה העניקה לה תמיכה אמיתית במהלך המשבר.
tainted	אספקת המים הייתה **מזוהמת** בחיידקים מסוכנים.
testimony	**העדות** שלו בבית המשפט הוכיחה שהנאשם אשם.
thrive	צמחים טרופיים **משגשגים** בסביבות חמות ולחות.
timber	הבקתה הישנה נבנתה מקורות **עץ** כבדים.
timid	הילד **הביישן** סירב לדבר מול הכיתה.
tremendous	הפיצוץ גרם נזק **עצום** לשכונה.
twig	**זרד** קטן נפל מהעץ אל הקרקע.
undergo	היא **עברה** ניתוח גדול בבית החולים בחודש שעבר.
undermine	ביקורת מתמדת יכולה **לערער** בהדרגה את הביטחון העצמי של אדם.
undertake	הם **לקחו** על עצמם פרויקט קשה לשיקום הגשר.
unearth	ארכיאולוגים חשפו כלי חרס עתיקים באתר **החפירה**.
unfold	הסיפור **נחשף** ככל שהבלש מגלה רמזים חדשים.
unparalleled	הכישרון המוזיקלי שלה הוא כישרון **שאין כמותו** בדור שלנו.
upbringing	**החינוך** המחמיר שלו עיצב את האישיות המשמעתית מאוד שלו.
uprising	התושבים ערכו **התקוממות** נגד הממשלה המדכאת.
vagueness	**העמימות** בהוראות הכתובות שלו בלבלה את כולם.
vain	כל המאמצים שלהם היו **לשווא** כשהפרויקט בוטל.
venture	פתיחת עסק היא **מיזם** מסוכן שדורש תכנון.
verse	הוא דקלם את **הבית** הראשון בשיר בצורה יפהפייה.
vessel	**כלי השיט** הגדול שט לאט על פני האוקיינוס.
viable	למרות התקציב המצומצם, התוכנית עדיין **בת-קיימא** ויכולה להצליח.
virtue	כנות נחשבת **למעלה** גדולה בתרבויות רבות.
vivid	יש לה זיכרונות **חיים** מסיפורי סבתא שלה מהילדות.
vowel	האות 'איי' היא **תנועה** באלפבית האנגלי.
ward	היא עבדה כאחות **במחלקת** הילדים.
wart	הוסרה לו **יבלת** מהיד.
whereas	ג'ון אוהב קפה, **בעוד** שאחיו מעדיף תה.
wholesale	אנחנו קונים את הציוד שלנו **בסיטונאות** כדי לחסוך כסף.
wickedly	הוא חייך **ברשעות** כשסיפר את הבדיחה.
wilderness	המטיילים העפילו אל **השממה** לשבועיים.
wind	היא **מותחת** את החבל בחוזקה סביב העמוד.
wound	היא **מתחה** את החבילה בחוזקה בחבל חזק.
yield	הגנרל סירב **להיכנע** לאויב.
abacus	הילד למד לספור בעזרת **חשבונייה**.
abhor	היא **מתעבת** חוסר יושר ותמיד מתעקשת לומר את האמת.
abide	כל התלמידים חייבים **לציית** לחוקי בית הספר.
abrupt	הסרט הסתיים בסיום **פתאומי** למדי.
abstain	הוא החליט **להתנזר** מאכילת סוכר בזמן הדיאטה.
acclaim	המבקרים **שיבחו** את הסרט החדש כיצירת מופת.
accomplices	שני **השותפים לעבירה** נעצרו על ידי המשטרה.
accomplished	היא פסנתרנית **מעולה** שמופיעה ברחבי העולם.
adhesive	השתמשנו **בדבק** חזק כדי לתקן את האגרטל השבור.
adorn	פרחים צבעוניים **קישטו** את כל אולם החתונה בצורה יפהפייה.
advent	**בואה** של הטכנולוגיה המודרנית שינה ממש הכול.
adverse	תנאי מזג אוויר **שליליים** עיכבו משמעותית את הטיסה המתוכננת.
affinity	היא הרגישה **זיקה** אמיתית למוזיקאים אחרים.
affluence	הוא חי **בשפע** לאחר שירש את הון משפחתו.
affluent	השכונה **העשירה** הייתה מלאה באחוזות גדולות.
agitate	התלונות המתמידות שלו החלו **להסעיר** את כולם במשרד.
agonize	הוא **התייסר** בכאבים במשך שעות אחרי ששבר את הרגל.
albeit	הסרט היה ארוך, **אף על פי** שהיה מבדר ומעשיר.
alleviate	התרופה הזו **תקל** על כאב הראש החזק שלך במהירות.
allure	**הקסם** של העיר טמון בהיסטוריה ובתרבות שלה.
allusion	השיר מכיל **רמיזה** למיתולוגיה היוונית.
alternately	הם שיחקו ונחו **לסירוגין** במהלך המשחק.
amass	הוא הצליח **לצבור** אוסף גדול של ספרים נדירים.
ancestry	**מוצאה** מגיע דורות רבים אחורה, עד לסקוטלנד.
antler	**הקרניים המסועפות** של הצבי הצעיר היו מכוסות קטיפה.
appease	הוא נתן לה פרחים כדי **לפייס** את כעסה.
appraise	התכשיטן **העריך** את היהלום בעשרת אלפים דולר.
arable	האדמה **המתאימה לעיבוד** הייתה מושלמת לגידול יבולים.
articulate	היא **הביעה** את רעיונותיה בבהירות במצגת.
ascertain	המשטרה עבדה קשה כדי **לוודא** את האמת.
aspiration	**השאיפה** שלו היא להיות רופא יום אחד.
aspire	היא **שואפת** לזכות במדליית זהב אולימפית.
astonishment	להטוט הקסמים מילא את הקהל **בתדהמה**.
astound	החדשות המפתיעות **הדהימו** את כולם בחדר.
atrocity	פשעי המלחמה הנוראיים נחשבו **לזוועות**.
attire	היא לבשה **לבוש** רשמי לארוחת הערב המפוארת.
avert	הוא **הסיט** מיד את מבטו מהמסך.
baffled	התלמיד **המבולבל** לא הצליח לפתור את בעיית המתמטיקה.
bashful	השחקן **הביישן** הסמיק עמוקות כשקיבל שבחים.
benefactors	העמותה הודתה **לנדבניה** על תרומותיהם.
bland	אוכל בית החולים היה **תפל** מאוד ולא טעים.
bleak	נוף החורף נראה די **עגום** בלי שלג.
bolster	חדשות טובות בהחלט **יתמכו** בביטחון שלהם היום.
cadaver	תלמידי האנטומיה חקרו בקפידה את **הגופה** האנושית.
candid	הוא היה **כן** באכזריות, וסיפר לבוס שלו שהתוכנית תיכשל בבירור.
canvass	החוקרים **יסקרו** את השכונה לצורך תשובות לסקר.
capitalize	משקיעים חכמים **מנצלים** הזדמנויות שוק לפני שאחרים שמים לב.
caste	מערכת **המעמדות** הנוקשה של הודו קבעה היסטורית את ההיררכיה החברתית.
chiefly	העיכוב נבע **בעיקר** ממזג אוויר גרוע, אם כי כמה טעויות קטנות החמירו אותו.
coincide	שני האירועים **חפפו** במקרה ביום שבת.
commemorate	העיר בנתה אנדרטה כדי **להנציח** את תרומותיו הנדיבות של מייסדה.
commendably	הצוות שיפר **באופן ראוי לשבח** את שיא הבטיחות שלו השנה.
commends	המורה **מציינת לשבח** תלמידים שמשלימים את שיעורי הבית שלהם בקפידה.
commute	המושל החליט **להמתיק** את עונשו החמור של האסיר.
comprise	קבוצת הספורט **כוללת** חמישה שחקנים מנוסים ושלושה טירונים.
compulsory	חינוך גופני הוא **חובה** עבור כל תלמידי התיכון.
concede	הוא נאלץ סוף סוף **להודות** שהיא צדקה.
conceive	המדענים בקושי הצליחו **להעלות על הדעת** יקום בן מיליארדי שנים.
concerted	מאמץ **מתואם** כדי לצמצם את הזיהום.
concise	הסיכום **התמציתי** שלה תפס את כל הנקודות המרכזיות בבהירות.
concur	אני **מסכים** לחלוטין עם הניתוח המפורט שלך בנושא.
concurrence	אנחנו זקוקים **להסכמה** של כל חברי הדירקטוריון לפני שנמשיך.
condone	אני לא יכול **לסלוח** על התנהגות כה גסה, גם עם התנצלויות.
confer	עורכי הדין **יתייעצו** עם לקוחותיהם לפני המשפט.
confide	היא בחרה **לשתף** את חברתה הטובה ביותר בכך.
confinement	**מאסרו** של האסיר בתא ההוא נמשך חמש שנים.
conform	כל העובדים חייבים **להתאים** את עצמם לקוד הלבוש המחמיר.
congenial	אפילו זרים מצאו את המשרד **נעים**, שוחחו וצחקו תוך דקות ממפגשם.
congenital	הוא נולד עם מום לב **מולד** חמור.
congregate	ציפורים **מתקהלות** על חוטי חשמל בכל דמדומים.
conjecture	זו רק **סברה**; אין לך שום ראיה אמיתית.
consonant	האות 'בי' היא **עיצור**, אך האות 'איי' היא תנועה.
conspicuous	המכונית האדומה הבוהקת שלו הייתה **בולטת** בחניון.
constituent	ברזל הוא **מרכיב** אחד בפלדה, בשילוב עם פחמן ומתכות נוספות.
contend	היא צריכה **להתמודד** עם אתגרים רבים בעבודתה.
convene	המנהל **יכנס** ישיבת צוות ביום שני הבא.
coop	**לול** התרנגולות זקוק לגג חדש לפני שהחורף הקשה מגיע.
correspondent	**הכתב** הזר של העיתון שלח כתבות יומיות מהוועידה העמוסה.
covet	ספורטאים צעירים רבים **חומדים** את הגביע העליון שמוענק בכל עונת אליפות.
croak	אפשר היה לשמוע את הצפרדעים **מקרקרות** ליד הבריכה.
culminate	הפסטיבל **יגיע לשיאו** בתצוגת זיקוקים מרהיבה.
dampen	חדשות רעות עלולות **לדכא** את רוח הצוות.
dandy	**הגנדרן** צעד ברחוב לבוש באפוד משי בוהק.
date	**תמרים** הם פירות מתוקים שגדלים במדבר.
deem	השופטים רואים את הביצוע שלה **כראוי** לפרס הראשון.
defiance	**ההתרסה** שלו נגד הכללים גרמה לו להיות מורחק מיד.
deliberation	אחרי **דיון** קפדני, חבר המושבעים הגיע לפסק דין סופי.
delicacy	קוויאר הוא **מעדן** יקר המוגש במסעדות מפוארות.
delinquent	**העבריין** נצטווה לשלם פיצויים לקורבנות.
delve	היסטוריונים **חופרים** בארכיונים מאובקים, קוראים כל מכתב כדי לחשוף סיפורים נשכחים.
demean	אני לא **אשפיל** את עצמי בכך שאגיב לעלבונות.
demise	**קצה** של החברה נגרם מניהול גרוע מאוד.
denominator	כדי לחבר שברים, יש למצוא **מכנה** משותף לפני החישוב.
depiction	**התיאור** של האמן את הסצנה היה מדויק מאוד.
deplete	שימוש יתר **ידלדל** את משאבי הטבע של היער.
depreciate	מכוניות חדשות **יורדות** בערכן במהירות אחרי היציאה מהאולם.
derision	הקהל קיבל את הביצוע הגרוע שלו **בלעג** ובצחוק.
descendant	היא **צאצאית** ישירה של המשפחה המלכותית.
designate	המוזיאון **ייעד** ממצאים נדירים כמוגנים רשמית.
desolate	הנוף **השומם** לא הציע מחסה או נחמה.
deteriorate	בריאותו החלה **להידרדר** אחרי התאונה החמורה.
detract	הפגמים הקטנים לא **גורעים** מהאיכות הכוללת.
detrimental	עישון **מזיק** למדי לבריאותך הפיזית לטווח ארוך.
devastate	הוריקן **יחריב** את הקהילות החופיות הפגיעות באורח חמור.
deviant	הרגליו **הסוטים** הפרו כל נורמה חברתית שהעיר הקטנה החזיקה בה.
devise	הצוות נאלץ **להמציא** אסטרטגיה חדשה במהירות.
devoid	הטיעונים שלו היו **נטולי** היגיון לחלוטין.
die (dice)	הטל את **הקובייה** פעם אחת כדי לראות אם תתקדם.
diminish	התרופה עזרה **לצמצם** משמעותית את הכאב הכרוני היומיומי שלה.
disarmament	שתי המדינות הסכימו לקדם מיד שיחות **פירוק** נשק.
discord	**הסכסוך** בין השותפים סיים את כל הקשר העסקי שלהם.
discrepancy	יש **פער** בין שני הדוחות הפיננסיים.
disdain	היא הביטה בו **בבוז** והסתובבה ללכת.
dislocate	הספורטאית הצליחה **לנקוע** את כתפה בנפילה.
dismantle	העובדים **יפרקו** לחלוטין את הציוד הישן בשבוע הבא.
disparage	אל **תזלזל** במאמציו גם אם אתה לא מסכים.
disparagement	**הזלזול** הקשה שלה בבישול שלו גרם לו להרגיש נבוך ופגוע.
dissect	אנחנו **ננתח** את הרומן פרק אחר פרק.
disseminate	הארגון פועל **להפיץ** מידע בריאותי בצורה רחבה מאוד.
dissemination	**ההפצה** המהירה של השמועה גרמה לפאניקה מיותרת בקרב השכנים.
dissent	**חלק** מהחברים יתנגדו להחלטה הסופית של הרוב.
diurnal	ינשופים חריגים מכיוון שבניגוד לציפורים **הפעילות** ביום, הם צדים רק בלילה.
diverge	דרכינו החלו **לסטות** אחרי בית הספר התיכון.
divinity	המיתוס העתיק מתאר את ספקו הגובר של הגיבור **באלוהותו** שלו.
docile	התלמיד **הצייתן** מילא כל הוראה בלי לערער על המורה.
dovecote	החקלאי בנה **שובך** עץ כדי לאכלס את להקת הציפורים הלבנות שלו.
draw (drew)	היא **שלפה** את חרבה מהנדן בתנועה מהירה אחת.
drench	הגשם הפתאומי **הרטיב** אותנו לגמרי לפני שהספקנו למצוא מחסה.
dwindle	החסכונות שלה **הידלדלו** כשהיא שילמה חשבונות רפואיים כל חודש.
eloquent	גם בלי פתקים, עורכת הדין **הרהוטה** הביאה את חבר המושבעים לדמעות בנאום הסיום שלה.
elude	הפושע הצליח **להתחמק** מהמשטרה בכך שהתחבא עמוק ביער.
embalm	החונט חנט את הגופה כדי **לשמר** אותה לטקס ההלוויה.
embark	הם **יצאו לדרך** במסע הרפתקאות במדבר עם גמלים וציוד.
embellish	היא **קישטה** את השמלה הפשוטה בחרוזים צבעוניים וחוט זהב.
embitter	שנות כישלון **גרמו לו להתמרמר**, והוא סירב לנסות שוב.
eminent	הפרופסורית **הבולטת** זכתה להכרה עולמית בזכות המחקר פורץ הדרך שלה.
enact	מועצת העיר החליטה **לחוקק** תקנה חדשה האוסרת סקייטבורדים במרכז העיר.
enclose	נא **לצרף** את קורות החיים שלך לחומרי הבקשה לעבודה.
enclosing	הגדר **סוגרת** את הגינה כדי למנוע כניסה של חיות בר.
enclosure	**השטח המגודר** של בעלי החיים בגן החיות שמר על הנמרים הרחק מהמבקרים.
encroach	הקניון החל **לפלוש** לשטחים הירוקים של השכונה.
endeavor	**המאמץ** שלהם להגיע לפסגת ההר נמשך שלושה שבועות מתישים.
engrave	הוא **חרט** את ראשי התיבות שלו על הטבעת הכסופה בעזרת כלי מיוחד.
ensue	אחרי ההחלטה השנויה במחלוקת של השופט, **פרץ** כאוס באצטדיון.
epitomize	הנכונות שלה לוותר על חופשות ולעזור לכל שכן **מייצגת** נדיבות אמיתית.
evocative	המוזיקה **המעוררת** הזכירה לה מיד את בית ילדותה.
evoke	התמונה הישנה **העלתה** זיכרונות מקיץ בחוף הים.
exert	היא **התאמצה** בכל כוחה כדי לדחוף את הדלת הכבדה ולפתוח אותה.
expatriate	**הגולה** האמריקאי התקשה להסתגל לחיים בטוקיו.
expedite	נוכל **לזרז** את המשלוח באמצעות תשלום עבור משלוח מהיר.
expend	המפעל **הוציא** את רוב התקציב שלו על ציוד בטיחות חדש בשנה שעברה.
exquisite	המסעדה הגישה מטבח צרפתי **מעודן** שהרשים את כל האורחים.
extrapolate	מדענים יכולים **לאמוד** את האקלים העתידי על סמך מגמות נצפות כיום.
fabricate	הוא **בדה** סיפור על מחלה כדי להימנע מהפגישה הקשה.
facilitate	תקשורת טובה **מסייעת** להבנה בין אנשים מתרבויות שונות.
fad	הצעצוע המסתובב היה **אופנה חולפת** שכולם רצו לזמן קצר.
feat	טיפוס להר האוורסט הוא **הישג** מרשים של סיבולת אנושית.
feign	היא **העמידה פנים** שהיא חולה כדי להימנע מהשיחה עם הבוס שלה.
figurative	כשהיא אמרה שהעולם לרגליה, היא השתמשה בשפה **ציורית**.
flagrant	חוסר הכבוד **הבוטה** שלו לכללים גרם לכולם לחוש אי נוחות עמוקה.
flattery	הוא השתמש **בחנופה** כדי לזכות באמונה, אבל היא ידעה טוב יותר.
flimsy	שקית הנייר **הרעועה** נקרעה כשהוא הכניס אליה קניות כבדות.
fluctuation	**חוסר היציבות** בשוק המניות הופך אותו למסוכן למשקיעים חרדים.
foil	אזעקת האבטחה **סיכלה** את תוכניתו של הפורץ לגנוב את הציור.
foremost	חינוך הוא **ראשון במעלה** בין סדרי העדיפויות שלנו לקהילה.
forerunner	עננים כהים הם לרוב **מבשר** לגשם כבד ולסופות.
formidable	המצודה **האדירה** עמדה על ראש הגבעה, ולא היה קל לתקוף אותה.
forsake	הוא **זנח** את עושרו כדי לחיות חיים פשוטים בהרים.
fraternal	הקשר **האחוותי** בין שני החברים נשאר בלתי ניתן לשבירה למרות המרחק.
fringes	האמן השאיר **שוליים** דקים של רווח לבן לאורך קצוות הציור.
frivolous	הוא בזבז כסף על רכישות **קלות דעת** כמו כריות נוי מיותרות.
frugal	הסבתא **החסכנית** שמרה כל פרוטה ועשתה שימוש חוזר בשקיות פלסטיק.
fume	**אדים** רעילים דלפו מארובת המפעל והרעילו את האוויר.
furnish	האוניברסיטה **רהטה** כל חדר במעונות במיטה ובשולחן כתיבה.
futile	הניסיונות שלהם להגיע לפסגה היו **חסרי תוחלת** בגלל הסופה.
gauge	**מד** הדלק הראה שהמכל כמעט ריק לפני הנסיעה.
genial	האישיות **הידידותית** שלו גרמה לכולם להרגיש רצויים במסיבה.
genus	האריה שייך **לסוג** פנתרה, הכולל חתולים גדולים.
gland	**בלוטת** התריס מווסתת את חילוף החומרים בגוף האדם.
glaze	האופה מרח **זיגוג** סוכר על הסופגניות לפני ההגשה.
goblet	היא לגמה יין **מגביע** קריסטל אלגנטי באיטיות.
granted (that)	**בהנחה** שתסיים מוקדם, עדיין נוכל לראות את הסרט.
gratify	עוגת השוקולד **סיפקה** את חשקה למתוק אחרי יום ארוך.
grievance	העובד הגיש **תלונה** נגד המנהל שלו על יחס לא הוגן.
grit	**החצץ** מהמדבר שרט את חלון המכונית קשות.
hail	המבקרים **שיבחו** את הסרט החדש כיצירת מופת קולנועית.
harness	מהנדסים למדו **לרתום** את אנרגיית הרוח כדי לייצר חשמל ביעילות.
hearsay	אני לא יכול להאמין לסיפור הזה כי הוא רק **שמועה**, לא הוכחה.
heed	כדאי **שתשים לב** לאזהרת מזג האוויר ותישאר בבית בבטחה.
hegemony	האימפריה העתיקה השיגה **הגמוניה** מלאה על כל הממלכות והשבטים השכנים.
herald	אור הבוקר **בישר** את תחילתו של יום חדש.
heredity	**תורשה** קובעת רבים ממאפיינינו הפיזיים, כמו צבע העיניים.
heresy	הממסד המדעי התייחס פעם לתאוריה הרדיקלית שלו **ככפירה**.
hinder	הערפל הסמיך **מעכב** את הראות של הנהגים בכבישים המהירים.
icicle	**נטיפי קרח** ארוכים נתלו מהגג לאחר שירד גשם קפוא.
immersion	**הטבילה** במים הקרים זעזעה את הגוף שלו עמוקות.
impart	מורים **מקנים** ידע לתלמידים באמצעות הרצאות ודיונים.
impartially	השופט הקשיב **באופן הוגן** לשני הצדדים בתיק.
implicate	הראיות **מסבכות** אותו ישירות בשוד.
implore	היא **הפצירה** בו לסלוח לה על הטעות החמורה.
inadvertently	הוא לחץ שלח **בלי משים** לפני שסיים לכתוב את המייל.
incidence	**התדירות** של השפעת עולה בכל חורף באזורים קרים.
incline	**השיפוע** התלול במעלה ההר השאיר אותנו מותשים לגמרי.
inconspicuous	היא לבשה בגדים אפורים **לא בולטים** כדי שאף אחד לא ישים לב אליה.
industrious	התלמידה **החרוצה** למדה עד השעות המאוחרות כל לילה לקראת המבחן.
infancy	החברה עדיין הייתה **בינקותה** כשהמשקיעים החלו לקנות מניות.
infraction	**עבירת** חניה עלולה לעלות לך קנס של חמישים דולר.
inhabit	לטאות מדבר **גרות** באזורים סלעיים שבהם הן מוצאות מחסה.
inherent	עקשנות היא תכונה **טבועה** בקו המשפחה שלו.
innate	למוזיקאים יש לעיתים קרובות חוש קצב **מולד** מלידה.
instill	מורים טובים **משרישים** ביטחון בתלמידיהם במהלך השיעור.
insurmountable	הבעיה נראתה כאילו **אי אפשר להתגבר עליה**, עד שהצוות עבד יחד.
insurrection	**ההתקוממות** אילצה את הממשלה לזמן חיילים.
interjection	**ההערה** הגסה שלו באמצע הישיבה הרגיזה את כל הנוכחים.
interminable	הנאום **הנצחי** גרם לקהל לבדוק את השעונים שלהם.
invariably	היא **תמיד** מגיעה לעבודה לפני כל אחד אחר.
invertebrate	תמנון הוא בעל חיים **חסר חוליות** ללא עמוד שדרה שיכול להידחק דרך מקומות צרים.
jagged	הסלעים **המשוננים** לאורך החוף עלולים לפצוע את כפות הרגליים שלך.
keep	עליך **לשמור** את המסמכים האלה במקום בטוח.
keystone	אמון הוא **אבן המפתח** שמחזיקה כל חברות יחד.
lackluster	האוכל **חסר הברק** של המסעדה היה כה תפל וחסר חיים שאף אחד לא סיים אותו.
lamentable	הביצוע **המצער** שלה במחזה בית הספר איכזב את הוריה התומכים.
lapse	**רגע של שכחה** גרם לו לשכוח את שם חברו הטוב ביותר.
laud	המאמן **ישבח** את העבודה הקשה של הקבוצה במהלך האימון.
legible	כתב היד שלך חייב להיות **קריא** כדי שהמורה יוכל לבדוק אותו.
leisurely	הם יצאו לטיול **נינוח** בפארק אחרי ארוחת הערב.
leniency	השופט הפגין **ותרנות** בכך שהקטין את עונש המאסר שלו.
limber	ספורטאים חייבים להישאר **גמישים** באמצעות מתיחות בכל יום.
lineage	**שושלתו** מתחקה עד למלוכה בסקוטלנד.
loathe	אנשים רבים **מתעבים** את מראה הנחשים בבתיהם.
lucrative	העסקה **הרווחית** הזאת עשתה אותה עשירה תוך שנה.
manifestation	חום הוא לרוב **ביטוי** של הצטננות רגילה.
maritime	חוק **ימי** מסדיר את כל הפעילויות המתרחשות בים.
markedly	מצב הרוח שלה השתפר **בצורה ניכרת** אחרי שקיבלה חדשות טובות.
marsupial	קנגורו הוא **חיית כיס** שנושאת את גוריה בכיס על בטנה.
mediate	עורך דין **יתווך** בין שני שותפי העסק הכועסים.
meticulous	הצייר **הקפדני** בילה שבועות בשכלול כל פרט קטן.
misconception	**דעה מוטעית** נפוצה היא שסוכר גורם לילדים להיות פעלתניים.
mitigate	פעילות גופנית יכולה **למתן** את השפעות הלחץ על הגוף שלך.
momentous	היום שבו סיימתי את הלימודים היה **הרה גורל** עבור כל משפחתי.
morose	הגישה **הקודרת** שלו הפכה אותו ללא פופולרי בקרב עמיתיו לעבודה.
myriad	יש סיבות **רבות** לכך שאנשים נהנים לקרוא ספרים.
nationalize	הממשלה החליטה **להלאים** את תעשיית הפלדה הכושלת.
negligence	**רשלנות** הנהג גרמה לתאונה שפצעה שלושה אנשים.
negligible	כמות המלח במרק הזה **זניחה**.
nestle	החתול בחר **להתכרבל** אל השמיכה החמה.
nocturnal	ינשופים הם ציפורים **ליליות** שצדות רק בשעות הלילה.
notwithstanding	**למרות** גילו, הוא עדיין שיחק בספורט מדי שבוע.
nourish	אוכל טוב **יזין** את גופך ויעזור לך לגדול.
nuisance	הכלב הנובח הזה הוא **מטרד** לכל השכונה.
numerator	**המונה** בשבר הוא תמיד המספר שנמצא למעלה.
obedience	הוריו דרשו **ציות** מלא לכל כללי הבית.
obedient	ילד **צייתן** מקשיב למה שהוריו אומרים לו.
obscure	הלהקה **הלא ידועה** הזאת מנגנת רק במועדונים מקומיים קטנים.
obstinate	הוא היה **עקשן** וסירב להקשיב לכל עצה.
ode	המשורר כתב **שיר הלל** ליופיה של הטבע.
officiate	השופט **יערוך** את טקס החתונה בשבת הקרובה.
omission	**ההשמטה** של שמך הייתה בבירור טעות דפוס.
omit	זכור **להשמיט** את המלח אם האורחים שלך מעדיפים פחות.
omniscient	המספר הכל-**יודע** ברומן ההוא ידע את כל הסודות.
oppressive	הבוס **האכזרי** שלה השפיל עובדים מול כל המשרד.
outspoken	היא **דיברה בגלוי** על אי ההסכמה שלה עם המדיניות.
overhaul	החברה מתכננת **לשפץ** מחדש את שירות הלקוחות שלה בחודש הבא.
owing to	הטיסה התעכבה **בגלל** סופות שלג כבדות.
paramount	בטיחות המזון היא **בעלת חשיבות עליונה** כשמכינים ארוחות עבור אחרים.
pastime	**התחביב** האהוב עליה היה קריאת ספרי מתח בסופי שבוע.
pasture	החקלאי הוביל את הבקר שלו אל **האחו** הירוק.
peddler	**הרוכל** ברחוב מכר תכשיטים ופריטי זיכרון לתיירים.
penned	הסופר **כתב** את הרומן בתוך שלושה חודשים בלבד.
perch	הציפור מצאה **מקום לנוח עליו** על חוט הטלפון.
perpetually	נראה שלחנות הזאת יש **כל הזמן** מבצעים על המוצרים שלה.
perpetuate	רשתות חברתיות נוטות **להנציח** סטריאוטיפים מזיקים על אנשים.
persecution	**רדיפה** פוליטית אילצה פעילים רבים לברוח מארץ מולדתם בסתר.
pervasive	הגישה **המתפשטת** הזאת של עצלות משפיעה על החברה כולה.
plausible	התירוץ שלו לאיחור היה **סביר** ואמין.
playwright	**המחזאית** כתבה שלוש קומדיות מצליחות במהלך הקריירה שלה.
plight	נפגעי השיטפון היו **במצוקה** קשה בלי מזון ומחסה.
plummet	מחירי המניות **צנחו** אחרי שהחברה הודיעה על חדשות רעות.
poacher	**הצייד** הבלתי מורשה נעצר על ציד פילים באופן לא חוקי.
poignant	לסרט היה קטע **נוגע ללב** שגרם לאנשים לבכות.
populous	טוקיו היא עיר **מאוכלסת בצפיפות** עם יותר משלושה עשר מיליון תושבים.
postage	**דמי משלוח** לדואר בינלאומי עולים הרבה יותר מדואר מקומי.
posterity	הוא קיווה שיצירותיו הגדולות ימשיכו לחיות בזיכרון **הדורות הבאים**.
pothole	**הבור** בכביש פגע בגלגל של המכונית שלה בזמן סופת הגשם.
poultry	תרנגולות, תרנגולי הודו וברווזים הם סוגים נפוצים של **עוף** שמגדלים בחוות.
predecessors	המנכ"לית החדשה תיקנה את הטעויות של **קודמיה**.
predestined	יש אנשים שמאמינים **שנקבע מראש** שניפגש עם אנשים מסוימים בחיים.
preside	ראש העיר **ינהל** את ישיבת מועצת העיר מחר אחר הצהריים.
pretext	הוא השתמש בישיבת עבודה **כאמתלה** כדי להתחמק מהארוחה.
prevalence	**השכיחות** של הסמארטפונים שינתה את האופן שבו אנשים מתקשרים.
proliferate	סיפורים מזויפים **מתפשטים במהירות** ברשתות החברתיות בלי בדיקת עובדות.
prolific	הסופר **הפורה** פרסם חמישה רומנים בשלוש השנים האחרונות.
prompt	החדשות העצובות **גרמו** לו להתקשר לאמו מיד.
prompted	התאונה **הביאה לידי** תקנות בטיחות חדשות במפעל.
prop	היא השתמשה במטאטא כדי **להחזיק** את הדלת פתוחה כל אחר הצהריים.
proponent	היא **תומכת** באנרגיה מתחדשת ובאנרגיית שמש.
prowess	**המיומנות** שלו בשחמט הפכה אותו לאלוף הטורניר.
punctuate	עליך **לפסק** את המשפט הזה בנקודה בסופו.
quarrelsome	האופי **הוכחני** שלו הקשה עליו לשמור על חברים.
quench	כוס מים קרה יכולה **להרוות** את הצמא שלך בימים חמים.
rearing	**גידול** ילדים דורש סבלנות ואהבה מההורים שלהם.
reassurance	**ההרגעה** של הרופא עזרה להרגיע את הפחדים של המטופל.
rebuttal	**ההפרכה** שלו לביקורת הייתה מנומקת היטב ומשכנעת.
reciprocal	החברות **ההדדית** שלהם ניכרה באופן שבו כל אחד מהם דאג לשני.
reciprocate	כשמישהו עושה לך טובה, כדאי **לגמול** לו.
reconcile	אחרי הריב שלהם הם החליטו **להתפייס** ולהיות שוב חברים.
refute	המדען **הפריך** את הטענות השקריות בעזרת ראיות מוצקות.
reigned	המלך **שלט** חמישים שנה והיה אהוב על עמו.
reinvigorate	חופשה יכולה **לרענן** את הגוף והנפש שלך.
relapse	אחרי חודש של פיכחון הוא חווה **הישנות**.
relegated	השחקן **הורד** לספסל בגלל ביצועים חלשים.
render	המחלה **הפכה** אותו לבלתי מסוגל לעבוד במשך חודשים.
renown	**התהילה** שלה כפסנתרנית התפשטה ברחבי העולם.
resent	היא **חשה טינה** על כך שהוא מעולם לא עזר במטלות הבית.
respective	הקבוצות ניצחו **כל אחת** במשחק שלה בסוף השבוע האחרון.
respectively	ג'ון ומרי הם רופא ועורכת דין, **בהתאמה**.
resumption	**חידוש** השיעורים אחרי חופשת הקיץ היה קשה.
resurgence	חלה **תחייה** בהתעניינות בתקליטי ויניל.
revoke	הממשלה החליטה **לשלול** את רישיון הנהיגה שלו אחרי התאונה.
rotary	החוגה **הסיבובית** בטלפון הישן הייתה איטית לשימוש.
rudimentary	הידע **הבסיסי** שלו בצרפתית הספיק לתיירים.
sarcophagus	**ארון הקבורה** הקדום של המלך התגלה בתוך הקבר.
scales	**הקשקשים** של הדג שיקפו אור בזמן שהוא שחה במים.
scorn	הוא הביט בקבצן **בבוז** והלך משם.
scribe	בימי קדם, **לבלר** כתב מסמכים בכתב יד.
scrutinize	היא **תבחן** כל פרט בחוזה לפני שתחתום.
sensations	כתבים עיוותו אירועים רגילים **לחדשות מרעישות** כדי למשוך יותר קוראים.
sheer	זה היה מזל **מוחלט** שהוא מצא את הארנק האבוד שלו.
shingles	**רעפי** הגג ניזוקו בסערה.
shroud	**עטיפת** ערפל סמיכה כיסתה את העיר בשעות הבוקר המוקדמות.
slander	הפוליטיקאי תבע על **השמצה** אחרי ההאשמות השקריות.
slant	לגג יש **נטייה** שעוזרת למים להתנקז.
slate	הישיבה **נקבעה** ליום שלישי הבא בשעה שתיים.
smuggle	פושעים ניסו **להבריח** יהלומים דרך הגבול.
snarl	הכלב התחיל **לנהום** כשהזר התקרב.
snicker	התלמידים היו **מגחכים** בכל פעם שהמורה טעה.
soar	הנשר **דאה** מעל ההרים בחיפוש אחר מזון.
solicit	העמותה **תבקש** תרומות ממשפחות עשירות.
solitude	היא נהנתה לבלות זמן **בבדידות** תוך קריאת ספרים.
speck	היה **גרגר** אבק זעיר על עדשת הטלסקופ.
spewing	הר הגעש **פלט** לבה בעוצמה על הכפרים הסמוכים.
splendor	הארמון הישן היה מלא **פאר**, מתקרות זהב ועד רצפות שיש.
sprang	הוא **זינק** על רגליו כששמע את האזעקה.
sprawling	העיר **המשתרעת על שטח נרחב** כיסתה מאות מיילים רבועים.
staple	אורז הוא **מצרך** מזון יסודי במדינות רבות באסיה.
stark	האמת הייתה **בוטה** וקשה, אבל הם היו צריכים לשמוע אותה.
stature	**קומתו** הנמוכה גרמה לו להיראות צעיר יותר משהיה באמת.
staunch	הוא היה תומך **נאמן** בתנועה הסביבתית.
streamlined	התהליך **היעיל והחסכוני** החדש חסך לחברה זמן וכסף.
stricken	היא הייתה **מוכת** צער כששמעה את החדשות.
strife	שני האחים סיימו שנים של **עימות** והפכו שוב לחברים קרובים.
stronghold	המבצר ההררי היה **מעוז** שהגן על העיר במשך מאות שנים.
subdue	המאלף השתמש בתנועות רגועות ויציבות כדי **להכניע** את הסוס המפוחד.
superfluous	הדוח כלל כל כך הרבה פרטים **מיותרים** שאף אחד לא סיים לקרוא אותו.
suppression	**דיכוי** הצחוק שלו במהלך הישיבה גרם לפניו להאדים.
susceptibility	**הרגישות** שלו להצטננויות הפכה את החורף לקשה מאוד.
susceptible	אנשים מעל גיל שישים **רגישים** יותר למחלות קשות.
swindler	**הרמאי** גנב כסף מקשישים במשך שנים.
syllable	המורה מחאה כף פעם אחת על כל **הברה** כשאמרה את המילה הארוכה.
taint	השערורייה **תכתים** את המוניטין והדימוי הציבורי שלו לתמיד.
tangible	התוצאות **המוחשיות** של עבודתה הקשה היו הגביעים על המדף שלה.
tentative	הם גיבשו תוכנית **זמנית** אבל היו מוכנים לשנות אותה במידת הצורך.
thereby	הוא עבד קשה, **ובכך** זכה בכבוד של משפחתו.
thimble	היא השתמשה **באצבעון** מתכת כדי להגן על האצבע שלה בזמן התפירה.
thwart	תוכניות הבריחה שלו **סוכלו** בידי השומרים בשער הכלא.
tinker	היא בילתה שעות **בהתעסקות** עם המנוע הישן עד שהוא סוף סוף עבד.
tormented	החום הבלתי נסבל **ייסר** את המטיילים לאורך כל חציית המדבר הארוכה שלהם.
tranquilize	הווטרינר נאלץ **להרדים** את הכלב התוקפני לפני הבדיקה.
transcend	ההישגים שלה **מתעלים** על מה שכולם חשבו שאפשרי בגילה.
transpire	הכול **התרחש** בדיוק כפי שתכננו שבועות קודם לכן.
uncharted	הם הפליגו למים **לא ממופים** שאף ספינה אירופית לא הגיעה אליהם.
underlies	עצב עמוק **מונח ביסוד** ההופעה הציבורית העליזה וההומור שלו.
unpardonable	הבגידה באמון של חברו הטוב ביותר הייתה **בלתי נסלחת** והרסה את חברותם לחלוטין.
upheaval	החברה עברה **מהפך** אדיר כשהמייסד התפטר בפתאומיות.
uphold	בית המשפט **תמך** בהחלטה המקורית כי הראיות היו ברורות.
upholstery	לספה הישנה נדרש **ריפוד** חדש כי הבד היה קרוע.
uproar	כשהשערורייה התפוצצה, הייתה **מהומה** בכל העיר.
usher	**סדרן** הראה לנו את המקומות שלנו לפני שההופעה החלה.
utter	היא לא **ביטאה** מילה אחת במהלך כל הישיבה.
veracity	כתבים בדקו את **אמיתות** טענותיו לפני שפרסמו את הכתבה.
vertebrate	בני אדם הם **בעלי חוליות** עם מערכת מורכבת של עצמות ומפרקים.
vibrant	הצבעים **התוססים** של השקיעה מילאו את השמיים בסגול וכתום.
vie	ספורטאים **מתחרים** על מדליות זהב ועל ההזדמנות לייצג את מדינתם.
vigorously	היא לחצה את ידו **במרץ** וברכה אותו לתוכנית.
vocation	הוראה תמיד הייתה **המקצוע** שלה והיא אוהבת לעבוד עם ילדים.
vociferous	הקהל **הקולני** מחוץ לבניין הביע את כעסו בבירור רב.
well	החקלאים חפרו **באר** כדי לקבל מים לבעלי החיים ולשדות שלהם.
withhold	בעל הדירה החליט **לעכב** את הפיקדון עד שהתשלום עבור התיקונים יבוצע.
wrought	השער היפה **חושל** בידי אומן מיומן לפני עשרות שנים.
zealot	**הקנאי** לכושר רץ עשרה מיילים בכל יום בלי לפספס אף פעם.
